swarm_size,trial,handshake_latency_ms
10,0,2.5780416118295344
10,1,2.6815231448945838
10,2,2.564060723587512
10,3,2.556051544309698
10,4,2.729718050751314
10,5,2.536060219025413
10,6,2.543663879372658
10,7,2.753419696049521
10,8,2.5572748114640884
10,9,2.519162470650125
10,10,2.5538110148114144
10,11,2.512583342705324
10,12,2.563654795145153
10,13,2.513869734336725
10,14,2.564624264439066
10,15,2.5286130655820913
10,16,2.496644328761566
10,17,2.5904953067379535
10,18,2.5106517640678327
10,19,2.5285079550189002
10,20,2.5767634197846356
10,21,2.4485820331525874
10,22,2.636777629979948
10,23,2.609606369911983
10,24,2.529873291558269
10,25,2.563119342218547
10,26,2.4785974347809376
10,27,2.5794745910587102
10,28,2.5262256695178054
10,29,2.5242865579321934
10,30,2.571229926280668
10,31,2.6750350818041473
10,32,2.4720460253579146
10,33,2.4509540963004546
10,34,2.507702735668613
10,35,2.6168671977779003
10,36,2.6949382639211725
10,37,2.7054224721799534
10,38,2.630164940347579
10,39,2.527775883417816
10,40,2.579896715319538
10,41,2.6004236120945023
10,42,2.6601527566507985
10,43,2.507606459967003
10,44,2.615768048731281
10,45,2.523598643543979
10,46,2.564439167389397
10,47,2.5752049934514973
10,48,2.569598850579231
10,49,2.554260076700079
10,50,2.606172399950644
10,51,2.707148968536933
10,52,2.5682166489685705
10,53,2.5286575125327184
10,54,2.4639983983114706
10,55,2.6584504829617677
10,56,2.6169857051217758
10,57,2.541104045892901
10,58,2.5365743826674816
10,59,2.5690332346058735
10,60,2.5104417485567367
10,61,2.6036843214147316
10,62,2.6216684178517498
10,63,2.5667560618359633
10,64,2.607815611024149
10,65,2.569409918242398
10,66,2.527298627784099
10,67,2.5537901536293957
10,68,2.5311931807326387
10,69,2.454410706394414
10,70,2.6423078073972333
10,71,2.522165220336663
10,72,2.63200985558055
10,73,2.507895753753659
10,74,2.4790513843957407
10,75,2.429262285503015
10,76,2.6026681010077946
10,77,2.6643914436145186
10,78,2.481195051811314
10,79,2.5499590353064634
10,80,2.6382233549881007
10,81,2.5326916398434705
10,82,2.4950022285118876
10,83,2.5012637064938543
10,84,2.6179992517967454
10,85,2.569174415563095
10,86,2.5668392583900235
10,87,2.603674256918641
10,88,2.5296057484856873
10,89,2.5302835575468277
10,90,2.5325572064176334
10,91,2.6285742143533213
10,92,2.5258339999701116
10,93,2.6203608915937693
10,94,2.4921434759014542
10,95,2.5636410779451113
10,96,2.6119750879111163
10,97,2.4856261630650165
10,98,2.67799163553355
10,99,2.5579108212493202
10,100,2.5417602042179332
10,101,2.532187523461034
10,102,2.685665608257698
10,103,2.5713576125962905
10,104,2.5180386507299057
10,105,2.4191582166972223
10,106,2.595159430814966
10,107,2.5907563046605
10,108,2.5418039365334217
10,109,2.541571700887558
10,110,2.5257779189179894
10,111,2.5942505157202045
10,112,2.4485058621970737
10,113,2.5517430419611613
10,114,2.616486510273918
10,115,2.616451324369185
10,116,2.60295428400758
10,117,2.4692101327461162
10,118,2.6207673113186702
10,119,2.510096491924298
10,120,2.6631754260155605
10,121,2.5889798673971125
10,122,2.5160597478134763
10,123,2.4675169484975874
10,124,2.4363209525019984
10,125,2.6140611308273525
10,126,2.604048087315581
10,127,2.6362993315583636
10,128,2.580621729886653
10,129,2.626703441245643
10,130,2.6766172927924994
10,131,2.5670036411000763
10,132,2.504814983744634
10,133,2.5760469799264114
10,134,2.582669438774422
10,135,2.5218613383106216
10,136,2.604633801296639
10,137,2.4682721674517727
10,138,2.6122704589989603
10,139,2.523150172275346
10,140,2.511339853210001
10,141,2.63879668477943
10,142,2.4788095169156996
10,143,2.514589008962589
10,144,2.527355764033982
10,145,2.6542781108794458
10,146,2.5866661926115793
10,147,2.608987027041268
10,148,2.5900107817240747
10,149,2.562301471694927
10,150,2.465845618141014
10,151,2.5175468467815874
10,152,2.555719391925219
10,153,2.595421372054614
10,154,2.542953235027208
10,155,2.425314853862591
10,156,2.5385589977237517
10,157,2.471806231832929
10,158,2.804806510581447
10,159,2.6392307119662433
10,160,2.5796096902085015
10,161,2.5995045177461025
10,162,2.6917705165585986
10,163,2.643312797490774
10,164,2.598958387012745
10,165,2.7242090886279424
10,166,2.670086344111696
10,167,2.497509355813608
10,168,2.4926810203791683
10,169,2.4160337416165687
10,170,2.577092677231009
10,171,2.601802659553697
10,172,2.4605282827667914
10,173,2.439786442195999
10,174,2.581182737357862
10,175,2.5243875663878272
10,176,2.5319107201258575
10,177,2.4153952600477733
10,178,2.5990213379580385
10,179,2.4650738165028474
10,180,2.4809978085313613
10,181,2.578813527697779
10,182,2.5677057959318255
10,183,2.6129235766270296
10,184,2.5670732547401705
10,185,2.5647741529758084
10,186,2.598995491008996
10,187,2.459392800623654
10,188,2.612143446770538
10,189,2.5642259512309273
10,190,2.631449529760291
10,191,2.537278638434599
10,192,2.5126280242979404
10,193,2.4730594135134147
10,194,2.393972511241772
10,195,2.51464370146671
10,196,2.562096317367075
10,197,2.5149137577346723
10,198,2.6524068224807036
10,199,2.5058703688341213
10,200,2.4936741774230327
10,201,2.6746216372053944
10,202,2.568891802519483
10,203,2.463908860190632
10,204,2.5556437510651313
10,205,2.72094549685536
10,206,2.5283657432317845
10,207,2.4813775137018546
10,208,2.5923590373712067
10,209,2.585517908173802
10,210,2.534667045053668
10,211,2.6621752401393377
10,212,2.5013983362749426
10,213,2.5449430917571676
10,214,2.5543629901076312
10,215,2.480878534480256
10,216,2.561567838691425
10,217,2.6068321086922
10,218,3.528968965035962
10,219,2.5010055418433077
10,220,2.5007502230044216
10,221,2.430237603956746
10,222,2.5630745212117603
10,223,2.536794760379503
10,224,2.614118236873964
10,225,2.4695753561342917
10,226,2.470658825157107
10,227,2.6926236427452723
10,228,2.504066905172225
10,229,2.615808055601799
10,230,2.5149322249971022
10,231,2.465291131653956
10,232,2.469486014880134
10,233,2.657886134695319
10,234,2.5584446772942826
10,235,2.3584925470265152
10,236,2.5302413758027162
10,237,2.6042900078785975
10,238,2.5646270773718745
10,239,2.55815533468309
10,240,2.5670219535638052
10,241,2.562237621293392
10,242,2.498055241832977
10,243,2.604724575267211
10,244,2.5400782409949496
10,245,2.4068220551261046
10,246,2.5900288612337365
10,247,2.6005178253688754
10,248,2.4805689794695414
10,249,2.508306650072684
10,250,2.534361732436134
10,251,2.691934934781671
10,252,2.4961140422690833
10,253,2.7297865009428364
10,254,2.594360518302223
10,255,2.448885925520187
10,256,2.535677423304969
10,257,2.5123237203483297
10,258,2.4631086279270398
10,259,2.5155676956091035
10,260,2.463373961809655
10,261,2.4141270100939547
10,262,2.5713601620786926
10,263,2.5592942933287572
10,264,2.556428795064893
10,265,2.4961341875457514
10,266,2.6702896747415963
10,267,2.544800558715065
10,268,2.5656621336559966
10,269,2.4638552499368442
10,270,2.4762480692838578
10,271,2.492616501019909
10,272,2.5720782552823303
10,273,2.6003810617937106
10,274,2.641498929558457
10,275,2.6054904127532295
10,276,2.6103287678497256
10,277,2.7080053103728177
10,278,2.4670854892806986
10,279,2.6312444142928584
10,280,2.51477998297336
10,281,2.55973376102332
10,282,2.560441917659391
10,283,2.6240201578686224
10,284,2.634057846803724
10,285,2.5047899828909657
10,286,2.5059628004249057
10,287,2.552114608776234
10,288,2.5183101047137573
10,289,2.5914833423864074
10,290,2.580288672493117
10,291,2.6341305206639074
10,292,2.5385188405871175
10,293,2.5903755965514703
10,294,2.5120761378365684
10,295,2.5232094357356396
10,296,2.574575035527433
10,297,2.7026361885046737
10,298,2.5386667465138335
10,299,2.49894990023849
10,300,2.539403440289831
10,301,2.5222912196598184
10,302,2.6026170991910704
10,303,2.6024853500690566
10,304,2.5690162998700066
10,305,2.635502278757801
10,306,2.6379488711822803
10,307,2.562040283981383
10,308,2.6778138624165906
10,309,2.4676303203301346
10,310,2.603914998266893
10,311,2.6806587052843764
10,312,2.645814392299939
10,313,2.5269683551166238
10,314,2.651430983380505
10,315,2.549227254348043
10,316,2.5616813159392953
10,317,2.556852961307472
10,318,2.569046009121656
10,319,2.6772819203379696
10,320,2.5721136426156037
10,321,2.641076779926646
10,322,2.4854131429645543
10,323,2.5150372568865973
10,324,2.6139074881596795
10,325,2.69275448590602
10,326,2.5705652496512137
10,327,2.553756169810955
10,328,2.5101195972625883
10,329,2.5767187030986505
10,330,2.5597878269820327
10,331,2.5600079904101376
10,332,2.7060901544357936
10,333,2.521420849119891
10,334,2.6351289142500427
10,335,2.5137383795291757
10,336,2.531744110135906
10,337,2.542398333393761
10,338,2.5290753910152866
10,339,2.4961248280891857
10,340,2.548652073124747
10,341,2.4742701073703537
10,342,2.5552844427091648
10,343,2.470482955780989
10,344,2.6637077089994765
10,345,2.5271206485798254
10,346,2.647462744120212
10,347,2.4410583399187695
10,348,2.6030329184270085
10,349,2.4925225033609566
10,350,2.470233610012796
10,351,2.531714226706905
10,352,2.585784520394557
10,353,2.6152134176657054
10,354,2.5421758877572302
10,355,2.6305411787086395
10,356,2.5251263765545633
10,357,2.7487217773771144
10,358,2.59810144808848
10,359,2.607663400290037
10,360,2.463545693121067
10,361,2.7236037237898656
10,362,2.650134850354194
10,363,2.6086923644270628
10,364,2.440922888477842
10,365,2.659658535456555
10,366,2.6319645046655324
10,367,2.5161639342866287
10,368,2.526873979755743
10,369,2.6509760866994987
10,370,2.486021959898426
10,371,2.536968181032981
10,372,2.725037448695189
10,373,2.5761854480500235
10,374,2.544720926212039
10,375,2.6337427525342396
10,376,2.666176829634396
10,377,2.5493747325160707
10,378,2.561941212342672
10,379,2.600591490765469
10,380,2.6237686863267635
10,381,2.522569555258406
10,382,2.651349524867151
10,383,2.514956432448373
10,384,2.5056821000978067
10,385,2.552832656827555
10,386,2.547352665410601
10,387,2.535985325676578
10,388,2.5386388943414078
10,389,2.628005488746179
10,390,2.4846883658482892
10,391,2.5664622848788974
10,392,2.6489252264152388
10,393,2.5255662424711582
10,394,2.601077647805912
10,395,2.477870736121533
10,396,2.4998922451919046
10,397,2.547753531681858
10,398,2.5951859598831244
10,399,2.545058019624888
10,400,2.494320966920198
10,401,2.576892514171868
10,402,2.494573842822949
10,403,2.4563524655173943
10,404,2.572696922794669
10,405,2.528024008796043
10,406,2.5507290301594976
10,407,2.477988960781358
10,408,2.5873980381308583
10,409,2.613423661295733
10,410,2.398557698896779
10,411,2.5444067542588926
10,412,2.5973820992102494
10,413,2.529715039728348
10,414,2.593295627107932
10,415,2.50347829436121
10,416,2.5854775717336484
10,417,2.5627142058472754
10,418,2.5496566619996175
10,419,2.630852560344135
10,420,2.616742316055523
10,421,2.6023606740897893
10,422,2.6957210257943074
10,423,2.4457707176816776
10,424,2.530550359207219
10,425,2.6820637929593807
10,426,2.536268752636893
10,427,2.610928676726434
10,428,2.6179353593137824
10,429,2.680979097655671
10,430,2.5921228349734813
10,431,2.487343385899652
10,432,2.5734099792770424
10,433,2.627317746935728
10,434,2.6936135005106765
10,435,2.6463199511986177
10,436,2.5766662424784768
10,437,2.474901729759072
10,438,2.6692887159101004
10,439,2.558948868742786
10,440,2.606769372973216
10,441,2.5917675645680265
10,442,2.701350722680066
10,443,2.7085565609332094
10,444,2.5573069619045303
10,445,2.6103481265836304
10,446,2.4552963915586608
10,447,2.5019247170728454
10,448,2.5804910954308213
10,449,2.5951906128294886
10,450,2.6908451110901623
10,451,2.56673110368582
10,452,2.69480892132202
10,453,2.6154982047734707
10,454,2.5224256929971456
10,455,2.559432240545868
10,456,2.6563336971335203
10,457,2.511882753979503
10,458,2.5192896593718435
10,459,2.54221112024029
10,460,2.635172637596966
10,461,2.5987540476796362
10,462,2.6061033762369497
10,463,2.5610281515171227
10,464,2.4826822755185196
10,465,2.6042382118596574
10,466,2.551760338653446
10,467,2.5372167425490457
10,468,2.6171320831037246
10,469,2.519596303470788
10,470,2.5440524722357187
10,471,2.4986769631107437
10,472,2.5680913912727465
10,473,2.5562778787115508
10,474,2.560025510591072
10,475,2.494581246648697
10,476,2.5642349641678805
10,477,2.7598938934355526
10,478,2.440923296535786
10,479,2.568395444713434
10,480,2.493766653992289
10,481,2.5981834505258483
10,482,2.5018843512835494
10,483,2.4866560855924082
10,484,2.649882182173696
10,485,2.4695990741130984
10,486,2.6220571534906756
10,487,2.6077648377235136
10,488,2.5390693249197693
10,489,2.476430486727195
10,490,2.4471364621539324
10,491,2.581393790676085
10,492,2.441308669958679
10,493,2.6490513593665646
10,494,2.519019014093685
10,495,2.554891201235553
10,496,2.5854072299486126
10,497,2.4907263367460306
10,498,2.592734796399936
10,499,2.492657427233135
20,0,2.7138608744761963
20,1,2.638588681601941
20,2,2.5567953562443835
20,3,2.508028146225848
20,4,2.495806809418955
20,5,2.499750852962109
20,6,2.5892350491717604
20,7,2.809033720532622
20,8,2.562413927032818
20,9,2.5440029625487663
20,10,2.716364796410646
20,11,2.5595967725723656
20,12,2.675172463336121
20,13,2.594805579158798
20,14,2.4600412366789715
20,15,2.6192180697414207
20,16,2.5752922093726998
20,17,2.5355084085549704
20,18,2.5925804128386902
20,19,2.551397665424018
20,20,2.634774905218842
20,21,2.7427942247706714
20,22,3.5401332197165805
20,23,2.560433321036905
20,24,2.6251836347624224
20,25,2.4994998280864444
20,26,2.605585992547694
20,27,2.822908375322608
20,28,2.4706146171983905
20,29,2.513770346818244
20,30,2.6188945989191605
20,31,2.5438315381928023
20,32,2.5279242166509808
20,33,3.576152323460942
20,34,2.4442828029968044
20,35,2.6263361547279707
20,36,2.4808307871806443
20,37,2.4602095445786722
20,38,2.6283966326112487
20,39,2.5116404431156227
20,40,2.422357505193645
20,41,2.738606840953525
20,42,2.7198128240798023
20,43,2.6488862655411722
20,44,2.585880673307825
20,45,2.5673894080274633
20,46,2.498348591849154
20,47,2.4124591576262437
20,48,2.5085756192454296
20,49,2.841001602565359
20,50,2.58581613915218
20,51,2.5462938662667343
20,52,2.626478691316722
20,53,2.590037052999844
20,54,2.7343252716683955
20,55,2.5208821638266463
20,56,2.7060454187896714
20,57,2.5219601939274137
20,58,2.553845632643806
20,59,2.6217139253598774
20,60,2.6364941029176605
20,61,2.5910027037144383
20,62,2.481697985567241
20,63,2.5239776807980725
20,64,2.5956147647645844
20,65,2.6672411874298856
20,66,2.559040157001531
20,67,2.642309168492308
20,68,2.5022587861805694
20,69,2.6460985223582147
20,70,2.5872896419727187
20,71,2.6569971422986853
20,72,2.6090552844492274
20,73,2.691438257088521
20,74,2.593619046407335
20,75,2.5932660173157185
20,76,2.6477537128895228
20,77,2.594922987825242
20,78,2.7612571479437493
20,79,2.600567230097709
20,80,2.682937169262633
20,81,2.6378721896523865
20,82,2.6920751561322027
20,83,2.5998545260673316
20,84,2.694598106375026
20,85,2.5334487684014806
20,86,2.4743308114529454
20,87,2.68639636581828
20,88,2.5544546026885633
20,89,2.6098347419681693
20,90,2.401103908268024
20,91,2.6646820903552086
20,92,2.6944356628072206
20,93,2.6852887677669854
20,94,2.701924310122284
20,95,2.692742651420741
20,96,2.726725832061077
20,97,2.5461405474128274
20,98,2.5555356038186674
20,99,2.6785464170959106
20,100,2.5284451679221362
20,101,2.4607333140003007
20,102,2.5187851788581983
20,103,2.62569312436267
20,104,2.6422967101469452
20,105,2.580512351284241
20,106,2.706948732376849
20,107,2.6026377819221715
20,108,2.635757856019275
20,109,2.5128424525759883
20,110,2.5725760132731104
20,111,2.7185147078382657
20,112,2.592659544069634
20,113,2.6131324115929737
20,114,2.5524204256289704
20,115,2.493059913126963
20,116,2.661754563912726
20,117,2.5833532632156
20,118,2.63953086678828
20,119,2.539054478579476
20,120,2.517027960508668
20,121,2.4959919851655514
20,122,2.564107185957247
20,123,2.6948164586182695
20,124,2.743636333255506
20,125,2.578792959307727
20,126,2.506857635370282
20,127,2.660344378613382
20,128,2.7073366011198003
20,129,2.5127210589195674
20,130,2.6660093144325896
20,131,2.6498284665454204
20,132,2.5271376715400713
20,133,2.5303942001226143
20,134,2.6339322094786652
20,135,2.5930231199025164
20,136,2.7053787699633762
20,137,2.542743517251085
20,138,2.685054368539713
20,139,2.833474142137877
20,140,2.683960079058329
20,141,2.679379863066767
20,142,2.5883977060357157
20,143,2.6529618057874393
20,144,2.6442185248689802
20,145,2.613454304548662
20,146,2.506023076139135
20,147,2.6319775784168336
20,148,2.5800848355980897
20,149,2.705605163661611
20,150,2.5458472374481054
20,151,2.504077075719931
20,152,2.613487845019917
20,153,2.680966263636553
20,154,2.6909739937113057
20,155,2.5730306252519553
20,156,2.66225022966336
20,157,2.3981692978654627
20,158,2.4951365816525404
20,159,2.518433661034571
20,160,2.6600688545987685
20,161,2.541782489428039
20,162,2.5673721174359825
20,163,2.607007928984401
20,164,2.5677508733223817
20,165,2.638063111338361
20,166,2.593206082463291
20,167,2.469566782312211
20,168,2.676407889172476
20,169,2.652219917432269
20,170,2.6394567779639813
20,171,2.9711355707927556
20,172,2.5436617461208177
20,173,2.6819115396916597
20,174,2.5422109108330644
20,175,2.461435798168284
20,176,2.763922277469643
20,177,2.588123581973601
20,178,2.3746920157337494
20,179,2.61299023843237
20,180,2.6190268567780537
20,181,2.618255174318223
20,182,2.4919792030104433
20,183,2.5721890358165105
20,184,2.5783702410781997
20,185,2.4652653697862514
20,186,2.6016886689065557
20,187,2.6287315258901574
20,188,2.51275609934932
20,189,2.674253491400098
20,190,2.6436223325375807
20,191,2.48644655730024
20,192,2.681609646495815
20,193,2.4866981879880177
20,194,2.668630539998831
20,195,2.5497876477891754
20,196,2.523751799973499
20,197,2.5671078708275954
20,198,2.6444990463712785
20,199,2.6150886411665657
20,200,2.6435389214561607
20,201,2.5933049560220303
20,202,2.621044112920583
20,203,2.61228054136997
20,204,2.524818942355397
20,205,2.5023512924721913
20,206,2.6179837085085698
20,207,2.448765384227481
20,208,2.6156659101506157
20,209,2.543749355063148
20,210,2.581465912315904
20,211,2.5990180487384316
20,212,2.496592492621087
20,213,2.578384451183923
20,214,2.604998171689315
20,215,2.6209201776797246
20,216,2.434565803102123
20,217,2.6679647125275143
20,218,2.6287931265090574
20,219,2.5426149083857794
20,220,2.7164557944946695
20,221,2.6139018717481797
20,222,2.470749827985417
20,223,2.4888979007705716
20,224,2.4988428338192543
20,225,2.592273193675242
20,226,2.583482351480624
20,227,2.6251669294102298
20,228,2.658248005756055
20,229,2.618095971549979
20,230,2.635675547224554
20,231,2.5843118148999404
20,232,2.7660697296111922
20,233,2.614198082647545
20,234,2.5389252680707344
20,235,2.469122618792557
20,236,2.5100882955699224
20,237,2.5815181611789377
20,238,2.806535802000931
20,239,2.7523388082008076
20,240,2.5550539187330816
20,241,2.5340776897046955
20,242,2.493364446394293
20,243,2.5004760317486854
20,244,2.4823209546069886
20,245,2.6123519633832406
20,246,2.4775811738794236
20,247,2.608071897406048
20,248,2.4824019436897795
20,249,2.55079984357584
20,250,2.5529150474867848
20,251,2.4302100412633623
20,252,2.7822210248607115
20,253,2.6196571511882145
20,254,2.529946817946984
20,255,2.488665680074312
20,256,2.5303382959860152
20,257,2.5528884477054006
20,258,2.713574263778586
20,259,2.5255582910062406
20,260,2.5868394511737978
20,261,2.5622322185038193
20,262,2.4932842556884443
20,263,2.5254987670076012
20,264,2.6105243267765874
20,265,2.570647327210452
20,266,2.675468839002044
20,267,2.5429037766981724
20,268,2.52396025244314
20,269,2.7618215188007325
20,270,2.519698423793257
20,271,2.5687055701932
20,272,2.5471833234147634
20,273,2.637401847923575
20,274,2.532954810418295
20,275,2.563128764587197
20,276,2.6456716936300313
20,277,2.574758347909018
20,278,2.680626127147833
20,279,2.6501863082031503
20,280,2.537697142810953
20,281,2.7027581968181495
20,282,2.5828495195640175
20,283,2.7103357214970023
20,284,2.660316678784927
20,285,2.6240564820808703
20,286,2.5870870586875157
20,287,2.5110806916527366
20,288,2.415523988984999
20,289,2.6169381429617915
20,290,2.5822830924605755
20,291,2.616920475930352
20,292,2.788058991864845
20,293,2.489324219407547
20,294,2.595990437527955
20,295,2.6376329648484242
20,296,2.5189532211257046
20,297,2.6251312236035758
20,298,2.5538060681711587
20,299,2.5438142864037525
20,300,2.544744877261097
20,301,2.583867287411848
20,302,2.6397559886325888
20,303,2.5848140305960907
20,304,2.5738816293598976
20,305,2.4537837688895796
20,306,2.5212636613238164
20,307,2.660021631636644
20,308,2.6569289556103004
20,309,2.673634339094917
20,310,2.544186022413895
20,311,2.686229932140976
20,312,2.605770024566004
20,313,2.6660493288273175
20,314,2.572097435810765
20,315,2.5117209884426357
20,316,2.589457718734159
20,317,2.6567525962085905
20,318,2.570522378153149
20,319,2.6129778637801797
20,320,2.4972442653647433
20,321,2.636510027082992
20,322,2.7086829828608274
20,323,2.686375882051198
20,324,2.5326854708593944
20,325,2.6319448904825067
20,326,2.56424796650093
20,327,2.5123182385937777
20,328,2.6165868715961573
20,329,2.5781998769520413
20,330,2.5125316679175067
20,331,2.5999180631190857
20,332,2.5186329299188435
20,333,2.5260148739978234
20,334,2.541806747345419
20,335,2.5439184430116923
20,336,2.453403417588756
20,337,2.480777897378016
20,338,2.5361570451200417
20,339,2.616315955876114
20,340,2.5413963719546966
20,341,2.4938147492615013
20,342,2.518505167146086
20,343,2.6629918263893937
20,344,2.5884796548214943
20,345,2.4919914398211693
20,346,2.714805269987976
20,347,2.5467260754509855
20,348,2.6120695939850074
20,349,2.7674117856356886
20,350,2.705553452797554
20,351,2.4968325892136582
20,352,2.6088223960728336
20,353,2.549899979291879
20,354,2.5336023502957916
20,355,2.5293800644043776
20,356,2.6095907842150323
20,357,2.5785482639510273
20,358,2.5552428716132387
20,359,2.693828539017089
20,360,2.5958405908682733
20,361,2.5627283207709843
20,362,2.50707730201653
20,363,2.581835200753265
20,364,2.527569943244497
20,365,2.630441142133675
20,366,2.6968033545782597
20,367,2.4936218386251094
20,368,2.517465028627331
20,369,2.5327023374078443
20,370,2.6021745968586805
20,371,2.718365480320064
20,372,2.4830649605094637
20,373,2.6037242992681136
20,374,2.5060061413271346
20,375,2.6703913805137205
20,376,2.547496965483833
20,377,2.742198588389173
20,378,2.4791771570463697
20,379,2.7035126826493934
20,380,2.7859085509684567
20,381,2.621470205465719
20,382,2.5174225385430686
20,383,2.692696470932324
20,384,2.429606054405347
20,385,2.634290292321893
20,386,2.4948557926210513
20,387,2.6911317300999045
20,388,2.697365469696523
20,389,2.511318545779213
20,390,2.710805345016459
20,391,2.544285354019271
20,392,2.746671691605479
20,393,2.6019960672203757
20,394,2.6834520891185214
20,395,2.482436761007589
20,396,2.5598915127695454
20,397,3.737100152213199
20,398,2.6251593988678463
20,399,2.6476575805370803
20,400,2.487935080328632
20,401,2.695328488739747
20,402,2.578420234762829
20,403,2.5466788783110124
20,404,2.630929490491908
20,405,2.5969788910224296
20,406,2.4969785428057416
20,407,2.5195174718449023
20,408,2.643887709416884
20,409,2.5834134371613247
20,410,2.6988071086124545
20,411,2.5856328034938008
20,412,2.511802707583347
20,413,2.8281977985670115
20,414,2.4685824209053675
20,415,2.5488324015977604
20,416,2.4824829983986993
20,417,2.781471293760427
20,418,2.495636791786689
20,419,2.494921470609788
20,420,2.637190429174305
20,421,2.6896386797739833
20,422,2.6674444306411718
20,423,2.6295057458775544
20,424,2.569671766786065
20,425,2.5755005153941557
20,426,2.557187914120516
20,427,2.637286816177796
20,428,2.6555221191930043
20,429,2.5259313338398015
20,430,2.5753261348929164
20,431,2.5270703737420814
20,432,2.5228374995802514
20,433,2.8130043563648774
20,434,2.5098840680922763
20,435,2.678433197223288
20,436,2.5473534872690315
20,437,2.6141948859678616
20,438,2.5147351165744136
20,439,2.587077583110993
20,440,2.555809421493963
20,441,2.6283017019299715
20,442,2.6009978594149112
20,443,2.592249226358492
20,444,2.528428250232397
20,445,2.6520101263261733
20,446,2.5559188017190673
20,447,2.5935104373602527
20,448,2.59738815346318
20,449,2.4520134328458556
20,450,2.642413537792586
20,451,2.4924829581765597
20,452,2.606591795173121
20,453,2.656943653664551
20,454,2.558100722041856
20,455,2.6939395912209343
20,456,2.67577514851603
20,457,2.7562668604601512
20,458,2.4822865490759067
20,459,2.5778747798186994
20,460,2.771660324377638
20,461,2.5112060168696093
20,462,2.625347259252781
20,463,2.5875416409552874
20,464,2.5676201537769074
20,465,2.573973076017274
20,466,2.5632694313896285
20,467,2.5147857498409065
20,468,2.678272612727236
20,469,2.52848532046457
20,470,2.598650719138957
20,471,2.604823836565778
20,472,2.6123759590155595
20,473,2.746774465341099
20,474,2.5739182833805136
20,475,3.7810163217742043
20,476,2.497898343263071
20,477,2.6801316864083526
20,478,2.6926420374268374
20,479,2.6164601701327226
20,480,2.6232595440259776
20,481,2.652814378517002
20,482,2.5804855920249845
20,483,2.5426320190003016
20,484,2.5026054605254466
20,485,2.613337152692808
20,486,2.503976276422611
20,487,2.5850076635239074
20,488,2.633386376440805
20,489,2.630447212894672
20,490,2.596789957194881
20,491,2.7167290281756387
20,492,2.6352729384343503
20,493,2.634149345937208
20,494,2.5656677737229536
20,495,2.7561259395915947
20,496,2.5741200098157786
20,497,2.8205744917041913
20,498,2.5194726926224456
20,499,2.585808038824577
30,0,2.62322217993044
30,1,2.705984965681303
30,2,2.6146240342021305
30,3,2.6834374878084426
30,4,2.5624098528204122
30,5,2.6254545846920574
30,6,2.6061362046241707
30,7,2.5922628768520593
30,8,2.7862043494426345
30,9,2.5223348201999065
30,10,2.4977598886121015
30,11,2.6469804371108805
30,12,2.818392260446248
30,13,2.5955594473762136
30,14,2.4471192441551177
30,15,2.522478132753301
30,16,2.6366966724570355
30,17,2.589833324925577
30,18,2.769020694537251
30,19,2.9524585525641887
30,20,2.5877527629286217
30,21,3.0458625038542784
30,22,2.481951447470898
30,23,2.5785395439321195
30,24,2.576809281433111
30,25,2.60608115247296
30,26,2.534911588570975
30,27,2.8784035026411368
30,28,2.863848541787547
30,29,2.819457986452973
30,30,2.60122411170616
30,31,2.6484097984008512
30,32,2.5872778013808206
30,33,2.6820938551196987
30,34,2.6000154451542903
30,35,2.4064554737159933
30,36,2.7356363438311346
30,37,2.6048424545222706
30,38,2.493389761145756
30,39,2.5053201430188903
30,40,2.752334925341931
30,41,2.575563976860455
30,42,2.5919376668339025
30,43,2.6087673808960754
30,44,2.5082494763185568
30,45,2.540878997471247
30,46,2.571846251880534
30,47,2.5997020659415884
30,48,2.6670696063381287
30,49,2.5990714772301495
30,50,2.481912175094584
30,51,2.679996495718737
30,52,2.6354884863507655
30,53,2.739635426176173
30,54,2.611841887393345
30,55,2.5608439290007516
30,56,2.4796298180540917
30,57,2.6297191345783637
30,58,2.662435895450373
30,59,2.8078831577904446
30,60,2.751885685992171
30,61,2.5147252848518784
30,62,2.628767957356298
30,63,2.7890744842347512
30,64,2.6852469518311954
30,65,2.682199609257142
30,66,2.555845290977235
30,67,2.619492082735335
30,68,2.632975403432526
30,69,2.801646470382019
30,70,2.5475859424378364
30,71,2.6481205576871307
30,72,2.610909710321029
30,73,2.568899312507726
30,74,2.5279382368817487
30,75,2.885054867916966
30,76,2.5972536706083424
30,77,2.6858255312436365
30,78,2.5959853433790245
30,79,2.5784608499786192
30,80,2.512911278913395
30,81,2.636496795879267
30,82,2.7428002683268833
30,83,2.554222261527237
30,84,2.560637931652754
30,85,2.7377350837128005
30,86,2.7608323320824066
30,87,2.690756144682242
30,88,2.467060756950897
30,89,2.652262461006572
30,90,2.725070493374927
30,91,2.5087681597281994
30,92,3.555732817658121
30,93,2.616685343164431
30,94,2.7025224859048813
30,95,2.7051635223164365
30,96,2.6858009256368733
30,97,2.862421046445071
30,98,2.635103213978082
30,99,2.6061444583958493
30,100,2.761802804056532
30,101,2.7971230955781143
30,102,2.6242095717760443
30,103,2.629735130942605
30,104,2.5807106408246994
30,105,2.7258100066642874
30,106,2.6865975973181655
30,107,2.558220598503609
30,108,2.617220400245883
30,109,2.7040185381931896
30,110,2.611312484699085
30,111,2.6335124736973254
30,112,2.781901101236524
30,113,2.6594232491416063
30,114,2.588284389476125
30,115,2.40735410433435
30,116,2.5920545111502733
30,117,2.6231302652238075
30,118,2.564477002083824
30,119,2.590988548849225
30,120,2.4568637877501613
30,121,2.5881929138500737
30,122,2.7364320403310347
30,123,2.6207213289899696
30,124,2.70575801323063
30,125,2.638276192616613
30,126,2.4924369409612117
30,127,2.6072048427866927
30,128,2.5717403886537027
30,129,2.716624387592975
30,130,2.462151831737158
30,131,2.609573691462117
30,132,2.6499221207359236
30,133,2.5103811570484607
30,134,2.5162094056529507
30,135,2.5788245797107896
30,136,2.6981232296172153
30,137,2.5518580122070422
30,138,2.5617496210416064
30,139,2.6916593537676934
30,140,2.5847727146463724
30,141,2.643906839284219
30,142,2.687173316882623
30,143,2.7464504043099924
30,144,3.0164358480725078
30,145,2.54842658549572
30,146,2.564223446009956
30,147,2.6209088615665355
30,148,2.6585243380704586
30,149,2.588470060417739
30,150,2.6295120508167438
30,151,2.682421416141059
30,152,2.4603003792195395
30,153,2.5341256097677585
30,154,2.6306878264224176
30,155,2.5879094911208287
30,156,2.761546643571393
30,157,2.6840383528217546
30,158,2.701794158064823
30,159,3.0631645597266135
30,160,2.648346447101374
30,161,2.61812421599741
30,162,2.5946105791893284
30,163,2.653252725776031
30,164,2.606468039099386
30,165,2.4632833666647076
30,166,2.5784655947199204
30,167,2.6707963051431696
30,168,2.596619875027858
30,169,2.5061265947817093
30,170,2.7764059397556453
30,171,2.5248486938417694
30,172,2.6629461713463893
30,173,2.5465587198682473
30,174,2.7813909988116006
30,175,2.7579342879690114
30,176,2.552530372189149
30,177,2.5196726142252692
30,178,2.5587968401903933
30,179,2.637744503454083
30,180,2.661405038881418
30,181,2.566166614493951
30,182,2.7302785354476433
30,183,2.633478740665979
30,184,2.5925005670892136
30,185,2.494886478209005
30,186,2.705773091394105
30,187,2.5184475841905716
30,188,2.8752376309504215
30,189,2.615667444819146
30,190,2.8736572227754587
30,191,2.6505088546466404
30,192,2.6317793170710724
30,193,2.596405475574852
30,194,2.7942940610465343
30,195,2.5158247824065945
30,196,2.5321505605051846
30,197,2.5050364968233882
30,198,2.6091010835133015
30,199,2.5271766355889387
30,200,2.478441724427689
30,201,2.804449165071499
30,202,2.5560375743649084
30,203,2.5859637837078187
30,204,2.7508407872125185
30,205,2.5984584568806786
30,206,2.8012548341672088
30,207,2.631982281151469
30,208,2.615918359185557
30,209,2.791465827668462
30,210,2.5610363084612144
30,211,2.4997843508140614
30,212,2.6180165819253713
30,213,2.611182210593444
30,214,2.6729998654730283
30,215,2.5373159621366232
30,216,2.8201999155032094
30,217,2.597308847053896
30,218,2.6293398928261635
30,219,2.4758327570119176
30,220,2.526713656846682
30,221,2.9356665529456327
30,222,2.668583656377319
30,223,2.6532346476503994
30,224,2.505081774576991
30,225,2.662697226924456
30,226,2.3655241601245516
30,227,2.6022714166055363
30,228,2.9566095898841023
30,229,2.60443427216962
30,230,2.810087051688308
30,231,2.5176718937324063
30,232,2.679023871943939
30,233,2.640944229242359
30,234,2.6939281284324017
30,235,2.436980992638301
30,236,2.617981379341835
30,237,2.4475511809106267
30,238,2.677981746216064
30,239,2.5445029534599914
30,240,2.5403682305791238
30,241,2.6768537106091435
30,242,2.535594888861214
30,243,2.5001451114678717
30,244,2.6644419111655013
30,245,2.675258690786502
30,246,3.468819497500567
30,247,2.6758688778982394
30,248,2.813262148253069
30,249,3.599190720399203
30,250,2.6641194955886607
30,251,2.588166612498162
30,252,2.826216227443427
30,253,2.7457726256921373
30,254,2.5552799123671086
30,255,2.8931263455863214
30,256,2.762251831128284
30,257,2.5337691443216257
30,258,2.6204690397737602
30,259,2.912012538694358
30,260,2.745167602232268
30,261,2.6985429069188194
30,262,2.5415071794221387
30,263,2.5427051325613172
30,264,2.687481854222887
30,265,2.906030194912661
30,266,2.724491894094427
30,267,2.6715364748194883
30,268,2.604289975044548
30,269,2.59891606167136
30,270,2.5502069765842603
30,271,2.6308497312791075
30,272,2.903903455101241
30,273,2.8479478399327838
30,274,2.641022997311991
30,275,2.6002071672979974
30,276,2.6463079446760784
30,277,2.7799500616538126
30,278,2.5665128606778818
30,279,2.5472990940003237
30,280,2.575262769752351
30,281,2.7789309486064933
30,282,2.7156233582109635
30,283,2.583696809565933
30,284,2.588282773164662
30,285,2.5906791200737898
30,286,2.696716893688478
30,287,2.9044253859843825
30,288,2.5149549675596123
30,289,2.5288732989976372
30,290,2.6170152173428125
30,291,2.8608313828210314
30,292,2.651095055293803
30,293,2.7014791329546815
30,294,2.705882632392233
30,295,2.6010196475117016
30,296,2.689631555325536
30,297,2.6586391611817795
30,298,2.6397009807500726
30,299,2.688622396885448
30,300,2.8974559483029045
30,301,2.5167134834225
30,302,2.5151025254143593
30,303,2.621056013639714
30,304,2.6259749763224525
30,305,2.6419043089514997
30,306,2.546601952210971
30,307,2.550856407629272
30,308,2.7111318109415503
30,309,2.6639713836979575
30,310,2.5959705652784355
30,311,2.706556688064914
30,312,2.5365515108843333
30,313,2.6631959407436425
30,314,2.7396486886237486
30,315,2.8917568471565374
30,316,2.784393670941045
30,317,2.5964093119538765
30,318,2.7071139771943775
30,319,2.6348699529982507
30,320,2.6524023558584693
30,321,2.599837042961227
30,322,2.588440287477306
30,323,2.6386059871063345
30,324,2.8718668382079873
30,325,2.567051818590402
30,326,2.5417808495602645
30,327,2.6538098529497836
30,328,2.653728181301314
30,329,2.724004508341681
30,330,2.6448467761721037
30,331,2.547773481410116
30,332,2.5452680484467094
30,333,3.2050531408042455
30,334,2.599279162145121
30,335,2.5920232915449195
30,336,2.772753497447362
30,337,2.55572974179991
30,338,2.720647831334375
30,339,2.6632460958047846
30,340,2.569647947853257
30,341,2.661023451955666
30,342,2.7696100390739375
30,343,2.5294247051236654
30,344,2.544861843410503
30,345,2.6977774163294947
30,346,2.5375238590817153
30,347,2.6013766233366558
30,348,2.567224726137395
30,349,2.7410393700414866
30,350,2.7495345340901887
30,351,2.5943742937632277
30,352,2.8871233095016104
30,353,2.643906654875309
30,354,3.5586511194185277
30,355,2.6051811984127484
30,356,2.666538404604745
30,357,2.6181806122706894
30,358,2.5315923022171534
30,359,2.6082466041457293
30,360,2.998009785381828
30,361,2.5200513465471337
30,362,2.5207426782176237
30,363,2.4678674913448857
30,364,2.6525808014499557
30,365,2.462584038188497
30,366,2.7272225830792025
30,367,2.4695050318604537
30,368,2.4419374082839704
30,369,2.480695350251488
30,370,2.5843745987072375
30,371,2.66196658325185
30,372,2.6767330418112225
30,373,2.7137084057089185
30,374,2.6014128857999186
30,375,2.6008181683607887
30,376,2.5950394832791703
30,377,2.5459458828026738
30,378,2.9993146440479648
30,379,2.5205764400420043
30,380,2.6303358922360442
30,381,2.645109670405917
30,382,2.660989957338245
30,383,2.693822055705089
30,384,2.622570389527143
30,385,2.9779661383844167
30,386,2.6324728735016816
30,387,2.5631108561520666
30,388,2.4449492951320058
30,389,2.581205570922519
30,390,2.5528701944559393
30,391,2.553641568942882
30,392,2.567891836645228
30,393,2.7222980292079093
30,394,2.681667387020283
30,395,2.71014635954963
30,396,2.578056196025029
30,397,2.721320200263731
30,398,2.5991385342711517
30,399,2.5566846486516344
30,400,2.709356898486267
30,401,3.0834105558133142
30,402,2.596944431823981
30,403,2.6290557451303807
30,404,2.5585608376031597
30,405,2.6275763113397095
30,406,2.5962384835518946
30,407,2.4784945493702257
30,408,2.7719585820382044
30,409,2.7633820693828244
30,410,2.7277605541688876
30,411,2.4933159923099257
30,412,2.533378140486449
30,413,2.5308714800235625
30,414,2.5591863200121026
30,415,2.599644185986424
30,416,2.5074054184930343
30,417,2.681325686305507
30,418,2.506114681895292
30,419,2.58677439382813
30,420,2.500558262235638
30,421,2.785541776712893
30,422,2.5472626542922567
30,423,2.5703708466879474
30,424,2.6413665454680473
30,425,2.676725594344982
30,426,2.5762554747345816
30,427,2.47098207355781
30,428,2.553513323148582
30,429,2.8733222488281815
30,430,2.5687776523133645
30,431,2.732658019493325
30,432,2.6066979969781867
30,433,2.6533242695252506
30,434,2.620390737182099
30,435,2.5310678065254875
30,436,2.7399726330639695
30,437,2.7425408954439305
30,438,2.5126079506516574
30,439,2.668467330936949
30,440,2.5025656935407605
30,441,2.5605098908497594
30,442,2.871716732559087
30,443,2.481852594347658
30,444,2.5818703559555134
30,445,2.903059524598744
30,446,2.8688144487261034
30,447,2.555113018131915
30,448,2.6284616864387074
30,449,2.6488217723794785
30,450,2.5896250349765477
30,451,2.65224228295292
30,452,2.6312067381668065
30,453,2.6878959551425554
30,454,2.743357568330653
30,455,2.7419172797412696
30,456,2.4821369430706524
30,457,2.677951869439458
30,458,2.593479649790567
30,459,2.688379622816977
30,460,2.694755794696386
30,461,2.535778482330467
30,462,2.6562187030445017
30,463,2.8654211289925575
30,464,2.582391216876121
30,465,2.742073796278299
30,466,2.7425827233979345
30,467,2.5087933066848307
30,468,2.785208230944699
30,469,2.6527720000094233
30,470,2.5532541761301357
30,471,2.5496695738642523
30,472,2.535511839873289
30,473,2.5070923494097648
30,474,2.715779500513347
30,475,2.677674577980022
30,476,2.410096904490184
30,477,2.623460527570752
30,478,2.5543449288602815
30,479,2.719785191756435
30,480,2.700072042376144
30,481,2.6065313026861903
30,482,2.8119489019261326
30,483,2.537533818030062
30,484,2.4944419303486676
30,485,2.6706430132093466
30,486,2.552072795531417
30,487,2.677084525709306
30,488,2.5703926032844366
30,489,2.5956816022268066
30,490,2.5508456204056573
30,491,2.653110224123789
30,492,2.6645006285313837
30,493,2.6327192890475652
30,494,2.9915310526138374
30,495,2.4774882401238973
30,496,2.4459070256680415
30,497,2.448699282729998
30,498,2.7985516698227504
30,499,2.7263909721299853
40,0,2.715903177523089
40,1,2.5528242552495377
40,2,2.626510328089497
40,3,2.7275551169402537
40,4,2.876456610489719
40,5,2.7384425804063377
40,6,2.877280676464573
40,7,2.6897771721649444
40,8,2.699543562732258
40,9,2.7177475644838154
40,10,2.603483067226393
40,11,2.607101158127875
40,12,2.7464249022114435
40,13,2.677700370269433
40,14,2.5712256166166467
40,15,2.935853184330809
40,16,2.533374437442032
40,17,2.62135787339944
40,18,2.496987594004751
40,19,2.9555974485012064
40,20,2.4674149248196637
40,21,2.7119309935403604
40,22,2.6528314213089557
40,23,2.764150823508348
40,24,2.7787167866100364
40,25,3.1423733173583837
40,26,2.6677618240186516
40,27,3.116594897323911
40,28,2.636725362570547
40,29,2.573439719642381
40,30,2.6926408660173404
40,31,2.738766106216084
40,32,2.6448334952554067
40,33,2.6043024718313608
40,34,2.775548697842981
40,35,2.603228144521356
40,36,2.593903641684467
40,37,2.4953396277705524
40,38,2.8488673340697175
40,39,2.648843025675358
40,40,2.554464275779102
40,41,2.761588246375508
40,42,2.5692924502413494
40,43,2.6494628173446557
40,44,2.6372990972830372
40,45,2.5908796112394494
40,46,2.6965658061868445
40,47,2.759398372623999
40,48,2.5787259155558973
40,49,2.7256540630378288
40,50,2.623497287202898
40,51,2.766241314147153
40,52,2.6798132712590177
40,53,2.998043182439899
40,54,2.552453462276114
40,55,3.50602927841819
40,56,2.606407858050326
40,57,3.001206356294443
40,58,2.950782006238121
40,59,2.6239589380622887
40,60,2.608100375146352
40,61,2.7966994089349777
40,62,2.732027387336297
40,63,3.0183493344194336
40,64,2.6172354052315816
40,65,2.5807020673643843
40,66,2.6531179425794207
40,67,2.649835418666615
40,68,2.615129015389324
40,69,3.6539429917611286
40,70,2.5469984275852884
40,71,2.791037555800559
40,72,2.6948929844758363
40,73,2.8538633475059823
40,74,2.4650726951431197
40,75,2.675076247348859
40,76,2.4790230304445977
40,77,6.635703673149833
40,78,2.6604008389998732
40,79,2.7614714461193253
40,80,3.1265011004500556
40,81,2.6733104120674955
40,82,2.8834543214221178
40,83,2.5577431407848725
40,84,2.775764856910833
40,85,2.545789950194122
40,86,2.771655647726272
40,87,2.718913988173094
40,88,2.5607770573283464
40,89,2.7726158465630433
40,90,2.63831605480813
40,91,2.846006040474638
40,92,2.5372731394564925
40,93,2.742812870288873
40,94,2.5262000370018796
40,95,2.815515027895255
40,96,2.6537711295813664
40,97,2.8375382591384124
40,98,2.5444664946431814
40,99,3.735497582811635
40,100,2.745875206211201
40,101,2.684462556818626
40,102,2.5365259025400806
40,103,2.6022225953008626
40,104,2.6327211916391566
40,105,2.769692622400191
40,106,2.630445591081013
40,107,3.3285004528298825
40,108,2.759730771435015
40,109,2.674093000540679
40,110,2.537377262509555
40,111,2.62814600290483
40,112,2.9156102876961487
40,113,3.1685727727100175
40,114,2.633024804953121
40,115,2.460354539817349
40,116,2.7604301321498608
40,117,2.5880742858453596
40,118,2.671711494180517
40,119,2.737755612087475
40,120,2.881438370655112
40,121,2.583057256608103
40,122,2.6288298653907205
40,123,3.599052566166538
40,124,2.627036853198662
40,125,2.6430581252194503
40,126,2.619293585522232
40,127,2.8595473251421146
40,128,2.6753862013614182
40,129,2.567913455149322
40,130,2.89425102923851
40,131,2.6594735952887563
40,132,2.6974199103609977
40,133,2.493544049620762
40,134,2.596143318995975
40,135,2.976502090136312
40,136,2.5522793380551834
40,137,2.8335014777803287
40,138,2.5568063066600284
40,139,2.6708788553995615
40,140,2.8899258924266795
40,141,2.6886707164286228
40,142,2.6602718750460252
40,143,2.704270130063097
40,144,3.2804889035340214
40,145,3.2175391777492015
40,146,2.590949475897822
40,147,2.6667490274944052
40,148,3.029619642672205
40,149,2.65773256003714
40,150,2.503886668603512
40,151,2.5614973131502086
40,152,2.6672747331094953
40,153,2.772111760127638
40,154,2.645483791906434
40,155,2.5466890723484337
40,156,2.6734116581760117
40,157,2.606762311746896
40,158,2.5881931606395816
40,159,2.8735572040449537
40,160,2.6543743003662903
40,161,2.89162706822341
40,162,2.5426476987789455
40,163,2.746699842946258
40,164,2.593718162119939
40,165,2.609258080957518
40,166,2.605368099923965
40,167,2.5190079078299727
40,168,2.626333694160691
40,169,2.734380609838319
40,170,2.5480841057882024
40,171,2.7111646001880714
40,172,2.6308631451816256
40,173,2.726632451279558
40,174,2.656670451425171
40,175,2.877054046098265
40,176,2.5271906397151422
40,177,2.661117885993353
40,178,2.6203923786635874
40,179,2.8172378496111357
40,180,2.7052383482741837
40,181,2.9451546432785767
40,182,2.675164162607831
40,183,2.84174286861533
40,184,3.066860854340524
40,185,2.6573600222907743
40,186,2.798092010340047
40,187,2.6468118885799132
40,188,3.133573396226341
40,189,2.558026033630574
40,190,2.66330865217459
40,191,2.474048564427603
40,192,3.1388214884547443
40,193,2.599990986907636
40,194,2.6311752434714397
40,195,2.640021180687255
40,196,2.6483226526147785
40,197,2.5422889672390028
40,198,2.670539030402898
40,199,2.54950991510188
40,200,2.5660503000154775
40,201,2.8916556816081025
40,202,2.3830861701691477
40,203,2.6390190773752304
40,204,2.753805415491458
40,205,3.1247315685859802
40,206,2.567810835560848
40,207,2.7897362471633342
40,208,2.6496385337337607
40,209,2.7334761192850436
40,210,2.663225848176412
40,211,2.5899347500606504
40,212,2.840811725675579
40,213,2.5030449013695475
40,214,2.5312318746308877
40,215,2.507891099251795
40,216,2.915185751515728
40,217,3.6217709799464277
40,218,2.8881549546397847
40,219,2.6316000269797843
40,220,3.0011569561526086
40,221,2.818530887418649
40,222,2.691671382817767
40,223,2.985371519303648
40,224,2.5001379298089073
40,225,2.9294630480999433
40,226,2.646991681052135
40,227,3.4101064848431655
40,228,3.3764218208591403
40,229,2.6604830645627824
40,230,2.6429418516828678
40,231,2.539435127352472
40,232,2.4949723014801215
40,233,2.6882104003519
40,234,2.9916638705000524
40,235,2.567953455175548
40,236,2.531153293423533
40,237,2.55634518435145
40,238,2.6274581290487244
40,239,2.5980736920505443
40,240,2.6256329497345026
40,241,2.569991564430483
40,242,2.6198358820462246
40,243,3.5763430098930273
40,244,2.809722318446084
40,245,2.5547745122707686
40,246,2.9404212644007393
40,247,2.5378481443659155
40,248,2.613013470043787
40,249,2.504516553475847
40,250,2.8065472233555884
40,251,2.7400258986278696
40,252,2.6843691415565027
40,253,2.3356161789083063
40,254,2.5433028412836762
40,255,2.5915235752064287
40,256,2.8887594042434395
40,257,2.79478341523818
40,258,2.9218067523671274
40,259,2.526341310557111
40,260,2.738345674248577
40,261,2.576939750629296
40,262,2.480642612347927
40,263,2.796556931932858
40,264,2.588137100770028
40,265,2.7518305678901767
40,266,2.68744340639907
40,267,2.604017118236053
40,268,2.6858525478101045
40,269,2.6614561863372797
40,270,2.708190137420788
40,271,2.759954475755847
40,272,2.8230083465246323
40,273,2.8916461684370005
40,274,3.257843573519186
40,275,3.2530466891257976
40,276,2.5798091686904483
40,277,2.7134808953908234
40,278,2.623075193622447
40,279,2.649226926900626
40,280,2.886868882401202
40,281,2.5686534593972024
40,282,2.7932148769874314
40,283,2.6928786272046863
40,284,2.5833354033054468
40,285,2.523743779792756
40,286,2.5513661841909205
40,287,2.673911847720349
40,288,2.5003844746630493
40,289,2.842960653828324
40,290,2.5746141704875463
40,291,2.687223113591122
40,292,2.6831202208837577
40,293,2.7378170746942416
40,294,2.7267294876471646
40,295,2.812959012537475
40,296,2.8554300556724774
40,297,2.553584525922037
40,298,2.4792292215357405
40,299,2.7911263525483214
40,300,2.9520628319272864
40,301,2.6336042041855308
40,302,2.871387327823282
40,303,2.603130364255911
40,304,2.5525042102403224
40,305,2.521079330940531
40,306,2.8784845815288533
40,307,2.5960392834640715
40,308,2.539797103301494
40,309,2.4147440659130788
40,310,2.708180959137694
40,311,2.5102710535747375
40,312,2.6572472401863014
40,313,2.581885912709283
40,314,2.531824923604695
40,315,2.503339155863318
40,316,2.724332693444277
40,317,2.5945198337339095
40,318,2.6589503527767455
40,319,2.6668976444245427
40,320,2.505048591192241
40,321,2.610802162542985
40,322,2.544395026354017
40,323,2.643587127219778
40,324,2.6152933176892152
40,325,2.5632799441810348
40,326,2.568997206716211
40,327,2.9666671907372066
40,328,2.6276621932026014
40,329,2.665832514840777
40,330,2.6262022630419373
40,331,2.850038308865991
40,332,2.5209519494958577
40,333,2.9166680111434906
40,334,2.8383881433186446
40,335,2.8666341651121376
40,336,3.0849207074896485
40,337,2.7061873136414496
40,338,2.5585483637588626
40,339,2.578208659248292
40,340,2.532276046549142
40,341,2.7347591732396808
40,342,2.5077436972919425
40,343,2.860425263945688
40,344,2.706482740270961
40,345,2.5522330779556004
40,346,2.6993706956836574
40,347,2.719127125656038
40,348,2.51483562421222
40,349,3.016511320161687
40,350,2.4869413995811933
40,351,2.67608264418222
40,352,2.7460366132235863
40,353,2.534755361690543
40,354,2.521210152419583
40,355,2.6634181823013696
40,356,2.5749859212468724
40,357,2.8900784005416726
40,358,2.600688980815219
40,359,2.6047959115032846
40,360,2.6769707064406965
40,361,2.5212402557229834
40,362,2.734701578456904
40,363,2.666767765285561
40,364,2.8989469116003117
40,365,2.743951901367813
40,366,2.526117442989916
40,367,2.6437034764015492
40,368,2.6934756944254867
40,369,2.898598537036892
40,370,2.68526757255318
40,371,2.479411875337171
40,372,2.7463331647058133
40,373,2.6755408513271477
40,374,2.724797527490558
40,375,2.820837558211568
40,376,2.842559203626791
40,377,2.4891484119508718
40,378,2.6673907075507137
40,379,2.481043289144092
40,380,2.9109324285735534
40,381,2.632639396802506
40,382,2.6269172348475167
40,383,2.858486554705882
40,384,2.668305985651649
40,385,2.6155838421075064
40,386,2.552112218961994
40,387,2.6011688698394178
40,388,3.140078856716616
40,389,2.4852378687884977
40,390,2.6904166770982214
40,391,2.7761481089187563
40,392,2.641703211709652
40,393,2.639453395520708
40,394,3.125155116842916
40,395,2.758471892452306
40,396,2.6544729868152728
40,397,2.781780088177061
40,398,2.772627635693486
40,399,3.096783597297562
40,400,2.5109327737525153
40,401,2.6089142675831622
40,402,2.6663334542446386
40,403,2.849993012411806
40,404,2.7616751615334896
40,405,3.0403154057940665
40,406,2.636690205886345
40,407,2.5965400048225225
40,408,2.4691179676968744
40,409,2.564744161245351
40,410,2.738649429618402
40,411,2.6655018224582023
40,412,2.7848797241406347
40,413,3.1325048236680213
40,414,2.6361303332642683
40,415,2.5232574940456844
40,416,2.7422949832830326
40,417,2.9709482125728783
40,418,2.8332011219096684
40,419,2.7580884835246584
40,420,2.633171948323109
40,421,2.6348169740865437
40,422,2.7658267684526185
40,423,2.581474027286585
40,424,2.590016846283452
40,425,2.7260124439868627
40,426,2.6013795316269044
40,427,2.565683526124315
40,428,2.7368765917592186
40,429,2.5168942052524446
40,430,2.6854732773293746
40,431,2.6742762447536963
40,432,2.636146101986244
40,433,2.8861094789505612
40,434,2.688739737390862
40,435,2.4954055879900343
40,436,2.5695078731873653
40,437,2.7117543443810663
40,438,2.7940677695544514
40,439,2.5797663158124675
40,440,2.4624451675696424
40,441,2.7553354580714355
40,442,2.776832886402714
40,443,2.572309289014714
40,444,2.508885720425497
40,445,4.70376267478356
40,446,2.797846498711687
40,447,2.708279049723641
40,448,2.474300854822025
40,449,2.592981976449875
40,450,2.582633876194489
40,451,2.5857537383400766
40,452,2.469176812348662
40,453,2.751678925567786
40,454,2.590569456872853
40,455,2.699761958294032
40,456,2.785015661048105
40,457,3.015048024990679
40,458,2.4931379245830723
40,459,2.7996026037378163
40,460,2.5801983054671793
40,461,3.5414530678522986
40,462,2.50773649812273
40,463,2.716880953092117
40,464,2.7799006694067017
40,465,2.6217844045834426
40,466,2.5377671753559334
40,467,2.630021189950038
40,468,2.580817801250831
40,469,2.8767106499744894
40,470,2.917235665442264
40,471,2.5501075484110762
40,472,2.6318765625108647
40,473,2.5757039232309342
40,474,2.5724372461050127
40,475,2.4909082551974664
40,476,2.632618027903106
40,477,2.625912818557427
40,478,2.6700247832359905
40,479,2.6680528339280345
40,480,2.6807451145336496
40,481,2.752063427378758
40,482,2.7589431325605407
40,483,2.468288520036129
40,484,2.666913983423921
40,485,2.603853535042792
40,486,2.5180837336694633
40,487,2.661702947587176
40,488,2.5228886274381357
40,489,2.6340971848060697
40,490,2.990723881612511
40,491,2.603449081126784
40,492,2.620797387302835
40,493,2.6348393075448784
40,494,2.9096748371951344
40,495,2.497947488372875
40,496,2.6435321190798375
40,497,2.6300184579583057
40,498,2.7826124513930894
40,499,2.6419284196579564
50,0,2.527087608265791
50,1,2.6311912544454343
50,2,2.7155462489307074
50,3,2.727635947878764
50,4,2.5407765901200996
50,5,2.5464325729638433
50,6,2.792303387668796
50,7,2.860530132638929
50,8,2.660750194975078
50,9,2.8158727215553503
50,10,2.5998179111928104
50,11,4.108711974081992
50,12,2.68670991312813
50,13,2.7491749508525323
50,14,2.5645710358190787
50,15,2.6347378007678923
50,16,2.484169280199314
50,17,2.6520938279339554
50,18,2.6710672472868615
50,19,5.233467675558902
50,20,3.513570864345814
50,21,3.0351242780548895
50,22,2.640083828584727
50,23,3.14659000594105
50,24,2.6332482480798767
50,25,2.589798649297471
50,26,2.6331936429918135
50,27,2.581867817274629
50,28,2.6404011447383318
50,29,2.705299895393182
50,30,2.7517684602210757
50,31,2.6763527197471735
50,32,2.5670612871337037
50,33,3.0885793775612718
50,34,2.7003059211252203
50,35,2.880351150312705
50,36,3.1643939651667665
50,37,2.9950839849785065
50,38,2.9018057616220787
50,39,2.7544396287251693
50,40,3.0116768223625514
50,41,2.6781949324202134
50,42,2.9663512972370816
50,43,2.5773123396122304
50,44,2.525040835751655
50,45,2.7588975289415925
50,46,2.7419433861039617
50,47,2.6431633026724217
50,48,2.733638933743349
50,49,2.908857999274209
50,50,2.8967422405536363
50,51,2.744169083360713
50,52,2.4827633364669626
50,53,3.0233250938816836
50,54,2.5950389607320443
50,55,2.649056709261085
50,56,3.4743619200042484
50,57,2.5446352844502145
50,58,2.6667753012290327
50,59,3.0167080480999635
50,60,3.147774297077189
50,61,2.9564647655877816
50,62,2.9831880990933497
50,63,2.8722338075843052
50,64,2.6103119358323847
50,65,2.545736891838963
50,66,3.2168316848190797
50,67,2.9152174194931004
50,68,2.9861708241962224
50,69,2.694264037523767
50,70,2.6838166525112768
50,71,2.834005896381624
50,72,2.7233458494200464
50,73,2.748214858549439
50,74,2.667300439955489
50,75,2.580250029987551
50,76,2.5585942929912884
50,77,2.661162469513401
50,78,2.6027492852099567
50,79,2.6697659330172194
50,80,3.3035244592631954
50,81,3.6479996498161102
50,82,2.538916470159479
50,83,3.012932142977378
50,84,2.6888346603149467
50,85,2.579105129969926
50,86,2.5260965634973624
50,87,2.641671446826272
50,88,2.7649682687995916
50,89,2.5297225309788463
50,90,2.6266393609824696
50,91,2.7378377415000332
50,92,2.5625990814954447
50,93,2.718173167020833
50,94,2.8247003225181953
50,95,2.8430336710177473
50,96,2.659998888665352
50,97,3.46436527529006
50,98,2.8824548120453986
50,99,2.412576785708611
50,100,2.8403369494596875
50,101,2.7503106683785226
50,102,2.6243392288186147
50,103,2.558007426790043
50,104,2.522792851792687
50,105,2.495445799918967
50,106,2.741872873462321
50,107,2.7939909332686255
50,108,2.6784234672114224
50,109,2.5991169977835464
50,110,2.9446151127604363
50,111,2.5572168648244373
50,112,2.6016159708742914
50,113,2.7324059559823723
50,114,2.9241142452472815
50,115,2.7174203429502697
50,116,2.476748242396794
50,117,2.6406086845261223
50,118,2.859355071884594
50,119,2.564912905815746
50,120,2.7333786603844796
50,121,2.620304532623259
50,122,2.784034323967985
50,123,2.5015988515374796
50,124,2.4245070295675304
50,125,2.7465453643650126
50,126,3.1278967680959804
50,127,2.6296537160695626
50,128,2.7325440023943006
50,129,3.091777638427112
50,130,3.2683034107628766
50,131,3.7585592574794107
50,132,2.646379134645295
50,133,3.4222273307086906
50,134,2.5819159761393946
50,135,3.1234757152049166
50,136,3.439542588998924
50,137,2.6012819860537992
50,138,2.639208805633134
50,139,2.705648011312782
50,140,2.946625661565732
50,141,3.012903676199194
50,142,2.633061226606785
50,143,2.841704995809838
50,144,2.716050457008625
50,145,2.595466488970592
50,146,2.7222415318410653
50,147,2.806079657911452
50,148,2.674621004373705
50,149,2.7077285768211357
50,150,2.674813231525246
50,151,2.5225911634498406
50,152,2.5015172627211926
50,153,2.632803217317313
50,154,2.8112060222578164
50,155,2.641700961050862
50,156,2.5246933410795007
50,157,2.610594059473831
50,158,2.694799587806725
50,159,2.5951680729284754
50,160,2.6284724389450402
50,161,2.514951152773584
50,162,2.7664219921398487
50,163,2.6550938835867135
50,164,2.5674339712801535
50,165,2.684487182489475
50,166,2.5063061586833117
50,167,2.6959742255367956
50,168,2.600926101123224
50,169,2.6242522227937406
50,170,2.533556412745629
50,171,2.550059241292224
50,172,2.7205158075758553
50,173,2.63036433408653
50,174,2.603229991619819
50,175,2.6236417834537225
50,176,2.762051430191684
50,177,3.141814905364805
50,178,2.5350995143985724
50,179,2.67574633212347
50,180,2.7417984195101712
50,181,2.5139478245210545
50,182,2.7441494501080608
50,183,2.907399110276163
50,184,3.473683470857101
50,185,2.8685492679970768
50,186,3.150090301607382
50,187,2.754764388623355
50,188,2.7066142332119574
50,189,2.610429584881303
50,190,2.7465975993072704
50,191,2.654470152518518
50,192,3.0700184358587475
50,193,2.477351220012315
50,194,2.583885439760843
50,195,2.6013881755102846
50,196,3.1009771164787128
50,197,2.7032620989600193
50,198,2.539456414388228
50,199,2.74240726094848
50,200,2.761776076245897
50,201,2.765847947418917
50,202,2.6923922946293533
50,203,2.808478696889292
50,204,2.6867871988591983
50,205,2.9611895870493035
50,206,3.697979079758593
50,207,2.557530543276945
50,208,2.6929299573581105
50,209,2.863609060113898
50,210,2.577635528132514
50,211,3.224864776005731
50,212,3.755528922277411
50,213,2.690047465516425
50,214,2.562143489958546
50,215,2.9634428335921017
50,216,2.7326890632597105
50,217,2.448999154099585
50,218,2.9906905564706747
50,219,3.195309628453488
50,220,4.574405372843179
50,221,2.499439174634879
50,222,2.7092063388102123
50,223,2.8154830723641444
50,224,2.5890818484830227
50,225,2.4050519879959196
50,226,2.9396153412050836
50,227,3.245605012425084
50,228,2.6556898746443163
50,229,2.7061606371650395
50,230,2.655423577494653
50,231,2.5408857687271573
50,232,2.704755030783497
50,233,3.1213861489214043
50,234,2.7046763415922954
50,235,2.6141543907454343
50,236,2.9929803114690956
50,237,2.5589736562193393
50,238,2.709940374722755
50,239,2.9491037502154214
50,240,2.7597534935463655
50,241,2.7126787856152674
50,242,2.7505701169637824
50,243,2.991167192412163
50,244,2.465323364843227
50,245,2.6230160069321937
50,246,2.7622542821534974
50,247,2.899071635095317
50,248,3.304876231581157
50,249,3.9901939215052713
50,250,2.71856847860024
50,251,2.5117484437591813
50,252,2.6686869168025655
50,253,2.564855882391646
50,254,3.0824716680730253
50,255,2.764007657005451
50,256,2.6495986294074636
50,257,2.6403673179134914
50,258,2.5159060997135194
50,259,2.6259330929009983
50,260,2.7831140119426827
50,261,2.5740219297628317
50,262,2.9256448257466148
50,263,2.523746574132306
50,264,2.927900384073816
50,265,3.338000204915816
50,266,2.571455149105169
50,267,2.6809555094391024
50,268,2.844486677168744
50,269,2.716094540472686
50,270,2.7691730734358426
50,271,2.829651241328477
50,272,2.6291596899799616
50,273,2.674972964523538
50,274,2.804159240818675
50,275,2.7526771950098357
50,276,2.7778152903551647
50,277,2.5496342795421274
50,278,2.511616548438368
50,279,2.7465047594848593
50,280,2.7925028938841496
50,281,3.2576884027518287
50,282,3.067547712911121
50,283,2.8661414223689983
50,284,2.578925747510919
50,285,3.1133785659271633
50,286,2.6143476990437167
50,287,2.6659368098026235
50,288,2.637706673583125
50,289,2.70625087885543
50,290,2.5807459463271654
50,291,2.8389852894596546
50,292,2.458433321104745
50,293,2.630062600940706
50,294,2.643633939702009
50,295,2.7384902079813678
50,296,2.8109982042405273
50,297,2.617546656972074
50,298,2.712617115780678
50,299,2.782092563577338
50,300,2.7328307563056073
50,301,2.543158885108609
50,302,2.6204769208270178
50,303,3.874715711233232
50,304,2.984865941320905
50,305,2.7922106906929978
50,306,2.7204297980422893
50,307,2.555626176292969
50,308,2.8474765357505647
50,309,2.774597531102129
50,310,3.4939220370293196
50,311,2.5022006876998475
50,312,2.9180232491015015
50,313,2.5304939517392815
50,314,3.5931399075255603
50,315,2.5267473687397
50,316,2.5602337968335878
50,317,3.1352364602124174
50,318,2.800390288275826
50,319,2.7020274077619066
50,320,2.5119677528836957
50,321,2.7515663366054475
50,322,2.6105256808334105
50,323,3.070691684865914
50,324,2.851846111970698
50,325,4.190097747124243
50,326,3.2259289524749324
50,327,2.8997055639924754
50,328,2.6306637400712645
50,329,2.9669368508074476
50,330,2.617972269919935
50,331,2.8256422359791933
50,332,2.8046824776408608
50,333,2.862128703685605
50,334,2.9838069151952364
50,335,2.5765185321403523
50,336,2.669134854404144
50,337,2.807716088473443
50,338,3.202297105879543
50,339,2.68223554161683
50,340,2.798563553268219
50,341,3.308284163566803
50,342,2.5593403470726424
50,343,2.7411562812206776
50,344,2.9997156270468794
50,345,2.8388530484411616
50,346,2.7253270058264962
50,347,2.5708022061250184
50,348,2.5888753638375683
50,349,2.5860366978814264
50,350,2.7461389216415792
50,351,2.889771350084914
50,352,2.896161323228357
50,353,2.6544620308549582
50,354,2.710860775510337
50,355,2.4588643227193536
50,356,2.5467219923616
50,357,2.640526403107059
50,358,2.9020811459462057
50,359,3.0727328147671105
50,360,2.804685129050521
50,361,2.8135431036631746
50,362,2.7176561334115408
50,363,3.126142586249762
50,364,2.7150941847918904
50,365,2.848014925106166
50,366,2.6614524220540576
50,367,3.017600354263582
50,368,3.1770578236537097
50,369,2.567386653464932
50,370,2.786546934516781
50,371,2.7495765332079354
50,372,2.5537332514545144
50,373,2.499734563695638
50,374,2.4674658337400186
50,375,3.704481425167818
50,376,2.671769389582576
50,377,2.5648431221695542
50,378,2.6153072950580025
50,379,3.418604382506876
50,380,2.5812911855639595
50,381,2.6898542822543225
50,382,2.6640584665733726
50,383,2.710748249336546
50,384,2.625444129090025
50,385,2.527704775951931
50,386,2.694259667093718
50,387,3.0044776093688657
50,388,2.9358589993153092
50,389,3.4739562283012266
50,390,2.794261268994479
50,391,2.5836614755495786
50,392,3.176510949291306
50,393,2.58520517996969
50,394,2.537403057545508
50,395,2.731627890015465
50,396,2.7733258375898817
50,397,2.595513558797863
50,398,2.938779103889442
50,399,2.685974431888372
50,400,2.63065537647229
50,401,2.6403575682731613
50,402,2.62518629303401
50,403,2.62498088840775
50,404,2.9010774312150476
50,405,3.1763708101440127
50,406,2.594685437960138
50,407,2.501517162915686
50,408,2.6377415201908625
50,409,3.324838218359932
50,410,2.97852909826102
50,411,2.70906681593294
50,412,2.5718993882101446
50,413,2.5944132559705855
50,414,2.4885396764298298
50,415,2.4863375460402284
50,416,2.71173275812129
50,417,2.654971851450999
50,418,3.179965824940121
50,419,2.998314181853145
50,420,2.701618235150393
50,421,2.871850130802992
50,422,2.8643413234809136
50,423,3.053200445306123
50,424,2.9663856484350983
50,425,2.6779323387216825
50,426,3.5334145671232484
50,427,2.772734561970994
50,428,2.7076587549181594
50,429,3.450281297870289
50,430,2.7337514638346865
50,431,4.157931439280529
50,432,2.697441428270382
50,433,2.677749124757315
50,434,2.565379235409514
50,435,3.1453540786505174
50,436,2.829042624059675
50,437,2.7240103483816562
50,438,2.719201277407044
50,439,2.7757943282647606
50,440,2.6253810576422394
50,441,3.3772806419854753
50,442,2.5154091676982326
50,443,2.8189625840772012
50,444,2.741155597290976
50,445,2.730864487352125
50,446,3.011414307288192
50,447,2.6038407396294394
50,448,2.652670608775714
50,449,2.932792467807638
50,450,2.636033162774327
50,451,2.927614145773075
50,452,2.739607641414603
50,453,2.9976071102876674
50,454,2.6519639808087114
50,455,2.593778634988008
50,456,2.7590594052378545
50,457,3.149362975151958
50,458,2.4538455216386037
50,459,3.9715499857354355
50,460,2.7450544676530293
50,461,2.6027576495260956
50,462,2.731331743126378
50,463,2.509692404775737
50,464,2.9256179306678867
50,465,2.7130143354623106
50,466,3.0207388931378434
50,467,2.5616609222774622
50,468,2.430247368766358
50,469,2.5388812156824048
50,470,2.875574896686487
50,471,2.6237818951971037
50,472,3.220910941467916
50,473,2.582082011601972
50,474,2.567683166070604
50,475,3.1539644928465442
50,476,2.6873819711538802
50,477,2.6666347554381162
50,478,2.9484532720060876
50,479,3.5922369278496804
50,480,2.543446322006449
50,481,2.699101927231543
50,482,3.2933902719331125
50,483,3.189263537447225
50,484,3.0928872768355986
50,485,2.872907650971356
50,486,2.6765257618604794
50,487,2.765761035962732
50,488,2.49367535652831
50,489,2.8788786846742243
50,490,2.8737049886367716
50,491,2.4649058576899074
50,492,2.7762826035047965
50,493,2.8622377080801797
50,494,2.6041957923827903
50,495,2.685379497600772
50,496,2.66407957148809
50,497,3.2061573344381404
50,498,2.6182276590538103
50,499,2.649566124115828
60,0,2.7064814527681422
60,1,2.551548081352231
60,2,2.7194335567220516
60,3,2.5859387792741604
60,4,3.221778613867697
60,5,3.054288950050324
60,6,2.976548772281115
60,7,3.212239903303506
60,8,2.518009789849982
60,9,2.7747413900948596
60,10,2.9087590120357043
60,11,2.824286179287528
60,12,2.7956792058638777
60,13,2.937238499963753
60,14,3.030101523076073
60,15,2.811292267085501
60,16,2.7221656109879224
60,17,3.036588461312624
60,18,2.505518042184973
60,19,2.6001327994817296
60,20,3.134794891108562
60,21,2.56235693004016
60,22,2.652153262427486
60,23,2.8532604397234413
60,24,2.6063457164773256
60,25,2.705074669248838
60,26,2.8375683463240278
60,27,3.4173084588714926
60,28,2.556972995481632
60,29,3.00303792462912
60,30,2.813137760705413
60,31,2.7334606380545154
60,32,2.783749962389197
60,33,3.12639349716067
60,34,3.558073377803786
60,35,2.6608053191505543
60,36,3.3411055563207963
60,37,3.468430825889212
60,38,3.0155101300019798
60,39,2.7427120736229478
60,40,2.6048946584819204
60,41,2.570145191281425
60,42,3.3706776122818
60,43,3.448709120498333
60,44,2.6097147513468943
60,45,2.7273789459712763
60,46,3.0811825168624387
60,47,2.6055052997121577
60,48,3.092011681913422
60,49,3.4632794884049183
60,50,2.9550424546471583
60,51,2.7824565733838353
60,52,3.5775719184078567
60,53,3.0484929988341496
60,54,3.313597675904883
60,55,3.0879695085907493
60,56,3.0360018170005114
60,57,2.8600249518757885
60,58,2.810674243032918
60,59,4.628356681190138
60,60,3.018570243247519
60,61,2.52240711786681
60,62,3.147114491685656
60,63,3.0224208207306327
60,64,3.402226173224859
60,65,2.7210169105110955
60,66,4.1924186870933955
60,67,2.580226964965907
60,68,2.724699484486228
60,69,2.4288055706952245
60,70,4.171374068653518
60,71,2.6673341844235043
60,72,2.5185764080102255
60,73,2.879432128134242
60,74,2.988602737934657
60,75,2.56760062842113
60,76,2.5241134920625603
60,77,3.0620611928671253
60,78,3.3497286432195854
60,79,3.39591640974721
60,80,4.024146183431902
60,81,2.9550319874573274
60,82,2.858839251944183
60,83,4.5110909619513615
60,84,3.2207390501608746
60,85,3.38610254889307
60,86,3.0464112674581996
60,87,2.7579376119302283
60,88,2.6003443962054464
60,89,3.8072540794557965
60,90,2.720947747938701
60,91,2.6402839326027148
60,92,2.678825324496658
60,93,2.4541000570813334
60,94,3.6191608833599656
60,95,3.126648456857725
60,96,2.5495124847254194
60,97,2.5568455135670933
60,98,2.523082792859319
60,99,2.8979002974256747
60,100,4.275822679559262
60,101,3.6101550919706367
60,102,2.7195019153645563
60,103,3.569916282729933
60,104,3.0615360307558173
60,105,3.519831743561166
60,106,2.529244545880769
60,107,2.859170747309169
60,108,2.630359591161552
60,109,2.7311412682259015
60,110,2.5848970253361556
60,111,3.797235832695585
60,112,2.727958064626823
60,113,2.686093719833845
60,114,2.560791997963225
60,115,4.436237445482735
60,116,3.2531240892742836
60,117,2.7432132039799995
60,118,2.6724355176413273
60,119,2.9912201912620904
60,120,3.101652514764402
60,121,3.6145990008276274
60,122,2.472018138142689
60,123,2.9687672445603646
60,124,2.4970921117625067
60,125,2.7989553043791138
60,126,3.2239648048708496
60,127,2.7267117579333204
60,128,4.153393814100974
60,129,2.720055957537949
60,130,3.960028043752086
60,131,3.4608909688287977
60,132,2.8311958419620487
60,133,2.8804430474260108
60,134,2.9786628645826556
60,135,2.577952084888706
60,136,2.7289628671261252
60,137,2.676148272185029
60,138,2.9061757891699154
60,139,3.0561367773728905
60,140,2.8392137645386883
60,141,2.539698235807246
60,142,2.6930819287935073
60,143,3.1598171104324506
60,144,2.838965507074748
60,145,2.8093379971669803
60,146,3.2266891286146286
60,147,4.396805351950567
60,148,2.69363828042727
60,149,2.8384255676187196
60,150,2.7402688654933502
60,151,3.003427510925401
60,152,3.0049060996706345
60,153,2.735548979472923
60,154,3.1608549312132745
60,155,2.6033053703106868
60,156,2.7021111444951416
60,157,2.9533853173371676
60,158,2.6843549037172556
60,159,2.8067614826277874
60,160,3.8278811420685237
60,161,3.4885398634338918
60,162,3.3770639066331483
60,163,3.0554115470338017
60,164,2.6946551562605587
60,165,3.045930726617616
60,166,3.2806259294076843
60,167,2.7613306722328863
60,168,3.41074028553932
60,169,2.8636581472684117
60,170,2.9438578493748992
60,171,2.6081845707516376
60,172,2.8490236731637077
60,173,2.814054175839414
60,174,2.5050191518962492
60,175,3.2093712859057892
60,176,3.420928143477568
60,177,3.2899887309555487
60,178,2.6218517130561527
60,179,2.6642079467756865
60,180,3.0349265338604767
60,181,2.6297916539208943
60,182,4.066641067773962
60,183,3.50738450455516
60,184,3.2855439109104414
60,185,3.3537009699244047
60,186,2.5843499088224755
60,187,3.6470074238780814
60,188,2.8661672605110704
60,189,2.6895705204448195
60,190,2.8704584173488037
60,191,2.6465429222385053
60,192,3.562490642124909
60,193,2.60163685292312
60,194,2.5490607805734373
60,195,2.888016975228214
60,196,2.709991171060675
60,197,2.9508481960379687
60,198,2.7305046192960236
60,199,3.6767052568127405
60,200,2.859945601639463
60,201,2.5138014220161975
60,202,2.75146404827056
60,203,3.7107273649044665
60,204,3.3825149541410235
60,205,2.7575570534911105
60,206,2.604420396626082
60,207,3.62007425097651
60,208,2.76109316165984
60,209,2.951998699134731
60,210,2.589185474655915
60,211,2.6511171957277107
60,212,2.7940059781821738
60,213,3.2746359757994203
60,214,2.9773269455209475
60,215,4.4134318711657965
60,216,2.8708195408292805
60,217,2.8656406320520245
60,218,3.1954450515038038
60,219,2.6987213789094584
60,220,4.237546608382542
60,221,2.5459346435933963
60,222,3.1996376145117043
60,223,3.5934237736223658
60,224,2.646989960227489
60,225,4.958999404331206
60,226,3.7184259013169143
60,227,3.235895151366151
60,228,2.628878405961385
60,229,3.3665491571348722
60,230,2.6524772528387457
60,231,2.56184466396646
60,232,2.5135446829488504
60,233,3.4266328960836847
60,234,2.486871315473134
60,235,2.733989177973789
60,236,2.602313069351928
60,237,2.7890743460022303
60,238,2.6642129109057375
60,239,2.7093263763591175
60,240,3.702625734621903
60,241,3.1072488705849746
60,242,3.142552638856273
60,243,2.819872721726312
60,244,2.8426906671516243
60,245,3.1173137822331856
60,246,2.8790930171755167
60,247,3.1466983748829613
60,248,2.722793647047064
60,249,3.1140959831735295
60,250,3.296258987845965
60,251,2.573028271033035
60,252,2.804571008790245
60,253,3.171609691372893
60,254,2.835014889798852
60,255,2.90182082946105
60,256,2.8341746479061283
60,257,2.657608322373793
60,258,2.5806937387608673
60,259,3.8302301348521075
60,260,2.7077292070071364
60,261,2.6606593360670683
60,262,2.7618626038147043
60,263,3.517718402894889
60,264,3.302548920388033
60,265,2.6294993230879795
60,266,2.6234707479839883
60,267,2.710892055136364
60,268,2.530872591300926
60,269,3.3108681118444085
60,270,3.2482363830263474
60,271,3.6469383992018654
60,272,2.599660390775671
60,273,3.0833776639623123
60,274,3.136798242558196
60,275,2.9327852951210542
60,276,2.659609286059354
60,277,3.2408135220928234
60,278,2.772683139468763
60,279,3.1772502285711552
60,280,3.055207577758909
60,281,2.461612448130677
60,282,3.202529248592049
60,283,2.968765597384455
60,284,2.973797798222328
60,285,3.0965221873940028
60,286,2.584345297011281
60,287,2.940398109121779
60,288,3.2163324534764435
60,289,3.1518441076154518
60,290,2.7281526545977086
60,291,2.6300826514555005
60,292,2.555356606074911
60,293,2.8941848549756046
60,294,3.2806247798745964
60,295,4.279149487313879
60,296,3.147504397297391
60,297,3.892812592226292
60,298,2.496857841618219
60,299,5.241920474735974
60,300,2.554959221281262
60,301,3.4990638614695877
60,302,3.056294717825971
60,303,2.6501709553505783
60,304,2.80022234717763
60,305,2.733974629487641
60,306,2.659421875740818
60,307,2.572182992962399
60,308,2.67965346081018
60,309,2.718587918096711
60,310,2.7549004906191334
60,311,3.689604107862584
60,312,3.1336460757171825
60,313,3.2016174427232262
60,314,3.3355268693734232
60,315,2.725262463181472
60,316,2.670966442910168
60,317,2.4911012251171805
60,318,2.720671993953907
60,319,2.558635810521495
60,320,3.5411412072976876
60,321,2.7926932253865715
60,322,2.6498859541439597
60,323,3.328964916748677
60,324,3.1792540567684577
60,325,2.736365176044415
60,326,2.659120617910899
60,327,2.692779924398286
60,328,3.3683134180959566
60,329,3.506425750416282
60,330,2.5434894899217135
60,331,3.051456210243047
60,332,3.2586845290946895
60,333,2.8426951640847236
60,334,2.517779038476612
60,335,2.49567712332801
60,336,2.6825660064616357
60,337,3.2749720869369843
60,338,3.0759761428256365
60,339,2.7479289991365654
60,340,3.4045534605650003
60,341,2.562498625181703
60,342,3.069405348588505
60,343,3.443834983097553
60,344,3.593995204073055
60,345,2.993146092456547
60,346,2.549179475381879
60,347,3.3967442330880573
60,348,2.7404770281380735
60,349,3.7989381602240377
60,350,2.807750499966171
60,351,2.6794439906423317
60,352,3.151252978023423
60,353,3.1952793383194744
60,354,2.794781852548135
60,355,2.6824089263544106
60,356,2.8451949210214007
60,357,3.5212257439181127
60,358,3.5606687643252686
60,359,2.9210129555754243
60,360,2.7515693134606756
60,361,2.9332821797304613
60,362,2.8830194086926437
60,363,2.7421031873518955
60,364,3.5209687152341127
60,365,3.2081674476146183
60,366,2.551091808287991
60,367,3.6747700468745137
60,368,2.895648918969117
60,369,2.797781344332485
60,370,2.6985762593852396
60,371,2.548198556469508
60,372,2.786202610395128
60,373,3.081222872203882
60,374,2.6398395526527314
60,375,4.461498605925166
60,376,3.039679088780538
60,377,3.0196413838083065
60,378,2.7134258867055925
60,379,2.645443577463629
60,380,2.6926635633002043
60,381,2.61854398352795
60,382,2.836631786264365
60,383,2.90506988267217
60,384,4.6358215486129835
60,385,3.2143661403235395
60,386,3.054229175934999
60,387,3.648594944184743
60,388,2.61023151366749
60,389,2.8838171173685647
60,390,2.717229922140801
60,391,3.7707367178183504
60,392,3.0387785398718967
60,393,3.6332696933361794
60,394,2.79104955421735
60,395,3.035337729915233
60,396,2.861527917542953
60,397,3.234374588817413
60,398,2.559968332218196
60,399,2.627639020872875
60,400,3.135784585581557
60,401,2.854554827847755
60,402,3.516198991041747
60,403,2.627836458628879
60,404,2.834266329524789
60,405,2.5484791572944316
60,406,2.9784336080621316
60,407,2.7426053741632272
60,408,2.7130561063128695
60,409,2.63658368014515
60,410,2.6614987262521224
60,411,2.7930323615019708
60,412,2.5197864261711382
60,413,2.7586647600355048
60,414,2.8176117800012404
60,415,2.606640257714347
60,416,4.179573243280582
60,417,3.491685691401846
60,418,2.842903105434796
60,419,2.571452908918855
60,420,4.7403096905123245
60,421,3.1221027969286097
60,422,2.6585056021917173
60,423,2.4666345312519815
60,424,2.6056494303290116
60,425,2.6739434499481884
60,426,2.549065530815204
60,427,2.4356362549584363
60,428,2.959262180261766
60,429,4.1859703681920815
60,430,2.630275227211327
60,431,2.8028933947479913
60,432,3.148397247453163
60,433,2.8994452084999898
60,434,3.305758648656582
60,435,2.5238648144886335
60,436,3.35282207636528
60,437,2.8293907294875122
60,438,2.9540167378670357
60,439,2.78542702489676
60,440,2.6913233151274496
60,441,2.7443466142293844
60,442,3.0935460202140272
60,443,2.450808375664766
60,444,2.600275824792279
60,445,2.712284383496605
60,446,3.0850536333512166
60,447,2.7877832671382783
60,448,3.1102998499475145
60,449,2.6880286659403376
60,450,2.6551045997215605
60,451,2.5676492046632333
60,452,2.8338169433918616
60,453,2.692630581479071
60,454,2.457232029191623
60,455,2.782319295778475
60,456,2.745572296449025
60,457,3.8965904935266535
60,458,2.687536349613495
60,459,3.2834014287274016
60,460,2.612354246828472
60,461,2.6729012557157783
60,462,2.752891521970465
60,463,2.687465514654806
60,464,2.5949652707115143
60,465,2.9438820103220604
60,466,2.857698465949561
60,467,3.2804317871474433
60,468,2.810118483898206
60,469,3.688811888318292
60,470,3.57588990043861
60,471,2.489157782662562
60,472,2.765571818524416
60,473,2.6214913694404447
60,474,3.1619976767546243
60,475,3.6500634489791786
60,476,3.109729214705564
60,477,3.3943538315007653
60,478,2.940564578633886
60,479,3.69581439722821
60,480,2.7232192594542055
60,481,2.976564298137438
60,482,2.451083258532135
60,483,3.5407713865755635
60,484,2.6208148413962955
60,485,2.68286352817664
60,486,2.934736685113805
60,487,2.91535385371282
60,488,2.764561834817283
60,489,3.9782362389598678
60,490,3.124743410144234
60,491,2.649236856787744
60,492,2.830280343419643
60,493,2.6901021236572724
60,494,2.990082812020619
60,495,2.779768649803495
60,496,4.141091700749212
60,497,2.5089560983846035
60,498,2.5596592334089427
60,499,2.603787137920944
70,0,2.8876040194610924
70,1,3.0049559011120035
70,2,2.88990035476761
70,3,3.090310231457857
70,4,2.520023366938571
70,5,3.2052443768801013
70,6,3.53243535025338
70,7,2.6912513271609386
70,8,3.265543908214463
70,9,3.419988349560491
70,10,2.6832886384066197
70,11,2.7341426055928135
70,12,3.3874505471323078
70,13,2.8290483786462883
70,14,2.908418977333795
70,15,4.705949148181441
70,16,4.041268724881698
70,17,4.1741475191348
70,18,3.5952779472999854
70,19,2.753124628295463
70,20,2.7985441774583237
70,21,2.773935393601538
70,22,3.4794017925688276
70,23,2.681075427879288
70,24,3.197738580123497
70,25,2.692730451509542
70,26,2.5926990018824116
70,27,3.155805070416705
70,28,2.7875800063738136
70,29,3.9110038991939207
70,30,3.2677546525219405
70,31,2.6342753640282215
70,32,5.2236572448478835
70,33,3.301588491273772
70,34,2.619246128590162
70,35,4.430644791527002
70,36,3.0018000013881045
70,37,2.4884754343151623
70,38,2.6866034788652713
70,39,2.9398644551127293
70,40,3.4735519018210663
70,41,3.431653432510606
70,42,4.987798619585318
70,43,3.2755348259744133
70,44,3.0551251584961565
70,45,2.969819301664986
70,46,5.987215708389356
70,47,2.772492453976368
70,48,5.756263055825092
70,49,3.6700066327540894
70,50,3.835936807036487
70,51,4.121772070956691
70,52,2.7608392792212246
70,53,2.902318816270159
70,54,2.7780826439486512
70,55,2.648470808968332
70,56,3.7637977511726453
70,57,2.9826378972390906
70,58,2.549060059064064
70,59,3.1978072738659433
70,60,2.856724483960752
70,61,2.6404102287054996
70,62,2.8670444977356944
70,63,2.6090279719333687
70,64,2.5426822602056998
70,65,2.502680157445836
70,66,3.306130173418049
70,67,2.946211291440738
70,68,2.6740256507082956
70,69,2.578236350589432
70,70,2.7260547051588486
70,71,2.884475876014632
70,72,3.1810499582208536
70,73,3.4535068542604552
70,74,3.2219009598841732
70,75,2.6171182921374676
70,76,3.746727054000921
70,77,2.6218183950985656
70,78,2.599679048903008
70,79,2.9979361139322327
70,80,3.308558942181466
70,81,3.2307751299220246
70,82,3.310132914593645
70,83,2.86131343807162
70,84,3.96867689765343
70,85,2.6975967595924413
70,86,3.321560567053813
70,87,3.130454001906103
70,88,2.8980366153028765
70,89,2.797793464213851
70,90,3.0607193313306618
70,91,2.8186724180961136
70,92,3.7086011073654657
70,93,3.618010901621994
70,94,4.702502178313715
70,95,2.947482976016393
70,96,3.304211181269603
70,97,4.515772542508083
70,98,4.253626370851276
70,99,3.242089232509665
70,100,3.2660011517806016
70,101,2.617314894285657
70,102,2.5621733152893196
70,103,3.445845069175306
70,104,5.122969365377171
70,105,2.5840016517367883
70,106,3.2140499883295224
70,107,3.0548768580977437
70,108,2.6626439008964544
70,109,2.884857747523541
70,110,4.056203673603711
70,111,2.5876171184139647
70,112,3.336395481704998
70,113,2.72216873336468
70,114,3.1475992748434596
70,115,2.846219290691524
70,116,3.668520554144597
70,117,2.726880794698179
70,118,3.758760155430824
70,119,2.984188102567163
70,120,3.367286101297599
70,121,2.8640338827481893
70,122,3.1136825635803578
70,123,3.3098570575591375
70,124,2.6147565351996245
70,125,2.8223614942245816
70,126,2.9659961437769784
70,127,2.782742439920766
70,128,3.2838060015416386
70,129,3.0434752528278577
70,130,6.021405782875627
70,131,3.090623147842935
70,132,3.2973512349983953
70,133,3.3494402965379986
70,134,4.470928224978445
70,135,3.722854760731826
70,136,3.401293117956164
70,137,2.8711539814700853
70,138,3.6753423168534076
70,139,3.2064489742609443
70,140,3.5397547730351007
70,141,2.977457291988665
70,142,3.152150136515314
70,143,3.0438041304463885
70,144,2.651901901213571
70,145,5.477467980474686
70,146,3.4147613186452563
70,147,3.1120785592291242
70,148,4.600657038696922
70,149,2.6205116300199647
70,150,3.0342255664865516
70,151,2.852771488599636
70,152,3.3308290403125214
70,153,3.2562624341680766
70,154,4.715224468077212
70,155,4.6840312689071
70,156,4.559224048659636
70,157,2.939352948868732
70,158,3.413128424193833
70,159,2.565226812576612
70,160,3.382734267508215
70,161,4.676932161352972
70,162,2.6826021498918053
70,163,2.507858276804583
70,164,3.4763165066147583
70,165,3.5538658957604863
70,166,3.0998101818828885
70,167,2.705527572493166
70,168,2.4960032719797764
70,169,2.7039770672757064
70,170,3.6429663390024873
70,171,2.757063890073835
70,172,2.5833568205468147
70,173,3.138808762350417
70,174,2.7527009619277534
70,175,3.2744913325486382
70,176,2.640899609570773
70,177,2.983149872878744
70,178,4.013777522665265
70,179,2.94412094351647
70,180,4.065608527103554
70,181,4.055644924275098
70,182,3.815320189825974
70,183,3.5296701449221306
70,184,2.8318830074387242
70,185,2.706704578211558
70,186,2.5972678579194994
70,187,3.9155859688762287
70,188,2.6295023428441002
70,189,4.1691042130417575
70,190,2.7682549697246435
70,191,2.51155535575434
70,192,3.0025849316625526
70,193,5.157653845654756
70,194,2.6014834166517797
70,195,2.8859100458044216
70,196,4.9883759898727265
70,197,2.829504394322324
70,198,2.832189692784405
70,199,2.8980344255137482
70,200,2.662553446993277
70,201,2.7280136489031968
70,202,2.7257345619577094
70,203,4.177336484688263
70,204,2.6081186880172944
70,205,3.7236578008349848
70,206,3.434517786954589
70,207,3.683860361792571
70,208,3.720086948209624
70,209,3.720648949913274
70,210,4.04076563603379
70,211,3.7291864158567223
70,212,3.1435904817454747
70,213,2.8988237281553992
70,214,2.7194741218677017
70,215,3.7322409253644393
70,216,3.5805643318043856
70,217,2.7358328672845573
70,218,2.844479319594606
70,219,2.793924589615747
70,220,2.6896648327040156
70,221,3.136951353718747
70,222,2.871247859246149
70,223,2.5057834072192935
70,224,2.816430494327471
70,225,3.3756468517070526
70,226,3.179092493923134
70,227,4.01539897975441
70,228,3.4247564212098065
70,229,2.9052680971990674
70,230,3.0009882495188314
70,231,2.7000687607429343
70,232,3.080017308507986
70,233,3.5818656181225035
70,234,2.669952862286813
70,235,3.2066165659805472
70,236,3.338861252192638
70,237,4.794634012998595
70,238,2.928612637769948
70,239,3.504964783113798
70,240,3.154496636996388
70,241,3.194849852181619
70,242,2.810626511975171
70,243,2.6461352267602973
70,244,2.9770163203490356
70,245,2.9239873992924488
70,246,2.742752935453746
70,247,2.7037856531198443
70,248,3.1041289190079917
70,249,4.2454632995402495
70,250,2.685367722516895
70,251,2.9225527988951927
70,252,3.1141871537654677
70,253,3.9005668464873997
70,254,3.4669617687192753
70,255,2.8084180142784563
70,256,3.008184174434654
70,257,3.5809702711067923
70,258,3.8116992880926603
70,259,2.977252804713169
70,260,2.782847228816703
70,261,2.5148462308674002
70,262,4.066975735314963
70,263,3.642461804216131
70,264,2.615633719619706
70,265,2.5003874088874714
70,266,2.7239185459659407
70,267,3.0539100961712147
70,268,3.4419480076080635
70,269,3.040756479237616
70,270,3.1621312704018445
70,271,2.892986553738526
70,272,6.241596741800154
70,273,5.7905598843801
70,274,3.23488362729747
70,275,2.540427500080078
70,276,3.5211848708335
70,277,2.919112276999549
70,278,2.8776850155474976
70,279,2.6795898976439796
70,280,2.5721101850075927
70,281,2.782235458918487
70,282,2.565491679321498
70,283,3.8758889340784775
70,284,3.078448246287895
70,285,2.853519318024008
70,286,2.6821667640765368
70,287,3.013611499201874
70,288,3.1539849107349354
70,289,3.225624130649301
70,290,2.632645566321653
70,291,3.321958950170551
70,292,2.4985273432851094
70,293,3.4431367523093757
70,294,2.5657646095966467
70,295,3.046396232560477
70,296,2.5126990468828896
70,297,2.8984268751261792
70,298,4.307632623299321
70,299,2.5924842238464323
70,300,3.23501551335475
70,301,3.5242579236128098
70,302,2.783346595873365
70,303,4.888651414595824
70,304,2.8552394290486767
70,305,4.191723642561639
70,306,2.812193242495121
70,307,3.070457890044495
70,308,4.171828838701123
70,309,2.563388264119402
70,310,2.8430170919970053
70,311,3.5669989421796
70,312,2.5633427493170875
70,313,3.061365819661319
70,314,5.303267299348193
70,315,5.133020756349656
70,316,3.445374831582967
70,317,3.644487996280312
70,318,2.927050429526534
70,319,3.493133722064288
70,320,3.04004742298888
70,321,3.003516777922036
70,322,2.9414911942075768
70,323,3.08152389832434
70,324,3.2214603590203574
70,325,2.8302231972555636
70,326,2.6941383994923545
70,327,2.968644435403404
70,328,2.5930314535214034
70,329,2.8794443395701883
70,330,2.789836411308369
70,331,2.4786357735389557
70,332,2.8005410418966874
70,333,3.3658188878917783
70,334,2.8210736347733647
70,335,3.076099384751242
70,336,2.57230444238491
70,337,3.2423224742601344
70,338,2.638350278305985
70,339,3.3533770431732948
70,340,2.9876597341847946
70,341,3.841625311808717
70,342,3.5505557515268795
70,343,3.588973668988257
70,344,4.419890403726704
70,345,2.967176431184045
70,346,2.5989088635781794
70,347,3.1460934328449435
70,348,4.525197333985393
70,349,2.5755782020726357
70,350,3.554272229435848
70,351,2.4860409787869084
70,352,2.940138770822196
70,353,3.23952898846628
70,354,4.460230236671973
70,355,2.741747839298633
70,356,2.7254428058125804
70,357,2.9588779548962965
70,358,2.619943802467075
70,359,2.9429241346868538
70,360,2.935695184139303
70,361,5.247284181039297
70,362,2.7567612202512612
70,363,3.1434540627099103
70,364,4.70049383368645
70,365,2.697485982247867
70,366,2.8570915490553412
70,367,2.4321192187365277
70,368,3.1630032769341025
70,369,5.403620729183756
70,370,2.8225889949636715
70,371,3.996669394963209
70,372,2.5921730474540845
70,373,3.0065872455731992
70,374,2.995413703800524
70,375,2.499697298859675
70,376,3.2243910714310013
70,377,2.86100790169809
70,378,2.5276458087772284
70,379,2.524964889127843
70,380,3.2574204756879532
70,381,2.733505802419671
70,382,2.976885219658432
70,383,2.6296006245175536
70,384,3.8411868037881094
70,385,2.978673911039772
70,386,3.324958491692804
70,387,4.149314467886748
70,388,2.8268770155754637
70,389,3.7560642421005106
70,390,2.7366738260888623
70,391,2.551320654945212
70,392,3.587650619243692
70,393,2.885582688704101
70,394,2.6318277645325363
70,395,2.794701619589785
70,396,3.523708909676299
70,397,2.5769602158869116
70,398,3.385019414476219
70,399,3.9034589349216784
70,400,2.53532916405957
70,401,3.2705103762148173
70,402,2.9238697591299188
70,403,2.7572833580397305
70,404,2.750794008506115
70,405,2.6943983055832414
70,406,3.0733679022518445
70,407,2.8309962828765864
70,408,2.7343375654523583
70,409,2.8984319191482246
70,410,3.7420848646135476
70,411,3.5002691960650414
70,412,2.707304669408013
70,413,2.6587516367497894
70,414,2.821884229601828
70,415,3.0442857007952755
70,416,2.9059909031059274
70,417,3.3211529398154953
70,418,5.904214207629904
70,419,2.578039330259695
70,420,3.1922626898837025
70,421,2.5305646982245644
70,422,3.2265493573539374
70,423,4.111097878859956
70,424,3.097229715568585
70,425,3.047744193886881
70,426,2.627204283974122
70,427,4.342030542167985
70,428,3.539855659416947
70,429,2.721643244312849
70,430,2.84596762575162
70,431,5.013926769204319
70,432,2.482614843312614
70,433,2.908836055692333
70,434,4.007132838984736
70,435,3.432197156226683
70,436,3.8095309218925495
70,437,3.0453214316222885
70,438,3.2356160877384275
70,439,3.5832179958042985
70,440,3.354837362489461
70,441,2.8218537395061722
70,442,2.905911216119676
70,443,4.031174598822886
70,444,2.924571284133789
70,445,3.187579090930131
70,446,3.0689241171470347
70,447,3.389526526885594
70,448,2.5923325217778985
70,449,2.586076908940173
70,450,4.345512614866499
70,451,3.1024114087368013
70,452,3.3200730242657452
70,453,2.6310133624891288
70,454,3.709004379740546
70,455,2.5675091263937793
70,456,3.682743962261074
70,457,4.125611859925223
70,458,5.002124582859728
70,459,2.875494257462505
70,460,2.538244435181927
70,461,3.4189671850778733
70,462,2.642937133118854
70,463,2.8766169979771554
70,464,2.578897057077059
70,465,3.385102272134439
70,466,3.0651229287764137
70,467,3.5885755964061516
70,468,2.7725473248969257
70,469,2.804788307464869
70,470,3.360612189816986
70,471,2.8237108745123165
70,472,5.107809084326782
70,473,3.1935581028516404
70,474,3.2534288427204308
70,475,2.693317380506285
70,476,2.5134721729322624
70,477,3.643313595159871
70,478,4.4222245682382475
70,479,3.123092381808435
70,480,2.678627781486603
70,481,2.821524321783677
70,482,2.718743413389889
70,483,2.606102420444996
70,484,2.651979573861569
70,485,3.1065830906947327
70,486,2.817506297251135
70,487,2.6765020447589163
70,488,3.6783154619399463
70,489,2.891762230202179
70,490,2.7590330638698792
70,491,3.2055088615511376
70,492,3.802403945336592
70,493,4.442146276580832
70,494,2.9864148837249793
70,495,3.200641456073885
70,496,2.464627869383809
70,497,2.7552226766664827
70,498,2.673046938295866
70,499,2.5857464842350333
80,0,3.947929829963503
80,1,6.064112066612178
80,2,3.10454350303677
80,3,5.362434601253241
80,4,4.769466797122419
80,5,6.584278172642861
80,6,2.56162714205798
80,7,3.4112052672612254
80,8,4.485675705669018
80,9,4.835748618018065
80,10,3.118318143354722
80,11,4.117243337420415
80,12,2.9964784084686342
80,13,2.978727368369242
80,14,2.5651716352237934
80,15,7.238533459564273
80,16,3.2223590416953996
80,17,4.15229956922814
80,18,3.4653606363099416
80,19,2.9506923406862837
80,20,2.662546182036912
80,21,2.678551051868042
80,22,2.888999697503055
80,23,2.5867989777663816
80,24,6.132465980329517
80,25,6.529950890634089
80,26,3.414958246065266
80,27,5.865579417903936
80,28,3.2543049276446676
80,29,4.469119790559367
80,30,3.082406091991988
80,31,2.751631703892162
80,32,9.188977966239166
80,33,2.6024015495929436
80,34,4.881805812986524
80,35,6.117918716202661
80,36,6.540627436028867
80,37,3.1705003847571667
80,38,3.092269762678007
80,39,5.980777120241962
80,40,4.0730141398951085
80,41,8.96905754648472
80,42,4.2852854340140984
80,43,3.1989780893605837
80,44,3.2279327465903256
80,45,3.005676571502821
80,46,5.26507610324563
80,47,3.400921729852859
80,48,2.7715693059057895
80,49,3.6532586872984814
80,50,4.1454765731340135
80,51,4.4008834584866365
80,52,4.400862456489365
80,53,4.071864155466395
80,54,7.266356006364538
80,55,5.806924720028619
80,56,5.004762976913729
80,57,3.145838039681456
80,58,3.954772883602858
80,59,3.6817896026208707
80,60,5.902786930378336
80,61,6.402741885700182
80,62,4.1762919496791655
80,63,2.7203572535927325
80,64,2.5963905506651774
80,65,2.4667952467282355
80,66,3.2993565923014234
80,67,4.060008642950458
80,68,4.452551237415583
80,69,3.351829221539458
80,70,7.140838449185749
80,71,3.1124421627300527
80,72,4.840609075049535
80,73,3.340438930816206
80,74,4.1139741237456695
80,75,2.511594241668872
80,76,3.558949464378381
80,77,3.43297270273206
80,78,4.493262896676011
80,79,3.5026385550106536
80,80,3.0803863361301316
80,81,2.7450261867621264
80,82,10.673593681165773
80,83,3.3654744975460336
80,84,4.749822388080735
80,85,3.0096611150961454
80,86,3.0798609139031843
80,87,3.00187763743536
80,88,8.045716943582262
80,89,3.276006486688179
80,90,3.4960138163351386
80,91,2.6307120652354192
80,92,2.7395403974031023
80,93,2.8607858030006614
80,94,2.7136790035436245
80,95,3.0951095706734058
80,96,3.1385363958672525
80,97,5.01580129703694
80,98,2.921374811989933
80,99,10.829739911543053
80,100,3.1195441100632912
80,101,5.719400143396522
80,102,4.889801393701208
80,103,4.560042141528102
80,104,2.9840094681300617
80,105,5.984931780648178
80,106,2.902282327173189
80,107,4.200076301235321
80,108,4.244675137243969
80,109,2.8047301598145675
80,110,2.5384818366278843
80,111,2.60203725416625
80,112,2.8149085180122335
80,113,2.6806983616683095
80,114,2.6688196934875412
80,115,2.6275133903676386
80,116,4.075061608160896
80,117,3.183365294566991
80,118,3.506341198396804
80,119,2.803508611920434
80,120,4.811073662626492
80,121,3.7899714351482396
80,122,2.594996947771147
80,123,3.2705646572267315
80,124,3.636076763684196
80,125,8.876720340950994
80,126,3.842598380050661
80,127,3.1351309180446587
80,128,2.62035301409925
80,129,9.62921801085674
80,130,3.0775812409405146
80,131,4.248117459617412
80,132,5.765932374387486
80,133,3.4339031233648165
80,134,4.922748941663011
80,135,4.3858024650879655
80,136,5.677305230373711
80,137,3.8873800135306618
80,138,2.864020910851412
80,139,4.194492901051528
80,140,2.7579693335832003
80,141,4.966893141322176
80,142,2.605476220164394
80,143,3.185848862521421
80,144,12.508303847647829
80,145,9.40017772312024
80,146,3.009416480413005
80,147,2.7058935457268656
80,148,3.735288466080224
80,149,3.0391749019981784
80,150,2.6720347407955254
80,151,4.345924173798334
80,152,3.3223141962034974
80,153,3.6737988282475245
80,154,3.009089504334936
80,155,2.6378743050241584
80,156,2.6223017461137785
80,157,4.283052334390393
80,158,5.3673026199811025
80,159,3.3552969336719576
80,160,5.407245458753803
80,161,4.922515140354062
80,162,3.8563839732685485
80,163,2.768247831011388
80,164,6.84257018189657
80,165,3.969352979782597
80,166,4.668908551757078
80,167,6.568151325657968
80,168,5.766597286418209
80,169,4.5150228416452665
80,170,3.354379243224881
80,171,3.142576486087824
80,172,3.451787610715862
80,173,2.696906084202921
80,174,3.066169222403352
80,175,3.430005739873829
80,176,5.1880249454671015
80,177,3.7682109258133774
80,178,3.7043682325718685
80,179,3.56816240300028
80,180,2.7717733141784566
80,181,4.086706697526375
80,182,4.170132386780743
80,183,3.226149431378845
80,184,6.662568408535474
80,185,3.1488223745881525
80,186,4.82033057183209
80,187,4.65357462631697
80,188,6.821375654476941
80,189,2.929781042578198
80,190,7.93929418940488
80,191,11.694885680529703
80,192,2.9223479082159547
80,193,2.875658682861857
80,194,2.7680540328493533
80,195,4.0171650658359574
80,196,3.305637722907057
80,197,2.670231724849082
80,198,4.195243788379757
80,199,3.9604657456305534
80,200,3.9359763720305114
80,201,3.549349396658743
80,202,5.71126307991688
80,203,3.0116254949509287
80,204,2.934884792041875
80,205,6.401354420074957
80,206,2.8136852027222408
80,207,2.8245172747972416
80,208,6.428438176409036
80,209,8.0533352194168
80,210,2.7219075188204043
80,211,4.888189609960632
80,212,4.893202830936954
80,213,4.221577345182006
80,214,2.7423213288906587
80,215,3.4861933655464354
80,216,3.22760219432297
80,217,3.284374069286106
80,218,5.021466309750169
80,219,5.2832865642765485
80,220,2.619264331517877
80,221,2.8118319659489934
80,222,3.495799774167908
80,223,4.489679207207695
80,224,5.4847221740961265
80,225,3.1098586999661926
80,226,4.864254023953925
80,227,5.380681524782129
80,228,2.7265872239111166
80,229,14.397254666107383
80,230,2.8788927059825853
80,231,4.913980008520642
80,232,2.8805269229357284
80,233,2.9441402316259717
80,234,5.137672904673692
80,235,6.88640277515441
80,236,3.0459318489364904
80,237,2.6805032091729752
80,238,3.3752053335241623
80,239,4.221471425510946
80,240,3.345280927670944
80,241,2.788914782085602
80,242,4.743767589722538
80,243,6.844659738314443
80,244,4.132362075894415
80,245,3.698302877616515
80,246,4.2965303453329025
80,247,5.379406201223178
80,248,7.396855309310185
80,249,5.6521867993299795
80,250,4.317776072769482
80,251,5.0248190045834
80,252,2.629606416821004
80,253,6.235799222524684
80,254,4.060453844118263
80,255,4.372661038072882
80,256,3.3403802255482615
80,257,4.34611934785202
80,258,3.3135023306429146
80,259,6.28465792231477
80,260,2.4454735090146182
80,261,5.585801488934055
80,262,4.373081977511814
80,263,3.3196844332239808
80,264,7.865627816446941
80,265,4.223905768670907
80,266,8.028262476748349
80,267,3.0477476387981532
80,268,4.3429238764588876
80,269,2.677917228851537
80,270,6.6719445738730805
80,271,3.0520811591335146
80,272,3.261287905194912
80,273,4.785137985607576
80,274,6.6781542849537745
80,275,2.906819561475486
80,276,3.0180057787393553
80,277,4.1796794423888075
80,278,5.071150097295382
80,279,9.347335601867341
80,280,4.636915367290898
80,281,3.393754573304092
80,282,3.2223928611037547
80,283,4.753786651837999
80,284,2.77586268429588
80,285,2.6391059310590026
80,286,7.971301915311493
80,287,9.177615233782477
80,288,3.731558805637176
80,289,3.412124867295455
80,290,2.7745730995477644
80,291,4.551448523226945
80,292,3.0014189848026285
80,293,3.383442331666851
80,294,4.884785998846087
80,295,3.382713081555077
80,296,2.7103712772367907
80,297,2.7472684728729746
80,298,2.82296878721222
80,299,4.408365329426358
80,300,4.0176283760950025
80,301,3.5859127766373686
80,302,3.7195275896960767
80,303,2.6842745581575485
80,304,4.286188854886192
80,305,2.569775404454816
80,306,2.5500791325292513
80,307,2.7393244790235802
80,308,4.557433844518508
80,309,2.8221536821820727
80,310,3.0540124691037183
80,311,3.181708704071412
80,312,3.438150630724621
80,313,2.5833749023125607
80,314,3.4509591125704753
80,315,4.672665739061143
80,316,9.528061420482112
80,317,2.9031585149289443
80,318,4.628853962160297
80,319,2.615656477336394
80,320,4.3733798655794605
80,321,3.5623767895052945
80,322,2.935896307546881
80,323,2.9663312465500637
80,324,4.000113274038737
80,325,3.69958867818376
80,326,2.7026152933478387
80,327,4.069127402415247
80,328,2.6052618261469087
80,329,3.339021825819778
80,330,3.135430980018415
80,331,3.0041563092851438
80,332,7.4475195699763725
80,333,2.990813861348273
80,334,2.5485196555995433
80,335,3.040648645113078
80,336,2.8660434181716754
80,337,3.793076097728451
80,338,7.0277265610521535
80,339,5.258047303249094
80,340,4.120079913115613
80,341,4.633931271138193
80,342,7.347802280717387
80,343,3.856611370475853
80,344,3.1252680116662908
80,345,4.112160323418147
80,346,4.92243854286059
80,347,4.2412482356827095
80,348,4.286612772735507
80,349,2.62309732984731
80,350,2.6955520560817297
80,351,2.5017014935666158
80,352,2.763413266200768
80,353,4.92825484040301
80,354,3.0434096483854067
80,355,5.237732561314842
80,356,3.6569279585874943
80,357,3.8284671389082296
80,358,2.77297766218405
80,359,3.344527515510584
80,360,4.250253595211806
80,361,2.679109581717962
80,362,4.31269476886738
80,363,12.420354592683312
80,364,2.8342033178171993
80,365,2.795480544936921
80,366,2.6244998213958173
80,367,8.39449355007679
80,368,3.8644077990792955
80,369,4.667917294761481
80,370,3.9008040006076263
80,371,4.242692735684381
80,372,2.603151526363617
80,373,3.7101559186666426
80,374,3.6751441997429337
80,375,9.034668705930612
80,376,2.6246359005952855
80,377,2.8081315326402785
80,378,3.906132309800707
80,379,3.7146014722567577
80,380,3.8994118470917023
80,381,2.65568800468385
80,382,3.0692854664791147
80,383,4.961191401793415
80,384,4.6519944591612665
80,385,3.488062653543955
80,386,3.206995348009413
80,387,4.024589354049807
80,388,6.753956776869874
80,389,2.61533302021481
80,390,2.7413301476794327
80,391,3.066604177887707
80,392,3.8062508596804983
80,393,3.766525075882021
80,394,3.8672599008144233
80,395,5.571007809778446
80,396,5.166283847790723
80,397,2.6204627536162577
80,398,8.824219925711477
80,399,3.720797482228538
80,400,2.6600612369658325
80,401,2.8912963342485036
80,402,4.100677404332322
80,403,2.9030320891117025
80,404,3.1598593337407945
80,405,7.92268528793555
80,406,2.5754111145309917
80,407,6.6116937564383536
80,408,5.1432912782445985
80,409,5.437198980141455
80,410,2.853585547964596
80,411,4.915452897365478
80,412,3.053101230610707
80,413,3.1005719462196413
80,414,3.9640554186266685
80,415,7.117900349446989
80,416,2.8276056349882013
80,417,6.371402379083848
80,418,2.743191757453356
80,419,5.837847977071992
80,420,2.8032891103807054
80,421,2.901554064258277
80,422,2.91357414881475
80,423,9.57737692792236
80,424,4.537961349930963
80,425,6.269226276573601
80,426,5.100365870323278
80,427,4.5512556175020435
80,428,6.436876113421161
80,429,2.6674257073105845
80,430,6.375022688659355
80,431,7.2490234830748825
80,432,2.646594740642711
80,433,4.1217118303383815
80,434,2.784233051211897
80,435,5.038584158427523
80,436,2.7060993606264927
80,437,3.0840768328954984
80,438,2.9113283407280117
80,439,6.014529698688391
80,440,5.536120396523862
80,441,6.213297188590314
80,442,2.7005929284248014
80,443,2.6232272822387603
80,444,3.2641898668463933
80,445,5.2606338936566415
80,446,8.205450775308154
80,447,4.93770193759488
80,448,2.7627789434713246
80,449,4.5816205771000424
80,450,3.0631858149577864
80,451,2.635239667870347
80,452,3.879416760896858
80,453,3.8955853162546417
80,454,3.4479107396287367
80,455,8.473981505170721
80,456,3.1934397792899047
80,457,3.7101810891753937
80,458,3.661698444803988
80,459,3.373595522599909
80,460,3.0089068792887166
80,461,2.7622956249089587
80,462,4.20496559860483
80,463,2.9202918589703364
80,464,5.142714164518128
80,465,3.021252828132566
80,466,3.8215547949921334
80,467,2.500526807021849
80,468,3.201923850594217
80,469,3.3702533895833353
80,470,9.9359735168052
80,471,6.595354823299782
80,472,3.6089611864202933
80,473,5.0751555437416025
80,474,3.421831431426736
80,475,4.733936081638554
80,476,4.615386412764295
80,477,3.3205225252742285
80,478,4.459652123013225
80,479,5.865368438786247
80,480,4.208364943906097
80,481,4.833040064793516
80,482,3.9568503370872654
80,483,2.6168959364532784
80,484,2.9515611369669092
80,485,3.656484666094242
80,486,5.2298253294441235
80,487,2.6470867314992135
80,488,3.1989721441250363
80,489,8.054211397531986
80,490,4.104521900409768
80,491,2.8002940655892123
80,492,2.5567636727005834
80,493,2.642599334660441
80,494,3.283508071972251
80,495,4.565059376621593
80,496,2.7958514551296427
80,497,3.566322662754691
80,498,2.6698151228553586
80,499,2.56447287470594
90,0,11.305418383373336
90,1,4.514891038090247
90,2,3.5729373434278604
90,3,10.825245391672969
90,4,16.58744251436266
90,5,9.160407272140445
90,6,7.95808672713948
90,7,8.524333843496336
90,8,4.798496761032199
90,9,7.050002049599629
90,10,3.07327151856403
90,11,12.07604590985837
90,12,2.709563585848395
90,13,3.01299105308808
90,14,13.328497357578149
90,15,6.572258295425096
90,16,8.972224382480444
90,17,2.6297214088329106
90,18,12.118016368678525
90,19,5.851813653662936
90,20,7.327319600005513
90,21,4.96578608119224
90,22,4.564517246393658
90,23,5.970335148584931
90,24,5.7198245922461926
90,25,10.229464240689286
90,26,3.603973549382261
90,27,3.514989295879908
90,28,5.532353688554869
90,29,3.0325093883689234
90,30,13.26884866201156
90,31,4.1445518788215905
90,32,15.938662933516188
90,33,4.508569837083289
90,34,5.28498049060723
90,35,7.184493973732092
90,36,6.180468525820068
90,37,10.049796582174613
90,38,12.272686234185935
90,39,6.567977388514842
90,40,3.5839343858342683
90,41,5.939473181990514
90,42,7.210184378198322
90,43,3.5982528776346387
90,44,8.767282070973653
90,45,2.7867260415281363
90,46,9.658815795299166
90,47,6.307250727727294
90,48,4.959042939588557
90,49,4.295895119779815
90,50,3.376340891280861
90,51,5.244284790536811
90,52,12.186953049137369
90,53,3.1452679341325416
90,54,2.8428924655177057
90,55,2.90664619195477
90,56,11.619761676651839
90,57,6.381624126347625
90,58,11.49329670405386
90,59,13.985792817241453
90,60,8.179456246643312
90,61,8.066084328500105
90,62,4.377147020702133
90,63,6.0665811989920995
90,64,6.354640426446677
90,65,3.492620177353431
90,66,4.230714635452565
90,67,3.722320803607038
90,68,16.158854432394556
90,69,6.378260928313796
90,70,8.272059729206337
90,71,9.792239888941872
90,72,6.865031232368335
90,73,11.208553965396957
90,74,3.1873556091432413
90,75,6.549984397540195
90,76,4.893013822656572
90,77,5.680490276785376
90,78,7.735884422678402
90,79,10.821356300214978
90,80,6.867041993390904
90,81,3.17582726940374
90,82,14.130666916118368
90,83,10.659282050281064
90,84,9.69389556097373
90,85,6.4629461564676145
90,86,13.405181864760003
90,87,4.3792389196182615
90,88,14.043811690111736
90,89,13.891547609731829
90,90,5.664242661083699
90,91,2.8955246251748075
90,92,3.1153316542673686
90,93,8.184893195347032
90,94,4.21389389826065
90,95,3.6465465760901417
90,96,6.744155366893532
90,97,4.318418805340977
90,98,7.0159727814324855
90,99,2.966464433316695
90,100,3.9452957243159013
90,101,5.727495512286372
90,102,3.7027356615182976
90,103,4.202868323624148
90,104,13.673185369256213
90,105,13.345514155348779
90,106,13.73602991505534
90,107,3.1002934659064674
90,108,5.588244518284369
90,109,6.688708175457411
90,110,2.610154250729425
90,111,15.863462369991254
90,112,12.582652648018936
90,113,5.068180385517956
90,114,11.422824828245977
90,115,6.029895791770206
90,116,17.837490549114307
90,117,11.150090414583826
90,118,6.16605647564468
90,119,8.693832636498486
90,120,23.637056524136906
90,121,8.228918338910049
90,122,14.40610768362484
90,123,3.1479103408999753
90,124,11.979267648372703
90,125,14.650090878179654
90,126,12.971200136155982
90,127,9.766699446301523
90,128,7.5377882282687105
90,129,2.6150651140854353
90,130,2.5320400927763087
90,131,5.479999840484091
90,132,2.7845134926396957
90,133,4.06642560052306
90,134,20.187559791060092
90,135,4.501605383508825
90,136,7.656435038807114
90,137,2.894319893028206
90,138,4.440514433070259
90,139,10.4320340842551
90,140,14.369343052119552
90,141,4.706498447427316
90,142,3.0312317543661798
90,143,6.439955394095565
90,144,7.606138179546755
90,145,2.9551077963644277
90,146,3.2026796034852474
90,147,14.259009516829538
90,148,5.110424241360136
90,149,13.629430414399755
90,150,14.078495093411963
90,151,3.5292400155424155
90,152,10.336696294621795
90,153,8.07995620560567
90,154,3.9446069734622244
90,155,3.485168188701652
90,156,6.043756930514859
90,157,4.7265033664337555
90,158,3.151968325848773
90,159,9.475866672790715
90,160,5.7598522832109875
90,161,2.6059216556898264
90,162,11.240631091333656
90,163,7.364754977773622
90,164,12.388265897495366
90,165,7.469774006758017
90,166,2.6324655894667877
90,167,5.829914971429346
90,168,6.238100719153492
90,169,7.81057583310298
90,170,4.325325263801957
90,171,3.8389669195610234
90,172,6.553517237643038
90,173,14.257890435936847
90,174,5.966398506025069
90,175,8.06323202949395
90,176,7.248656546711453
90,177,3.697278355643328
90,178,2.8477199690657384
90,179,6.3406436240619275
90,180,13.917206276111061
90,181,6.080796261718369
90,182,2.9145627372740557
90,183,5.586161518441723
90,184,22.69999472172279
90,185,20.42981723838152
90,186,9.91857179508171
90,187,9.772604091614594
90,188,7.801328337839047
90,189,3.2897085291852273
90,190,3.61920817556065
90,191,5.556326890189563
90,192,16.823775776178874
90,193,4.267442703757404
90,194,4.652530411983047
90,195,4.604528124669585
90,196,5.450591863940918
90,197,10.67636266462415
90,198,7.345797397181275
90,199,6.156659553913791
90,200,6.103772130825951
90,201,9.00830927127475
90,202,3.1826149501876264
90,203,8.712417033467032
90,204,18.40271696025376
90,205,5.6213605838121445
90,206,5.432270109146719
90,207,13.255119555998974
90,208,4.108496988367706
90,209,9.918849540747127
90,210,6.2527755006037244
90,211,12.711054444944535
90,212,11.211444270533857
90,213,7.426474047255099
90,214,10.022277064209545
90,215,15.433427989567083
90,216,5.677616357274361
90,217,16.763151988717887
90,218,4.1731050401708005
90,219,10.513794529784777
90,220,6.831161109409561
90,221,4.841165265295915
90,222,8.517186574547818
90,223,2.9668557114541483
90,224,4.597874470717652
90,225,8.609525839135937
90,226,5.11382950319484
90,227,7.69615635645449
90,228,7.66177472341585
90,229,2.882916223739755
90,230,3.2051323352301644
90,231,3.068759271446892
90,232,7.9348741727728145
90,233,15.591739587981056
90,234,2.7500446796663587
90,235,4.753907803795278
90,236,7.195358637343977
90,237,4.13723895648637
90,238,4.021211578507416
90,239,12.535922325780954
90,240,2.627949952821052
90,241,3.812926925915885
90,242,4.101924154492857
90,243,25.19487353551654
90,244,3.830464206058586
90,245,19.553643220208375
90,246,2.573283616257816
90,247,9.110050920347778
90,248,6.586524099341643
90,249,2.850886560241846
90,250,10.546821153581227
90,251,3.051121295336928
90,252,9.09015952330611
90,253,10.51889722907599
90,254,7.1266385948879964
90,255,15.234449580815388
90,256,8.14330598227546
90,257,12.455924832090261
90,258,9.016455013724704
90,259,8.352760087329909
90,260,6.835967234701625
90,261,3.482808340124162
90,262,6.516278047360554
90,263,8.67684951331206
90,264,8.974114000019107
90,265,6.378586232227464
90,266,3.3862397121607803
90,267,20.735094772268354
90,268,6.21716509054843
90,269,6.79300911215278
90,270,5.189867068650669
90,271,10.538431514036274
90,272,4.585787426761046
90,273,9.309638189032295
90,274,3.356966556568259
90,275,7.522517634461152
90,276,11.28509166975054
90,277,19.35827875140125
90,278,4.6456752914921955
90,279,2.629836959932647
90,280,5.287948425184854
90,281,14.590482635186202
90,282,4.335176565721521
90,283,8.335128755836202
90,284,6.4147807388875275
90,285,6.644450449181259
90,286,6.458104304227104
90,287,4.57493413017678
90,288,8.5810628380346
90,289,11.010465750437136
90,290,7.602710153818098
90,291,5.180041417088829
90,292,7.187229882399741
90,293,4.047187152730068
90,294,6.043143955984565
90,295,5.037207435514213
90,296,5.7876116561405215
90,297,19.138068559915563
90,298,7.108091451833389
90,299,5.37519959828728
90,300,6.302776284822811
90,301,9.196596508401473
90,302,3.4231825768345407
90,303,9.463249921697928
90,304,3.6541160252918097
90,305,2.7469716349274362
90,306,3.8529377545222525
90,307,3.327664626598189
90,308,5.055691281134225
90,309,5.561722707905451
90,310,4.890950611217174
90,311,9.58359763018245
90,312,3.3505313173477957
90,313,3.1261441840572073
90,314,12.562879974637974
90,315,12.475453763880683
90,316,5.830288298513274
90,317,17.505197026772834
90,318,3.4848424622543934
90,319,8.250234614423011
90,320,5.254777492915394
90,321,4.785935287638915
90,322,9.706783983002861
90,323,5.814495607352931
90,324,3.6310847472871597
90,325,5.624848367730325
90,326,3.9035356743319185
90,327,3.899591530574704
90,328,13.241813891927322
90,329,7.723467825283329
90,330,10.893842967635111
90,331,3.412227781747035
90,332,12.107560079185573
90,333,13.374496600114337
90,334,6.0924150004490985
90,335,9.322367621186016
90,336,6.527789470442716
90,337,4.095333794720462
90,338,4.607025185904777
90,339,27.394989411142973
90,340,9.76262490267912
90,341,3.742786662448377
90,342,4.466675371157733
90,343,3.766374172371865
90,344,11.926659288514871
90,345,2.8911985750012588
90,346,6.54255872957216
90,347,3.7523961943639716
90,348,6.216850455648532
90,349,3.642636010343264
90,350,11.07569181767808
90,351,2.9249477650657636
90,352,5.750535188258205
90,353,5.478320595103493
90,354,11.087227347816748
90,355,9.214075236388911
90,356,4.7245507626978505
90,357,5.234913222254595
90,358,14.288426318022713
90,359,4.701097400640119
90,360,3.5852737318120993
90,361,10.865555754935526
90,362,6.776756212236847
90,363,4.119319257351915
90,364,2.6674470480416876
90,365,3.363578890919188
90,366,5.80101895078806
90,367,4.167881240659564
90,368,4.951376782434284
90,369,14.128272359492032
90,370,12.156356965565815
90,371,7.05027753684215
90,372,6.527866927343503
90,373,10.66797259804492
90,374,6.057618074699202
90,375,15.973608906853713
90,376,4.6460895674367295
90,377,10.88360852553705
90,378,6.2652732704629805
90,379,7.86937915176259
90,380,3.0442135274759097
90,381,11.400677060627219
90,382,3.5456136794741195
90,383,6.499482760430248
90,384,5.555482250590578
90,385,7.4251942209420445
90,386,4.788717230563741
90,387,9.838585796025008
90,388,9.83731962752468
90,389,2.6953003288859665
90,390,4.143326874324836
90,391,20.442286273529923
90,392,5.8115018033729795
90,393,5.699939661837674
90,394,2.7203788124882298
90,395,8.598405669815232
90,396,7.415222145502056
90,397,5.280203720752803
90,398,12.246432342113225
90,399,5.590918628222814
90,400,3.3999609430799227
90,401,4.301089325572707
90,402,21.131508145353678
90,403,20.330079899151716
90,404,4.023042603668635
90,405,11.153908882186586
90,406,9.439703311938507
90,407,13.534313675281654
90,408,4.088356035331284
90,409,2.7361579198633397
90,410,5.112154874243444
90,411,3.550625519858139
90,412,13.463541867314584
90,413,9.398453834033974
90,414,8.36635812239062
90,415,12.262265315448087
90,416,19.002855468651173
90,417,12.36175146785309
90,418,3.4783260986499953
90,419,5.7101821837590645
90,420,12.543374667537433
90,421,6.860771711415476
90,422,10.229364151052488
90,423,8.595299558135842
90,424,3.0241294554456077
90,425,4.86626776586449
90,426,2.8376315916307653
90,427,3.9803483747237203
90,428,7.056432850312414
90,429,2.6477482748578884
90,430,3.263125234142261
90,431,2.8247485707633753
90,432,3.1568076103640967
90,433,4.714567426909978
90,434,7.536566342884664
90,435,5.648374541171542
90,436,5.63581735853755
90,437,4.353684498639892
90,438,3.8460192741496395
90,439,10.384743233703864
90,440,3.2946458319562986
90,441,3.3373307988791154
90,442,10.114175216732644
90,443,6.227007855218529
90,444,3.7570215571795726
90,445,5.739217653347049
90,446,10.543013813472053
90,447,3.5807165833034262
90,448,4.359902761145089
90,449,5.396056496160702
90,450,5.95001849921124
90,451,6.047511606708693
90,452,3.948131944608649
90,453,11.963655496340495
90,454,8.62575375393965
90,455,3.1194905855473416
90,456,3.7017303115248077
90,457,4.915784833213579
90,458,8.371055826452965
90,459,20.344696694524398
90,460,5.953642584186434
90,461,7.441070880158175
90,462,5.902455318641405
90,463,7.732925550420182
90,464,16.377220352298867
90,465,24.757827895451214
90,466,3.7788374844111896
90,467,2.7800107024708214
90,468,3.4201550989353664
90,469,2.643384930399133
90,470,14.241654985457126
90,471,3.316404991328985
90,472,4.669320755271533
90,473,5.795005260889629
90,474,10.897906568526375
90,475,3.014709867092227
90,476,10.121468948222947
90,477,2.6546140365180686
90,478,2.680602556409124
90,479,6.454989303413531
90,480,3.1602148270998005
90,481,10.738579491896504
90,482,7.467279626873688
90,483,4.58049107754746
90,484,10.415734463471807
90,485,11.123877921306168
90,486,3.335825986557519
90,487,8.834438928582646
90,488,4.669694800115648
90,489,5.930469067709592
90,490,4.668698464668088
90,491,9.087158189835739
90,492,9.021862463899172
90,493,3.112421383214533
90,494,3.289204972011264
90,495,9.902876641823381
90,496,7.1600419686688745
90,497,7.176826919349657
90,498,2.92426975170485
90,499,5.376382622706758
100,0,2.8244417462241893
100,1,7.889020186425068
100,2,3.962912284059788
100,3,3.436076730583664
100,4,19.650198320550498
100,5,10.262122709972035
100,6,7.070067416851361
100,7,5.578800519852476
100,8,3.8812396393494533
100,9,7.87444670425784
100,10,7.957540255415673
100,11,3.2625230929224824
100,12,6.395712362270243
100,13,8.25012470407194
100,14,8.630402125976413
100,15,5.95825026648355
100,16,5.303124257579937
100,17,4.181914115872865
100,18,5.468930312944999
100,19,3.6930800201669407
100,20,5.506929165257352
100,21,3.087691480822851
100,22,3.8212662527684085
100,23,7.738852135081465
100,24,3.437184375882132
100,25,4.7038570138011
100,26,2.989386627453105
100,27,10.701524051833402
100,28,5.912775204690854
100,29,3.963916156188621
100,30,6.224825355556121
100,31,5.228726118717707
100,32,8.581885060429155
100,33,4.093584576274678
100,34,16.319953130858273
100,35,9.53166082485782
100,36,7.876999199772654
100,37,3.2950671173008774
100,38,7.658150745086818
100,39,10.871315678389736
100,40,7.327221532555095
100,41,18.62573143035398
100,42,11.34189492219777
100,43,4.0461759264418555
100,44,9.31000496310727
100,45,8.727046077914434
100,46,10.084258970890144
100,47,3.5902259141110373
100,48,12.358471968805356
100,49,4.258644505658521
100,50,4.2224632921104375
100,51,3.379105184612252
100,52,4.5639297166661175
100,53,10.080019025584825
100,54,3.986931572095037
100,55,5.18496961618014
100,56,17.237801212384518
100,57,5.4394780374829965
100,58,4.6781314657308615
100,59,13.744386648346437
100,60,3.368711556312688
100,61,4.580086046773423
100,62,4.994565772026613
100,63,13.022534574502341
100,64,4.1379113217899155
100,65,2.6550633352079474
100,66,7.32846525389841
100,67,4.444518353363064
100,68,3.1982186574769758
100,69,2.374394442204596
100,70,6.247452246013056
100,71,5.005379235324032
100,72,15.897953661840125
100,73,6.469819278100854
100,74,16.69230837621716
100,75,5.120150057418971
100,76,6.465505408724814
100,77,3.2849080419103993
100,78,7.618296527469683
100,79,15.212550408000924
100,80,8.00915453486211
100,81,2.5957334912969907
100,82,9.144881824587149
100,83,15.471679886183566
100,84,8.14750253272921
100,85,3.4139373085727365
100,86,8.720762195302758
100,87,5.557305393619867
100,88,4.782429231921342
100,89,3.703415282659552
100,90,10.147369382546202
100,91,4.669278566193941
100,92,5.21076460353191
100,93,4.485824852768613
100,94,4.078337165009503
100,95,9.379407562845287
100,96,9.332566141880404
100,97,3.5840581618954155
100,98,10.624794098544823
100,99,15.24050248519275
100,100,10.933821258413078
100,101,3.495124465007334
100,102,7.340660418675615
100,103,7.275967860062614
100,104,17.669822788965316
100,105,6.404750300200866
100,106,6.189159466493667
100,107,14.153323214646644
100,108,4.068806966291133
100,109,5.338454129900153
100,110,4.98174853074252
100,111,2.6982998673755008
100,112,4.766606170254036
100,113,4.012356683282228
100,114,2.5283014530714145
100,115,5.761243266962017
100,116,4.713217755952739
100,117,5.206308961320481
100,118,4.092998391390381
100,119,5.304638975914364
100,120,7.390281514951479
100,121,9.775309173817904
100,122,2.6695672992505353
100,123,3.433748544828737
100,124,4.432470720315643
100,125,9.120522881348233
100,126,3.765610738474343
100,127,11.014332524817817
100,128,4.317915768346223
100,129,3.239133427297261
100,130,18.514647637407442
100,131,2.7403971844505475
100,132,5.076910190736551
100,133,6.7246260255072245
100,134,9.846234793346696
100,135,4.121996798296735
100,136,4.055560755335672
100,137,9.095665169952502
100,138,7.492694598378108
100,139,5.352943909869532
100,140,9.455585862566702
100,141,4.668644437249171
100,142,4.401532869670506
100,143,3.1228479457995078
100,144,3.99659792516553
100,145,5.482365120627954
100,146,12.708969538469967
100,147,3.1344243959798064
100,148,3.253235424458082
100,149,6.460891248755793
100,150,4.072908081176315
100,151,7.846394157334213
100,152,2.8432131936024083
100,153,10.635126157050438
100,154,4.843446018575701
100,155,6.713969518871283
100,156,8.369685152842639
100,157,3.0297703601834165
100,158,4.359961363228359
100,159,4.522939943716792
100,160,6.782281622728977
100,161,4.396839402402415
100,162,3.634704085896734
100,163,4.186731807081963
100,164,3.213603363940465
100,165,12.758953445755816
100,166,6.412739763040294
100,167,7.372700141826936
100,168,2.5092574148976494
100,169,3.845335543467161
100,170,3.30433183125537
100,171,6.18543877053806
100,172,5.10843973581975
100,173,3.4847916658498423
100,174,7.021705940492951
100,175,2.6640491968053803
100,176,6.237458105703962
100,177,3.1116615205706037
100,178,8.506267216237362
100,179,4.39130605809063
100,180,3.6538509028104085
100,181,12.508049083048558
100,182,4.465573346740533
100,183,8.60355444144369
100,184,6.705763902641114
100,185,11.367722730069186
100,186,2.765197991519269
100,187,9.443581513517973
100,188,6.860040960312376
100,189,3.9965339322580107
100,190,2.602526328133538
100,191,9.033225552040948
100,192,8.240718435456555
100,193,15.204227464299702
100,194,6.185213589529378
100,195,12.704706770872969
100,196,7.6265504357155445
100,197,12.981160937250944
100,198,11.396146754312785
100,199,3.1825391044928457
100,200,11.510714648985301
100,201,4.219638857466757
100,202,11.756537486193876
100,203,10.796934985645951
100,204,2.70334996939631
100,205,3.202132741442436
100,206,2.7401913932840642
100,207,13.569019273811998
100,208,4.598936601569503
100,209,7.534583934987234
100,210,5.480804462146962
100,211,2.9596914944978385
100,212,3.465116970861329
100,213,7.5069469023911095
100,214,12.057572354638504
100,215,10.577640083198862
100,216,3.5945023409026713
100,217,4.781770382052304
100,218,4.480651475837231
100,219,3.6864270499252134
100,220,2.963548914765366
100,221,3.7071321398219896
100,222,9.281283855118364
100,223,4.018217564001249
100,224,10.27283488919887
100,225,3.503098577726281
100,226,5.383524409777824
100,227,13.36380268847742
100,228,7.710935196805743
100,229,12.51104499971066
100,230,7.174298828542192
100,231,3.6701514676388474
100,232,5.477620026770135
100,233,19.95577510784942
100,234,7.369668879007691
100,235,9.332379161087339
100,236,7.905633587363479
100,237,4.259405904314172
100,238,6.635283568353496
100,239,9.089451658721059
100,240,10.225804569750315
100,241,6.928452905289368
100,242,10.351991937396388
100,243,3.042222850709665
100,244,10.850277185905565
100,245,2.8348297617572933
100,246,3.1823306937386553
100,247,10.98429221666477
100,248,2.975914466017136
100,249,9.006299360573253
100,250,12.041338071864459
100,251,5.702915602451018
100,252,7.871955708855588
100,253,13.402897746540578
100,254,9.75818123792303
100,255,8.03772390443222
100,256,9.30311244592059
100,257,5.709034406799232
100,258,4.6333096952657415
100,259,11.722178159809987
100,260,4.510889102641942
100,261,9.744078037173663
100,262,8.196553303769791
100,263,20.179687287993964
100,264,2.91299475009308
100,265,10.742750077708843
100,266,5.894135568698193
100,267,3.209719757360436
100,268,13.379128099108225
100,269,5.571797748027255
100,270,3.287527484145132
100,271,2.8973920298737754
100,272,7.242796040435141
100,273,4.957779541279613
100,274,7.234776398449365
100,275,4.182712961832787
100,276,8.488086065814162
100,277,4.1713125407475005
100,278,4.487110838485691
100,279,17.405426598366926
100,280,8.306170665165576
100,281,5.945573312649645
100,282,3.7713829431441934
100,283,2.6326104638537173
100,284,2.7156044162455837
100,285,4.044011969178466
100,286,4.991856009509496
100,287,9.17511285344703
100,288,6.735707244277149
100,289,4.473117185528142
100,290,10.448648716024175
100,291,7.568839623313296
100,292,3.2288225936776596
100,293,4.849193471202633
100,294,6.619742660310957
100,295,3.2050747851515955
100,296,4.241682652458871
100,297,2.9823825634083554
100,298,2.753136056793422
100,299,3.829741216749319
100,300,9.054451988577327
100,301,5.993862524694826
100,302,13.017427236752654
100,303,9.462290765795494
100,304,5.904061995453214
100,305,7.0882841542045405
100,306,5.560378358339534
100,307,3.143364027305722
100,308,4.594720779783461
100,309,5.4822042795831045
100,310,9.599833349508009
100,311,5.837524837772959
100,312,7.697212133038336
100,313,12.829631786608934
100,314,4.329774675638686
100,315,10.59395616705492
100,316,5.198108907741501
100,317,7.223904247846045
100,318,10.108340983773449
100,319,6.873471690947152
100,320,3.9768994225311136
100,321,13.382552385841345
100,322,4.648900949891327
100,323,12.804154470656753
100,324,8.52925351704082
100,325,2.8773197625041522
100,326,4.472809349371432
100,327,4.071140000822926
100,328,11.698133099231832
100,329,2.7106072222601205
100,330,29.321300033720018
100,331,3.2640200428628994
100,332,7.065797251853712
100,333,9.595601572753326
100,334,6.086953330510359
100,335,8.350843876390703
100,336,5.234713136728921
100,337,5.91634754167987
100,338,6.012274047961585
100,339,11.984333870420127
100,340,12.953213951010357
100,341,7.094826213746381
100,342,26.074424789691836
100,343,5.100965871451282
100,344,3.711393332833052
100,345,5.112847403900019
100,346,13.148273627718453
100,347,3.357884449317191
100,348,9.8549816043393
100,349,5.355013965249377
100,350,3.1801887544306466
100,351,5.382481087913232
100,352,13.987366161637182
100,353,6.5389207357511445
100,354,4.072848720644983
100,355,10.258026117138485
100,356,3.075113644046925
100,357,5.508041226173309
100,358,3.6801416652302423
100,359,7.146617988267197
100,360,14.14911167007876
100,361,7.02942943129227
100,362,10.375136593365065
100,363,5.930132673397996
100,364,2.948437612391216
100,365,3.996406348774829
100,366,7.171317574882785
100,367,12.671415723479
100,368,5.256436038269583
100,369,6.708800545252811
100,370,3.2807991007798845
100,371,3.272294803755502
100,372,3.642702753190798
100,373,5.961950119502918
100,374,4.184668973028868
100,375,4.649619736239209
100,376,8.606723895667638
100,377,4.766356380969341
100,378,4.851012479600442
100,379,5.088484649719107
100,380,7.135646666555835
100,381,3.0922842590641064
100,382,4.391961853068688
100,383,6.2384408437717545
100,384,10.30798336105507
100,385,13.147394554185041
100,386,8.293841996040644
100,387,8.882646374094987
100,388,15.044931053375032
100,389,4.087670071957478
100,390,31.50078667278101
100,391,6.228797668464548
100,392,20.03284265981774
100,393,26.771363942730765
100,394,13.385682373823348
100,395,5.777206882458334
100,396,9.034381677994917
100,397,4.865281297474619
100,398,11.601679841749645
100,399,8.49607395657931
100,400,12.795032004944943
100,401,2.9309607043185193
100,402,7.591434576702115
100,403,9.120213222662736
100,404,3.94727644281865
100,405,4.26573091659745
100,406,6.4272900486436875
100,407,19.90355824283331
100,408,6.482563332540818
100,409,6.698353359090413
100,410,4.3714647837458775
100,411,5.609717221275178
100,412,2.6291139281565283
100,413,12.409135587607876
100,414,7.863090573411576
100,415,7.674955002943686
100,416,4.292039887929833
100,417,9.214620557986285
100,418,2.72916355706125
100,419,5.002967563214615
100,420,10.481449221225612
100,421,6.790377475335101
100,422,10.207641354004888
100,423,4.64606431515673
100,424,13.098140494260567
100,425,10.270658787697796
100,426,5.4818060924280205
100,427,9.041068481336657
100,428,7.219817423843344
100,429,2.977932603770766
100,430,12.338597178585967
100,431,6.6640450058598955
100,432,4.291057017869505
100,433,8.10377386055271
100,434,7.986274332953286
100,435,4.523393143475415
100,436,6.555285686827987
100,437,15.202775687471558
100,438,8.167337435352605
100,439,8.121639886187952
100,440,5.529978865120234
100,441,11.734241422467843
100,442,13.572311791102338
100,443,9.009326601911033
100,444,5.38428711963908
100,445,7.30823516939414
100,446,4.671673836172953
100,447,6.7629550620421375
100,448,11.101313544810623
100,449,6.537720417960765
100,450,5.49136533557798
100,451,4.868974112692573
100,452,2.766979684619128
100,453,10.079734438296516
100,454,11.670858735439241
100,455,6.135742841893335
100,456,4.083135128867018
100,457,3.0546489647445636
100,458,14.809138585607137
100,459,3.9453049257511847
100,460,10.444130325174353
100,461,5.081193591031134
100,462,6.685190596443858
100,463,11.978729296806875
100,464,5.9151312838902586
100,465,31.38875464015973
100,466,7.524088820871493
100,467,10.490493935092774
100,468,3.367472600540843
100,469,4.6874528178322485
100,470,10.568938253510922
100,471,9.358979670207402
100,472,3.822021032664007
100,473,15.282309063045748
100,474,9.774335378943626
100,475,5.857782601636053
100,476,2.699686905771366
100,477,3.6390155019316106
100,478,2.638877161411665
100,479,5.616807359969103
100,480,18.735028395490275
100,481,8.861027815107263
100,482,2.546526954067186
100,483,4.742998102945579
100,484,10.266484452357783
100,485,4.419936964065002
100,486,4.4501688688802625
100,487,10.590768885448917
100,488,6.120236339572128
100,489,3.971641355530707
100,490,9.581950975357794
100,491,3.2452019940946086
100,492,4.250775151711201
100,493,3.2127504090292773
100,494,4.845016523462874
100,495,9.305894964932632
100,496,4.957793305733955
100,497,3.3883607156765967
100,498,20.087962458481528
100,499,4.717118418631915
