swarm_size,trial,handshake_latency_ms
10,0,2.7012934600779177
10,1,2.572268276662253
10,2,2.641673095770794
10,3,2.523502296195405
10,4,2.535788348763694
10,5,2.609700646311846
10,6,2.5800856821772986
10,7,2.569766177098441
10,8,2.5245898428928806
10,9,2.748563018294685
10,10,2.5087493980059663
10,11,2.6238391322033645
10,12,2.710556419335944
10,13,2.6028785005388624
10,14,2.551105468273927
10,15,2.394235177920116
10,16,2.642273236413724
10,17,2.499547376884665
10,18,2.5425964702997996
10,19,2.7250568740209986
10,20,2.7197063543299524
10,21,2.6505592191665897
10,22,2.540112230609354
10,23,2.669396064218431
10,24,2.603597668394887
10,25,2.602893008767362
10,26,2.7600148120351307
10,27,2.7502000437895155
10,28,2.622915159964222
10,29,2.6005778320390998
10,30,2.5258286374501466
10,31,2.7142236870946532
10,32,2.657728389102193
10,33,2.62597218744387
10,34,2.672917401873304
10,35,2.8100796431345008
10,36,2.5631824589899055
10,37,2.540359993623684
10,38,2.5135635722908285
10,39,2.6132049782104625
10,40,2.595470858501486
10,41,2.6338851549287603
10,42,2.6549003929577273
10,43,2.572626158875644
10,44,2.7614710903426998
10,45,2.6374467151149537
10,46,2.605629549609785
10,47,2.5951831342360623
10,48,2.5318924020365374
10,49,2.675634906938887
10,50,2.634064536382072
10,51,2.6303667192656155
10,52,2.4885342689668435
10,53,2.6997510521507673
10,54,2.4885227188960655
10,55,2.6030481798045644
10,56,2.5330766491182675
10,57,2.544116363552559
10,58,2.6108173439253357
10,59,2.674929454570458
10,60,2.62013852928825
10,61,2.581813830801428
10,62,2.5136395704489267
10,63,2.604626450651467
10,64,2.5752154691189233
10,65,2.7647030949354847
10,66,2.492051975563806
10,67,2.642499927216029
10,68,2.625530750159356
10,69,2.593782862221711
10,70,2.7247906485344573
10,71,2.5794109070246387
10,72,2.480211372980011
10,73,2.6707198221676016
10,74,2.589565614075377
10,75,2.733993919842718
10,76,2.663647865699195
10,77,2.6415335733349092
10,78,2.5209484014703514
10,79,2.5380786968437046
10,80,2.495296561252954
10,81,2.5022350099352586
10,82,2.527535325868402
10,83,2.5499257294662434
10,84,2.4738548040322574
10,85,2.6177411879009815
10,86,2.6837459151943728
10,87,2.61660337575547
10,88,2.6771284443260384
10,89,2.472939435287244
10,90,2.5964542046039853
10,91,2.6592030288295607
10,92,2.602043374604975
10,93,2.5610321077834777
10,94,2.681251426766754
10,95,2.744329829798771
10,96,2.742780181466756
10,97,2.589604578259783
10,98,2.46972527761178
10,99,2.5046475523179272
10,100,2.708966512358231
10,101,2.692922949724648
10,102,2.6220744047611624
10,103,2.72844852956953
10,104,2.634299141629089
10,105,2.7453086989176367
10,106,2.6131568330252675
10,107,2.5969844815214476
10,108,2.684764478833092
10,109,2.518133395026673
10,110,2.6061779783008547
10,111,2.762897240386865
10,112,2.6138192142859755
10,113,2.7014204364284216
10,114,2.605454717876638
10,115,2.6813318390893173
10,116,2.548103907008887
10,117,2.588194406259465
10,118,2.5862939092953336
10,119,2.63867913109557
10,120,2.5855752589080723
10,121,2.5553973508902876
10,122,2.79764591050987
10,123,2.7840432586621935
10,124,2.6476514412522754
10,125,2.6174885353948936
10,126,2.4004575612049965
10,127,2.6420701735442425
10,128,2.6424002146328576
10,129,2.5214644473241106
10,130,2.5553458545772734
10,131,2.698822271551403
10,132,2.5365082275639215
10,133,2.7811267318467854
10,134,2.537043034893423
10,135,2.646702691558427
10,136,2.46055071816541
10,137,2.5797728818892205
10,138,2.6438408331113044
10,139,2.6616574028970885
10,140,2.6853468327957635
10,141,2.604106501710553
10,142,2.6179670783989244
10,143,2.6250398613221626
10,144,2.469389382163621
10,145,2.658473295614064
10,146,2.5817247139541264
10,147,2.610169535905524
10,148,2.6474082816212205
10,149,2.550443828577546
10,150,2.6775128303213243
10,151,2.6480777679986787
10,152,2.451076369842885
10,153,2.5151553674034886
10,154,2.6706432596053236
10,155,2.6363354953273093
10,156,2.5199192633346423
10,157,2.7074057863567575
10,158,2.5783688561910543
10,159,2.6624683731106904
10,160,2.5990934814049336
10,161,2.599581916664932
10,162,2.5559390520470027
10,163,2.5340614479319887
10,164,2.5754220663559892
10,165,2.544643820950324
10,166,2.5298172402915893
10,167,2.6291743385399604
10,168,2.547580535496806
10,169,2.5501111568400114
10,170,2.6491585417561545
10,171,2.6469846647955495
10,172,2.622487945565298
10,173,2.555116131106778
10,174,2.5713647588698767
10,175,2.576033791332316
10,176,2.609359407272911
10,177,2.5391076214790913
10,178,2.67531765797141
10,179,2.6210979505686245
10,180,2.721863792702901
10,181,2.7255971634135814
10,182,2.572149977996092
10,183,2.678959148125896
10,184,2.650107526627036
10,185,2.675996263801922
10,186,2.6199128022237215
10,187,2.5878592460168575
10,188,2.622008268202733
10,189,2.5678157741183765
10,190,2.5882976493387577
10,191,2.5700784676504393
10,192,2.62897167658946
10,193,2.5479890221280517
10,194,2.645475051944312
10,195,2.5186065420931936
10,196,2.6513996723507782
10,197,2.72504415580473
10,198,2.4679756799157233
10,199,2.529797364919461
10,200,2.4907900243472505
10,201,2.60816737058682
10,202,2.555323615643866
10,203,2.682429870203775
10,204,2.5443689983550626
10,205,2.71962959450738
10,206,2.569950238439477
10,207,2.802971289665145
10,208,2.6123852582975347
10,209,2.624853617545257
10,210,2.542259301132238
10,211,2.631075178289882
10,212,2.6597331436668226
10,213,2.58046352544095
10,214,2.666777846270496
10,215,2.731923441057539
10,216,2.55850549634584
10,217,2.6473214501109394
10,218,2.6038110224388418
10,219,2.4514875275411816
10,220,2.7483083301681854
10,221,2.6342198395651795
10,222,2.561090992211731
10,223,2.6279341338315763
10,224,2.5993730010948717
10,225,2.684265048562883
10,226,2.6111140562390633
10,227,2.7031731707074917
10,228,2.6384487956766307
10,229,2.6570130739836446
10,230,2.5934834169205274
10,231,2.6202881037398145
10,232,2.6501283723126936
10,233,2.6365042246862687
10,234,2.4477307475124763
10,235,2.6377630428785506
10,236,2.658855133013526
10,237,2.578375002022257
10,238,2.7000251127933925
10,239,2.589960511642599
10,240,2.4582202630880157
10,241,2.6115857886140503
10,242,2.60436217672071
10,243,2.602755232164399
10,244,2.53231891211787
10,245,2.6507817652018835
10,246,2.60675368157106
10,247,2.632659542806949
10,248,2.5985852158764606
10,249,2.720652452392214
10,250,2.600997288827148
10,251,2.5290847259206903
10,252,2.611570819518962
10,253,2.556988042802383
10,254,2.4392076753402323
10,255,2.653573563782422
10,256,2.5500945884536983
10,257,2.674272507253938
10,258,2.6746134465024554
10,259,2.5404393094289834
10,260,2.604238109351707
10,261,2.560534601960486
10,262,2.5572778673824335
10,263,2.6436757041004046
10,264,2.5868355924855435
10,265,2.6956542591166146
10,266,2.5492363607156405
10,267,2.6816074052976546
10,268,2.555917266574746
10,269,2.5797693492311984
10,270,2.646689227244017
10,271,2.627229138299454
10,272,2.6203207370374013
10,273,2.6108619135736335
10,274,2.5877591701430482
10,275,2.7134820374309987
10,276,2.6749356327099982
10,277,2.730368490183572
10,278,2.6078057194136632
10,279,2.6687240781342245
10,280,2.609761419605814
10,281,2.6886010562521716
10,282,2.613212433916545
10,283,2.608293456005969
10,284,2.5414614763461003
10,285,2.579801574380167
10,286,2.6569338730620826
10,287,2.653457546987116
10,288,2.5518474438265177
10,289,2.6092738049840896
10,290,2.6003356007714435
10,291,2.5050319511413957
10,292,2.6396503023296902
10,293,2.5179092493521087
10,294,2.728992187120465
10,295,2.6558888691287668
10,296,2.5989751280009785
10,297,2.5470208181229337
10,298,3.6243178731459658
10,299,2.6423942666764013
10,300,2.604070650840605
10,301,2.5957682027064672
10,302,2.5633207440935504
10,303,2.566562139680492
10,304,2.6286770452959463
10,305,2.579700944759927
10,306,2.571291651626652
10,307,2.6057044171953514
10,308,2.6280957142011085
10,309,2.4943701966074943
10,310,2.573071756650681
10,311,2.399560436495548
10,312,2.563245673613926
10,313,2.608399472936678
10,314,2.615812559615409
10,315,2.5829741229847474
10,316,2.6328175255221904
10,317,2.6702563315970336
10,318,2.6202564148872813
10,319,2.6742811811233285
10,320,2.5834279724627014
10,321,2.5534017438570347
10,322,2.544265171319874
10,323,2.543683016316048
10,324,2.585414712816362
10,325,2.621606511353465
10,326,2.5376036562268496
10,327,2.6288669674725567
10,328,2.5720498662403277
10,329,2.6077841382197495
10,330,2.7117009950256006
10,331,2.488770322986795
10,332,2.6193664260642358
10,333,2.5638445598853274
10,334,2.7000179052861726
10,335,2.6551964273054773
10,336,2.6785948163175846
10,337,2.722917408909417
10,338,2.5134152901285276
10,339,2.7403391864653086
10,340,2.623447578307226
10,341,2.593833951890932
10,342,2.7039640155324314
10,343,2.5853111359398917
10,344,2.4967488673673945
10,345,2.631348983910315
10,346,2.5324524178967867
10,347,2.5733872889736893
10,348,2.737598499803471
10,349,2.625638681808236
10,350,2.5828396578137043
10,351,2.680005226040832
10,352,2.5378726011647674
10,353,2.5096735795887586
10,354,2.6012871045473984
10,355,2.615358542724499
10,356,2.5469006347360814
10,357,2.663079765866849
10,358,2.6555646945016123
10,359,2.594497966150398
10,360,2.6369145348840664
10,361,2.6897059480295957
10,362,2.6657501304204745
10,363,2.6169945873400073
10,364,2.553938016198686
10,365,2.5374959142966635
10,366,2.5381213841860117
10,367,2.5684391358056535
10,368,2.5844009715521774
10,369,2.4780081481961203
10,370,2.5508897390701253
10,371,2.7332094248906764
10,372,2.6029862858146213
10,373,2.41990316285647
10,374,2.5025571493876884
10,375,2.663296254913629
10,376,2.502916502732791
10,377,2.6132358543646133
10,378,2.5495125199577595
10,379,2.540463736997596
10,380,2.7063743117503445
10,381,2.683750462004377
10,382,2.543489878454436
10,383,2.5384141634159514
10,384,2.6027148212115034
10,385,2.7039572048255587
10,386,2.452883892497027
10,387,2.575837601273081
10,388,2.5871686622424512
10,389,2.667056843545032
10,390,2.6763796350660973
10,391,2.659213235946326
10,392,2.4771874204951545
10,393,3.6458323268746358
10,394,2.6354495583027266
10,395,2.584661971729813
10,396,2.595897022690403
10,397,2.693193638659574
10,398,2.594372182404814
10,399,2.777389226692542
10,400,2.56042151067224
10,401,2.6252140079788484
10,402,2.6705287503425104
10,403,2.5935915044720335
10,404,2.687730035919639
10,405,2.720042220010153
10,406,2.5774635870969322
10,407,2.5949513531771196
10,408,2.475026078959938
10,409,2.6607256446141956
10,410,2.646814290448864
10,411,2.518333394904883
10,412,2.6950693976548203
10,413,2.603363501890117
10,414,2.5605402807727793
10,415,2.653488171877278
10,416,2.634483844017037
10,417,2.7867169228858253
10,418,2.5806137403970775
10,419,2.542850922548125
10,420,3.7425696310123553
10,421,2.570704089622132
10,422,2.610792490178229
10,423,2.7516496360760088
10,424,2.7148480333906684
10,425,2.48189910925618
10,426,2.547203099219796
10,427,2.563569838946818
10,428,2.5207564996636895
10,429,2.7033380422840856
10,430,2.641050655606086
10,431,2.615637013926718
10,432,2.67274391548693
10,433,2.531386386772014
10,434,2.78628682245838
10,435,2.7438378534377734
10,436,2.6819723735110568
10,437,2.716548949382325
10,438,2.6359711282755263
10,439,2.564334062444538
10,440,2.590901161379456
10,441,2.750952504280572
10,442,2.5268773058826635
10,443,2.6350398625051663
10,444,2.5890067664856797
10,445,2.5508272626398476
10,446,2.6483602325746998
10,447,2.683392678431255
10,448,2.5595334944828454
10,449,2.6612534987675973
10,450,2.5655270744147955
10,451,2.6194665900478094
10,452,2.5914402601906485
10,453,2.5996022290311647
10,454,2.6113115838855454
10,455,2.646100901888021
10,456,2.6684238920613734
10,457,2.655384803803354
10,458,2.5601572217781605
10,459,2.671164023883188
10,460,2.5820691797445012
10,461,2.5932664433220207
10,462,2.5233482120646173
10,463,2.6365647903534764
10,464,2.728958430034555
10,465,2.7355510555518365
10,466,2.5654370911784765
10,467,2.61963232000844
10,468,2.5574276799544537
10,469,2.5486088181078914
10,470,3.829394446295678
10,471,2.5530569384834974
10,472,2.6612392400578373
10,473,2.5274055997869844
10,474,2.573382870363212
10,475,2.531598946877537
10,476,2.5823598113882444
10,477,2.647251484504597
10,478,2.6303047151728234
10,479,2.5853364446346556
10,480,2.7123244917030656
10,481,2.6433942812782396
10,482,2.701501714902651
10,483,2.6795815153859053
10,484,2.5282087650157004
10,485,2.69149732024804
10,486,2.666249448697838
10,487,2.723627760615658
10,488,2.6759305751264053
10,489,2.5812116755480434
10,490,2.582560299281408
10,491,2.5825621491885973
10,492,2.522756053116321
10,493,2.6741810014003975
10,494,2.515614965274541
10,495,2.6400491458105
10,496,2.4986928103073223
10,497,2.51493488723625
10,498,2.64051799797305
10,499,2.5813316885261828
20,0,2.5578078230058297
20,1,2.644226247086068
20,2,2.670586846220935
20,3,2.618990249542563
20,4,2.5983200590493234
20,5,2.8180128298684437
20,6,2.7435643137871546
20,7,2.6630485144441973
20,8,2.6264965019494686
20,9,2.561710782632085
20,10,2.7018517892324208
20,11,2.6942834183065445
20,12,2.5819671583927253
20,13,2.6650193882176985
20,14,2.685722051133449
20,15,2.567753274935323
20,16,2.757275480827787
20,17,2.7616109586694284
20,18,2.87105791893636
20,19,2.580350829762238
20,20,2.618123597829322
20,21,2.5895214426577677
20,22,2.5088456904921763
20,23,2.622196077204885
20,24,2.75129354304041
20,25,2.721646007772625
20,26,2.630110053682015
20,27,2.5814933578402393
20,28,2.6412180465395014
20,29,2.5588311787389864
20,30,2.647498877367552
20,31,2.605528576206444
20,32,2.528229991245137
20,33,2.723381485660687
20,34,2.7098820360351277
20,35,2.7161764376795534
20,36,2.5869592373524184
20,37,2.5845567439181107
20,38,2.7469471106974757
20,39,2.6717883105638296
20,40,2.4907488511944424
20,41,2.5489223921009843
20,42,2.752867363670089
20,43,2.589399596341486
20,44,2.713438052652883
20,45,2.65610959475591
20,46,2.6190844863094593
20,47,2.630859236902914
20,48,2.832855560403641
20,49,2.6254251775978292
20,50,2.568633145265424
20,51,2.637294764131546
20,52,2.4675837586597136
20,53,2.721806946443578
20,54,2.508528223831221
20,55,2.6160266064001005
20,56,2.564672944059292
20,57,2.7194718372403637
20,58,2.682965423482518
20,59,2.541949763660589
20,60,2.6750218224539557
20,61,2.71738418528344
20,62,2.6438004105336654
20,63,2.7121778626054978
20,64,2.6306345097759984
20,65,2.632435981642744
20,66,2.6297520469827704
20,67,2.7423907383378365
20,68,2.68800212967713
20,69,2.5763700448932494
20,70,2.638803967980021
20,71,2.608404952411599
20,72,2.632873641973596
20,73,2.63544554939933
20,74,2.5604663267359746
20,75,2.705144777191478
20,76,2.762222547378581
20,77,2.746059669443686
20,78,2.647154306829444
20,79,2.5787614944382784
20,80,2.6244899243188193
20,81,2.5757439369827244
20,82,2.633113675782246
20,83,2.5737906206367454
20,84,2.613249369203821
20,85,2.5885312902029476
20,86,2.7058240383885237
20,87,2.621772480765689
20,88,2.750602072280697
20,89,2.742032643337587
20,90,2.701548901790468
20,91,2.6450510333462085
20,92,2.6423240873565232
20,93,2.7092940409698545
20,94,2.6676236607952877
20,95,2.680382830984194
20,96,2.5475249650195995
20,97,2.6258274292299633
20,98,2.4851180237236283
20,99,2.560050654797244
20,100,2.6248692909304387
20,101,2.6400683315383144
20,102,2.711362887450231
20,103,2.5532457931562256
20,104,2.5155910036724367
20,105,2.6039219827987394
20,106,2.522920659938888
20,107,2.6445160502116134
20,108,2.76125136003509
20,109,2.592299957832505
20,110,2.496426810934219
20,111,2.568488919626248
20,112,2.605394176637434
20,113,2.5277330959913433
20,114,2.6080723720998593
20,115,2.7046990891497025
20,116,2.5407432397843923
20,117,2.627763883009509
20,118,2.797150281017004
20,119,2.6202965928144755
20,120,2.687781054714169
20,121,2.532845253345012
20,122,2.622027743436297
20,123,2.4986226567175014
20,124,2.607032759218805
20,125,2.7107076464116533
20,126,2.5169184421476722
20,127,2.7115885750993827
20,128,2.62948156464868
20,129,2.6000649811354566
20,130,2.6916315112458076
20,131,2.5726178044926526
20,132,2.662104135054723
20,133,2.5496590650245663
20,134,2.8675913741924006
20,135,2.657677506442088
20,136,2.7101354409958
20,137,2.71670566302382
20,138,2.4785496615278446
20,139,2.657419445699875
20,140,2.57199004985833
20,141,2.659055080044313
20,142,2.63109715562096
20,143,2.6139296479053353
20,144,2.5728995844967217
20,145,2.64501882296145
20,146,2.6031064286604146
20,147,2.629906245347194
20,148,2.7101286142996286
20,149,2.8294058811986336
20,150,2.665451904802564
20,151,2.6064064095176485
20,152,2.5973586667919886
20,153,2.692901003779406
20,154,2.7031592782022416
20,155,2.6163195274291846
20,156,2.4901267679435746
20,157,2.5516371731171468
20,158,2.531116767644272
20,159,2.624316374321972
20,160,2.71305022386399
20,161,2.6715263539050165
20,162,2.581941879245055
20,163,2.577224424283677
20,164,2.5912471111956585
20,165,2.5528100970171828
20,166,2.7410104027719937
20,167,2.6086102797201263
20,168,2.710625302440154
20,169,2.6306143386789973
20,170,2.5485320918464396
20,171,2.8095068415223596
20,172,2.5479334495446198
20,173,2.5224203359316273
20,174,2.5533903987564046
20,175,2.921097299391808
20,176,2.434083275717478
20,177,2.6366805420489046
20,178,2.667912438766959
20,179,2.6934275468839783
20,180,2.7063587916658447
20,181,2.65211189974657
20,182,2.6987337524773807
20,183,2.7293893478891746
20,184,2.7039432559452012
20,185,2.566668301768236
20,186,2.672890862056984
20,187,2.599319724022894
20,188,2.6918921211748135
20,189,2.6633376124073846
20,190,2.71423191385021
20,191,2.6335829060247886
20,192,2.696512547029511
20,193,2.584878908668438
20,194,2.5902339016245515
20,195,2.6071260510687138
20,196,2.6714075909866266
20,197,2.5523030904319524
20,198,2.606009501301355
20,199,2.5331868681047838
20,200,2.594817750653995
20,201,2.7269864413856166
20,202,2.7131738492260054
20,203,2.4529063572359417
20,204,2.5790739155604627
20,205,2.595079182447562
20,206,2.4882751181159315
20,207,2.5222751399077836
20,208,2.7447818177409626
20,209,2.638234000267592
20,210,2.580135952618739
20,211,2.600121673542022
20,212,2.667104198699293
20,213,2.665800914446222
20,214,2.7619696305826946
20,215,2.5943188993341746
20,216,2.550962112879807
20,217,2.6088452171026253
20,218,2.5437725401867617
20,219,2.524128557208503
20,220,2.6378968603715243
20,221,2.5512970821653203
20,222,2.8032156176001046
20,223,2.7877227623526917
20,224,2.671347089960799
20,225,2.6827258846123994
20,226,2.6171282448334923
20,227,2.62566959106664
20,228,2.5376302217291364
20,229,2.6197339998828078
20,230,2.5594492654869585
20,231,2.9442068745304883
20,232,2.5307246163484862
20,233,2.6593805975297604
20,234,2.7819790161707396
20,235,2.572691713764903
20,236,2.726692481032693
20,237,2.7176379757861344
20,238,2.621272667554508
20,239,2.7153335838035924
20,240,2.8078451795628574
20,241,2.5670992936770003
20,242,2.784870275447784
20,243,2.593201714049675
20,244,2.7312660439212144
20,245,2.6070205531922475
20,246,2.631888378483909
20,247,2.5218515377178017
20,248,2.6262819260133807
20,249,2.708619302073623
20,250,2.5222474229219896
20,251,2.6971843586209485
20,252,2.5753217148451033
20,253,2.5924993136874335
20,254,2.84901675453147
20,255,2.573380212001054
20,256,2.649183639376345
20,257,2.5534193583136586
20,258,2.837629957422412
20,259,2.6753498052669378
20,260,2.7394714904741413
20,261,2.4570605597449324
20,262,2.6204740510980247
20,263,2.698152946979954
20,264,2.769030779159434
20,265,2.588742543667492
20,266,2.627267618116972
20,267,2.6011410709822886
20,268,2.6146994720465515
20,269,2.5889483366598904
20,270,2.7106046802643657
20,271,2.629566592789063
20,272,2.684197611255457
20,273,2.6785395943741213
20,274,2.6489681537486467
20,275,2.6724974576392815
20,276,2.6636005758556687
20,277,2.5679849480341583
20,278,2.5422334940262656
20,279,2.5745572955867764
20,280,2.735816453220146
20,281,2.771555418995257
20,282,3.647744871269523
20,283,2.649145280384941
20,284,2.7282334878507064
20,285,2.633748198331757
20,286,2.7829280353265307
20,287,2.5847427609346143
20,288,2.7869180635979873
20,289,2.611654346354056
20,290,2.6800573410449506
20,291,2.637381020565814
20,292,2.7203814752927333
20,293,2.6607599371613495
20,294,2.667436787701661
20,295,2.5453628540156896
20,296,2.6335367784254577
20,297,2.5928834742920013
20,298,2.5685120017323433
20,299,2.4933276018081907
20,300,2.648315406432232
20,301,2.503737625233281
20,302,2.805874535899241
20,303,2.5270618872442965
20,304,2.526657377956504
20,305,2.5477645196404715
20,306,2.727924309533411
20,307,2.6908377929521783
20,308,2.6160282589338513
20,309,2.6672817658151424
20,310,2.6279161484361078
20,311,2.640315016613892
20,312,2.6705705662417625
20,313,2.7352891807197275
20,314,2.54655339973732
20,315,2.6164454720482397
20,316,2.709086869096768
20,317,2.6861670910475692
20,318,2.637360015888314
20,319,2.7718329796812173
20,320,2.5620117860113942
20,321,2.855279759489962
20,322,2.5740905843882564
20,323,2.6294923659467666
20,324,2.562942014515679
20,325,2.73073084578457
20,326,2.467214229563216
20,327,2.68808065865071
20,328,2.4802074047601024
20,329,2.687943412013743
20,330,2.672703073475718
20,331,2.70113062804645
20,332,2.7047594354738203
20,333,2.66838885646574
20,334,2.551125035910407
20,335,2.714563416437457
20,336,2.594661891330782
20,337,2.631396261306358
20,338,2.5379966013314514
20,339,2.6039836336476503
20,340,2.4520581859737796
20,341,3.546544914425277
20,342,2.614878070334594
20,343,2.5925598493082127
20,344,2.6119574122288483
20,345,2.6525992923002746
20,346,2.6984870161129266
20,347,2.616617011006854
20,348,2.7884507945437
20,349,2.5986946183686013
20,350,2.631768382307856
20,351,2.676475193597265
20,352,2.669300518469967
20,353,2.6012239572719054
20,354,2.6182345838641785
20,355,2.641577210588501
20,356,2.681645904516743
20,357,2.5884125881485
20,358,2.6227209783591197
20,359,2.659324287367358
20,360,2.6782277156004155
20,361,2.708752757419737
20,362,2.5182129720595863
20,363,2.6897263476450695
20,364,2.6557653715263605
20,365,2.5678300195650636
20,366,2.6198886613692074
20,367,2.4611275112024273
20,368,2.650037168874934
20,369,2.6508377782522023
20,370,2.655141193777312
20,371,2.709727995812982
20,372,2.542272900602723
20,373,2.6040046663138705
20,374,2.602773854593044
20,375,2.6929404489307087
20,376,2.5611463021947984
20,377,2.547226162426222
20,378,2.598220401249322
20,379,2.6116289122082557
20,380,2.631199360210705
20,381,2.795607780762927
20,382,2.6108450457523813
20,383,2.5961138681030973
20,384,2.7380909360343164
20,385,2.6431474877639056
20,386,2.646389850533806
20,387,2.615615956942413
20,388,2.5496658640609096
20,389,2.6503070355842637
20,390,2.5288514225453254
20,391,2.6123513093599766
20,392,2.506196228568412
20,393,2.614777352788995
20,394,2.504824078057127
20,395,2.7253798416939485
20,396,2.580512919663364
20,397,2.7210176427764834
20,398,2.710999075952418
20,399,2.7642075611210317
20,400,2.5496369226803512
20,401,2.639294280166889
20,402,2.636560523544372
20,403,2.665356473773201
20,404,2.5818438521927827
20,405,2.6237251712438048
20,406,2.7005428335586354
20,407,2.5823045592300775
20,408,2.724183806486345
20,409,2.48803701663497
20,410,2.7057128067306935
20,411,2.5872110257852565
20,412,2.6078156768631198
20,413,2.8012024941012807
20,414,2.7026884404751086
20,415,2.4713539689285424
20,416,3.7074882609286903
20,417,2.551726488793302
20,418,2.576693979978479
20,419,2.626798208335167
20,420,2.4853370236291834
20,421,2.603178381285642
20,422,2.6339240639647135
20,423,2.7688031300171074
20,424,2.617996921827675
20,425,2.538078595799172
20,426,2.570027740975989
20,427,2.626575499092234
20,428,2.6220269993114025
20,429,2.5447878711959655
20,430,2.6791309035004054
20,431,2.60723053728315
20,432,2.7624512058924258
20,433,2.7377043833542793
20,434,2.604259632894102
20,435,2.6584342510171335
20,436,2.5810796175505755
20,437,2.590165248543514
20,438,2.593371262009882
20,439,2.555028871086157
20,440,2.719280355103253
20,441,2.8394399457991084
20,442,2.6947216702196797
20,443,2.7358252591394048
20,444,2.6598826224538588
20,445,2.5591046231693277
20,446,2.6170507956150573
20,447,2.5741131652129488
20,448,2.625146643335102
20,449,2.758325583373268
20,450,2.76044304681706
20,451,2.601206118822946
20,452,2.6884853484405715
20,453,2.639903478001519
20,454,2.53139993152362
20,455,2.549112108201364
20,456,2.660444326866173
20,457,2.8681678676234585
20,458,2.679987571489839
20,459,2.6254422832856723
20,460,2.5387787196345024
20,461,2.61024267239799
20,462,2.763571009941854
20,463,2.64719711702662
20,464,2.708642578720223
20,465,2.677860883577892
20,466,2.7500569529836536
20,467,3.562562828305754
20,468,2.694618613040577
20,469,2.76041806433956
20,470,2.619982021437203
20,471,2.559191647897746
20,472,2.81374483649025
20,473,2.576194184833259
20,474,2.603579077042829
20,475,2.6932499133457504
20,476,2.561000976680125
20,477,2.623333282406856
20,478,2.481413630514353
20,479,2.528384619901528
20,480,2.6791660926768905
20,481,2.6498317364394066
20,482,2.5572652683148998
20,483,2.7376687246233775
20,484,2.5834029249223827
20,485,2.687596448993171
20,486,2.6673652658113784
20,487,2.6425637687767303
20,488,2.744365803373517
20,489,2.603800511994547
20,490,2.6231913350399516
20,491,2.531925993331218
20,492,2.7295498054730913
20,493,2.4784388945552864
20,494,2.6864790558033307
20,495,2.6495821330408362
20,496,2.691527722585187
20,497,2.729147489812491
20,498,2.707969764496734
20,499,2.7325311241127275
30,0,2.7018927830672714
30,1,2.592404815911898
30,2,2.9337872427525764
30,3,2.6612601391861284
30,4,2.95809321540548
30,5,2.5573891664556045
30,6,2.6040947003064465
30,7,2.621416023533221
30,8,2.6742151210446092
30,9,2.752863807341834
30,10,2.415287965258608
30,11,2.514811375575256
30,12,2.9067489280569827
30,13,2.5648878099809473
30,14,2.622940059352773
30,15,2.7126844267845773
30,16,2.590094416838111
30,17,2.6181820294050078
30,18,2.7338041759689204
30,19,2.6010663568703043
30,20,2.5136913784743173
30,21,2.551236085019566
30,22,2.790620674254562
30,23,2.7545410003171678
30,24,2.51500192345077
30,25,2.624378123660127
30,26,2.6279594423073442
30,27,2.860815766412391
30,28,2.7202196173404087
30,29,2.6781684495091755
30,30,2.7816810180708496
30,31,2.8327317793753344
30,32,2.4912221180771357
30,33,2.695263808724219
30,34,2.740247564375525
30,35,2.802362031768986
30,36,2.5892196828093206
30,37,2.8313542182845777
30,38,2.4443877613518894
30,39,2.598838458332279
30,40,2.765821168735413
30,41,2.7798765949127637
30,42,2.581074004643002
30,43,2.681759647065138
30,44,2.683400227335243
30,45,2.5697844702838983
30,46,2.7502060847249297
30,47,2.7941833289493507
30,48,2.617021054282922
30,49,2.6755618347128918
30,50,2.4848799246474553
30,51,2.8250883054610325
30,52,2.642530941024864
30,53,2.6228780785918797
30,54,2.6828166537364284
30,55,2.7028717238578635
30,56,2.6012705791053365
30,57,2.599286352144318
30,58,2.6670984354499434
30,59,2.903443044717466
30,60,2.675567320302793
30,61,2.786871932078861
30,62,2.7553822746470407
30,63,2.5602444231268873
30,64,2.6132970085846448
30,65,2.561262239672869
30,66,2.749052124593596
30,67,2.9637373936470093
30,68,2.632829625216623
30,69,2.5603907076549364
30,70,2.571293458994542
30,71,2.5862122294659566
30,72,2.579262463942921
30,73,2.6279344135076363
30,74,2.5987132027399675
30,75,2.5494000204678198
30,76,2.711922499247829
30,77,2.6824668003481897
30,78,2.782581994179228
30,79,2.5365839097971503
30,80,2.6560986102186517
30,81,2.725678028424648
30,82,2.8224133282408803
30,83,2.9115229018054722
30,84,3.1569849181429372
30,85,2.7728356369671614
30,86,2.6817768296119233
30,87,2.5885654802215408
30,88,2.6683414122426687
30,89,2.6134137086141314
30,90,2.6682949877366218
30,91,2.6450724669336703
30,92,2.604599597734348
30,93,2.578431197597987
30,94,2.683916796386737
30,95,2.6406811041019655
30,96,2.698595725192179
30,97,2.4625631898372213
30,98,2.8958643566121043
30,99,2.503085705287857
30,100,2.635497854811332
30,101,2.745893591550625
30,102,2.608180796463487
30,103,2.665189245792856
30,104,2.650443497870108
30,105,2.5607353567307514
30,106,2.8157357211982377
30,107,2.713826474314323
30,108,2.6195624603144227
30,109,2.6406676352501868
30,110,2.744759159420945
30,111,2.794656176723124
30,112,2.669934911215158
30,113,2.9238980668472676
30,114,2.641268546315078
30,115,2.856473260210126
30,116,2.750126886823818
30,117,2.7623791647999587
30,118,2.660168699571313
30,119,2.751909498581887
30,120,2.8074343102941337
30,121,3.069762408352791
30,122,2.796746113249795
30,123,2.5822763753748292
30,124,3.7804689567675815
30,125,2.6168249851742527
30,126,2.63589704531868
30,127,2.7554172980933545
30,128,2.6207669704281153
30,129,2.603956063932542
30,130,3.0395154185899793
30,131,2.680229207575673
30,132,2.543302914354873
30,133,2.6576733997443
30,134,2.839484502267716
30,135,2.7036145265507403
30,136,2.6167801573783027
30,137,2.7237829218460012
30,138,2.648277735612264
30,139,2.5469904189025745
30,140,2.990315378330835
30,141,2.5731466517234938
30,142,2.7683265528867267
30,143,2.585264180934059
30,144,2.720627526611004
30,145,2.822558852193182
30,146,2.7318816429148156
30,147,2.9531231433985
30,148,2.5021644927025806
30,149,2.607851156245613
30,150,2.5155347621034565
30,151,2.5709097401930134
30,152,2.765450650117622
30,153,2.678217439160237
30,154,2.691611578623403
30,155,2.6088261023957897
30,156,2.928530540919128
30,157,2.6272800823760427
30,158,2.572547581546301
30,159,2.667872728847651
30,160,2.7450951444891576
30,161,2.7430456246738006
30,162,3.1308623498228005
30,163,2.7369432618047793
30,164,2.6095561674690524
30,165,2.8382344512954942
30,166,2.677109809261704
30,167,2.613122028172751
30,168,2.5881104000387687
30,169,3.0383946309568515
30,170,2.5588317280120796
30,171,2.6474534269419503
30,172,2.594258528000526
30,173,2.6101445134573447
30,174,2.6235712237861466
30,175,2.595302780857694
30,176,2.61674451231923
30,177,2.9019972365079862
30,178,2.6024189791547983
30,179,2.5572098404404335
30,180,2.7342930119075506
30,181,2.656715293365417
30,182,3.136941941887266
30,183,2.528213041942605
30,184,2.6460713868086296
30,185,2.594412216274064
30,186,2.7814339122755776
30,187,2.8991133358055694
30,188,2.6311707292333257
30,189,2.692630536522547
30,190,2.622870064071805
30,191,2.71902432330592
30,192,2.893986161067775
30,193,2.5821377998094803
30,194,2.874927584798004
30,195,2.715786571139463
30,196,2.876522513743069
30,197,2.8941069902841026
30,198,2.6332251173128753
30,199,2.7009924616949874
30,200,2.467768136577315
30,201,2.8206552099467364
30,202,2.6504724480946042
30,203,2.664564201040856
30,204,2.6488554648929363
30,205,2.631148211420028
30,206,3.022025235200127
30,207,2.8211519752817478
30,208,2.775504692953271
30,209,2.5815856527366035
30,210,2.748829297207235
30,211,2.67548808786857
30,212,2.6215026031400233
30,213,2.790906602076946
30,214,2.727236500943543
30,215,2.6323276930981363
30,216,2.683616975729558
30,217,2.741288448868486
30,218,2.577685782908085
30,219,2.6726229230997784
30,220,2.737913173677148
30,221,2.610049304452101
30,222,2.744400967414541
30,223,2.5971154013500724
30,224,3.2623536396226
30,225,2.570472458361561
30,226,2.8105290353775647
30,227,2.652048065511363
30,228,2.5731833788288414
30,229,2.6807702336888592
30,230,2.7651389452324047
30,231,2.790346477071926
30,232,2.7771804162440503
30,233,2.633858030519948
30,234,2.4982054573238504
30,235,2.7575559668466547
30,236,2.5845966627469705
30,237,2.8136643020640006
30,238,2.8439539548354693
30,239,2.5654802478616467
30,240,2.7492601292573915
30,241,2.620748379940478
30,242,2.7546376479835857
30,243,2.6404190243618175
30,244,2.696195747922523
30,245,2.5464615528054857
30,246,2.6378238575085224
30,247,2.4582717229431204
30,248,2.6668419343502388
30,249,2.977540935916554
30,250,2.626056662547327
30,251,2.7520565916712996
30,252,2.591559482304937
30,253,2.824034818071638
30,254,2.658335390546285
30,255,2.557761325186078
30,256,2.7001300668936876
30,257,2.660146538101685
30,258,2.6369024819687055
30,259,2.7300378660691487
30,260,2.726368236202814
30,261,2.7057131064936115
30,262,2.6318501823696625
30,263,2.6525314468679464
30,264,2.7524744093910614
30,265,2.75697189180463
30,266,2.781934527605138
30,267,2.636078402801485
30,268,2.9796815540761363
30,269,2.6357358955482795
30,270,2.486890729351603
30,271,2.6489313205017795
30,272,2.76259919128695
30,273,2.7472379021376394
30,274,2.853299466911968
30,275,2.5706308558396533
30,276,2.797347812242528
30,277,2.6452970411596737
30,278,3.035449457818606
30,279,2.615697305364473
30,280,2.6076074725733025
30,281,2.8013357098917315
30,282,2.9532225540150407
30,283,2.6779689276126786
30,284,2.9119982223727114
30,285,2.9066076996192534
30,286,3.4243016978305283
30,287,2.8831934211137797
30,288,2.625182770722309
30,289,2.65632570702093
30,290,2.7719419572071793
30,291,2.6793507458366
30,292,2.740616848790658
30,293,2.830464975046337
30,294,2.721221224306537
30,295,2.59432107589893
30,296,2.9872395569259322
30,297,2.7448727842215477
30,298,2.8863263378931254
30,299,2.6532894827581117
30,300,2.6703599281322146
30,301,2.6228143216942468
30,302,2.8200746324971537
30,303,2.669766947199291
30,304,2.6045567891994463
30,305,2.6285197369249658
30,306,2.5666465812269093
30,307,2.5964908411372916
30,308,2.8290833382649376
30,309,2.808800499489501
30,310,2.63201870393135
30,311,2.4788779134613423
30,312,2.7743825220274614
30,313,2.750277886989987
30,314,2.563633557927184
30,315,2.6893278518033576
30,316,2.609405877832346
30,317,2.616419083551087
30,318,2.5470297557910317
30,319,2.793730454767639
30,320,2.6965387964528817
30,321,2.6527537729693282
30,322,2.696743526382203
30,323,2.7049388225743116
30,324,2.9792770746997475
30,325,2.960901342029669
30,326,2.594071693488858
30,327,2.825415231132509
30,328,2.5640359974781415
30,329,2.89086273629545
30,330,2.6247482964900044
30,331,2.9714825266993428
30,332,2.557201707412942
30,333,2.6845530301407043
30,334,2.7478129213829345
30,335,2.624360644742562
30,336,2.5378188239081974
30,337,2.8886503976172655
30,338,2.6246623453200217
30,339,2.6540867080114205
30,340,2.6361613912830744
30,341,2.8022662061308035
30,342,2.6043999952889836
30,343,2.5208028763575547
30,344,2.6773596220307563
30,345,2.7206968432570524
30,346,2.6399410002256323
30,347,3.0160711338616375
30,348,2.7395010590167375
30,349,2.865525845513424
30,350,2.716764181422138
30,351,2.6175864493806187
30,352,2.7412380544594352
30,353,2.6286593634080297
30,354,2.544549953381129
30,355,2.6123262842888426
30,356,2.6259405783616914
30,357,2.734617590173672
30,358,2.7938561373870936
30,359,2.5677852899179228
30,360,2.695175143892933
30,361,2.9461487591199074
30,362,2.606065579516414
30,363,2.6378596834166737
30,364,2.7373821627729757
30,365,2.6427556045261
30,366,2.604474938770836
30,367,2.756271303585647
30,368,2.4467558762142536
30,369,2.5746226508303454
30,370,2.6504367571671184
30,371,2.710681514311135
30,372,2.4469112860677598
30,373,2.8145178455349207
30,374,2.59157359828181
30,375,2.6395168403419786
30,376,2.595362285889462
30,377,2.6313628875776494
30,378,2.540067891598177
30,379,2.513535500893703
30,380,2.5833794638059846
30,381,2.597590370617725
30,382,2.567457308008833
30,383,2.7548119589832596
30,384,2.5776471315633924
30,385,2.728616463878819
30,386,2.74891234560318
30,387,2.7653479531466276
30,388,2.619777028370134
30,389,2.691576825969196
30,390,2.7512117321758223
30,391,2.934680199669594
30,392,2.8209619176346856
30,393,2.4604175231230117
30,394,2.600794058889313
30,395,2.6457950271555855
30,396,2.525679279968673
30,397,2.5612331824099037
30,398,2.651103950758589
30,399,2.650750886125665
30,400,2.9194468641505495
30,401,2.6431641512703514
30,402,2.5945682157609236
30,403,2.6463079979488993
30,404,2.563703581309793
30,405,2.6751791732862866
30,406,2.6269932234472364
30,407,2.8540190568680295
30,408,2.6295330162160693
30,409,2.7223102075263124
30,410,2.9846972632899176
30,411,2.466800643521927
30,412,2.9200546724394525
30,413,2.673240407850818
30,414,2.5338900614913804
30,415,2.6211037414855944
30,416,2.5560207114117772
30,417,2.6174412005856613
30,418,2.648896187603114
30,419,2.6074395916309068
30,420,2.5961363731675413
30,421,2.7323126571330163
30,422,2.96129845096484
30,423,2.741022643606548
30,424,2.6418029369575673
30,425,2.824194951983263
30,426,2.632105927576402
30,427,2.845260131701125
30,428,2.7271853236531225
30,429,2.668782759936247
30,430,2.8369763160165493
30,431,2.683059453765016
30,432,2.545483006176188
30,433,2.6896063378216564
30,434,2.651584502336589
30,435,2.7265994755408207
30,436,2.757213026796209
30,437,2.657334313706646
30,438,2.6849294024273846
30,439,2.7215816067706515
30,440,2.5355386143033596
30,441,2.659189747450551
30,442,2.638052640521292
30,443,2.661079791398236
30,444,2.729741298473769
30,445,2.5279314724484028
30,446,2.5756332795374197
30,447,2.6196878683828313
30,448,2.7935133732805735
30,449,2.6798184820774003
30,450,2.7084208284721876
30,451,2.632486360431533
30,452,2.5350245457704985
30,453,2.557753264459924
30,454,2.6126306057217663
30,455,2.5126873861455588
30,456,2.6301450275424743
30,457,2.711270150741171
30,458,2.4997411556764932
30,459,2.8283752261078563
30,460,2.7360626259949274
30,461,3.6330929190414896
30,462,2.6335255624228604
30,463,2.731784105558075
30,464,2.6827015953777127
30,465,2.5069789357357632
30,466,2.6462349926937674
30,467,2.686741576457011
30,468,2.582858874047555
30,469,2.659089845905404
30,470,3.136446791407194
30,471,2.6308986647034818
30,472,2.5539250267363096
30,473,2.5674677746854093
30,474,2.672198687986416
30,475,2.5257866555622037
30,476,2.456189499004867
30,477,2.586839943620223
30,478,2.58812334697396
30,479,2.7615595142862266
30,480,2.567722013946322
30,481,2.560384531313794
30,482,2.561947723648932
30,483,2.64144943580983
30,484,2.6486019418910813
30,485,2.720189374298805
30,486,2.948960699998562
30,487,2.683970113781228
30,488,3.134757473823187
30,489,2.634554752283542
30,490,2.8324708934090848
30,491,2.5178835032193163
30,492,2.7781866549863468
30,493,2.856217664870558
30,494,2.6642989758943316
30,495,2.5306395943751028
30,496,2.624165268259486
30,497,2.7915530463171687
30,498,2.681176328359925
30,499,2.6599807643532984
40,0,2.6939956437800583
40,1,2.6461256427847193
40,2,2.659193733934895
40,3,2.6230695942564553
40,4,2.6341752034385557
40,5,2.6251685802139493
40,6,2.5777253819544166
40,7,2.6863741629795976
40,8,2.687531152600024
40,9,2.74260313069639
40,10,3.099714354537064
40,11,2.568344914295326
40,12,2.6712416073328478
40,13,2.7020352102731526
40,14,2.617183934188613
40,15,2.9686406626412136
40,16,2.701996018392965
40,17,2.643767016513374
40,18,2.5473911242762015
40,19,2.664306861925904
40,20,2.63683853171677
40,21,2.6361823609334984
40,22,2.601662087371802
40,23,2.67725803347324
40,24,2.5303094539664133
40,25,3.310921993573192
40,26,2.65229835237085
40,27,2.681297088135876
40,28,3.452208444600196
40,29,2.5239808072849366
40,30,3.5455570206026614
40,31,2.783969538399967
40,32,2.92494240132042
40,33,2.9149737420720663
40,34,2.9077136761418667
40,35,2.984790805420348
40,36,2.75627966352566
40,37,2.626221789939028
40,38,2.4755329033550333
40,39,2.7913432051109863
40,40,2.7470978118800002
40,41,2.5863225455160683
40,42,2.760686841379967
40,43,2.9525646603613604
40,44,2.640632334175991
40,45,2.5799991743742443
40,46,3.587772078439774
40,47,3.5927134751161445
40,48,2.869786110404707
40,49,2.730880277903411
40,50,2.7934491056330586
40,51,2.673036425362581
40,52,2.5407475004386915
40,53,2.7490712051175397
40,54,2.73874809430705
40,55,2.6587334143906944
40,56,2.9372155916602143
40,57,2.6007488905314466
40,58,2.7029383159466494
40,59,2.7519744561435426
40,60,2.6479036709416923
40,61,2.645484060935272
40,62,2.656836762540058
40,63,2.902510270775105
40,64,2.8064564862944796
40,65,2.6742326164246433
40,66,2.6350956594219697
40,67,2.847663976250751
40,68,2.6996287391328933
40,69,3.017085182872642
40,70,2.5750955232121293
40,71,3.179244103292744
40,72,2.555322281913497
40,73,2.6711420455582724
40,74,2.588652778061623
40,75,2.7440118113952963
40,76,2.6697961699809616
40,77,2.726748100768404
40,78,2.973441110971281
40,79,2.762099587193988
40,80,2.6125402842630328
40,81,2.633945729864022
40,82,2.669534196587336
40,83,3.035673897425213
40,84,2.655121182672433
40,85,2.722796374693718
40,86,2.6644611254612087
40,87,2.5392958570655675
40,88,2.83378495212692
40,89,3.044235935263458
40,90,2.596278162028557
40,91,2.589177087792004
40,92,2.8049564649207537
40,93,2.7837441481836103
40,94,2.6268360313552854
40,95,2.69730588437114
40,96,2.8414661365978993
40,97,2.6440931638378737
40,98,2.5656564160922892
40,99,2.6525186102342433
40,100,2.8721189452286753
40,101,2.453202667706571
40,102,2.8892863503969366
40,103,2.795307310835986
40,104,2.6503237787442435
40,105,2.6138229637558035
40,106,2.5725088002857643
40,107,2.63141028405087
40,108,2.6960543228798444
40,109,2.6597084861317057
40,110,3.2056300407219522
40,111,2.7331536590439
40,112,2.754390870822406
40,113,2.5498206143903683
40,114,2.6684115575667695
40,115,2.760257391268397
40,116,2.730305371903464
40,117,2.64753878755399
40,118,3.040176773946596
40,119,2.6458443305778783
40,120,2.7383551183902464
40,121,2.8199248093430707
40,122,2.5471116365977347
40,123,2.808040303409516
40,124,3.887370497436982
40,125,2.646013458350839
40,126,2.9183046200525946
40,127,2.9747117344148055
40,128,2.8799262889686457
40,129,2.527055955052166
40,130,2.691532587113738
40,131,2.8151427483556364
40,132,2.4477260630543762
40,133,2.722864684877298
40,134,2.75819293516542
40,135,2.871088790302567
40,136,2.716766239037739
40,137,2.7400160041925963
40,138,2.9961285279874934
40,139,2.6735147635760406
40,140,2.9284853685918133
40,141,2.567103728492901
40,142,2.849180064462922
40,143,2.958716727775914
40,144,2.7854881443220694
40,145,2.5399579030421
40,146,3.026309328369988
40,147,2.8962332153275483
40,148,2.6423344289416137
40,149,2.7648270812178173
40,150,2.606780426885508
40,151,4.541741445980138
40,152,2.6497747361218384
40,153,2.7503610728852563
40,154,2.6379334262119594
40,155,2.8513627839773075
40,156,2.9716147155155843
40,157,2.9989840743691376
40,158,2.6649120741036887
40,159,2.830495214603299
40,160,2.8547992173825563
40,161,2.8712168242443363
40,162,2.6959468028729106
40,163,2.7422361727148163
40,164,2.6059494228133397
40,165,2.6694140494442804
40,166,2.799323534542872
40,167,2.59392699699136
40,168,2.700461102455353
40,169,2.7851499752319984
40,170,2.797137060049542
40,171,2.7828262359073546
40,172,2.6733095392162105
40,173,2.7679171801039826
40,174,2.7130174074321034
40,175,2.78707510412198
40,176,2.7394790225822048
40,177,2.774818650857651
40,178,2.9223367105794757
40,179,2.7411503379175133
40,180,3.093279659796391
40,181,2.6083316540275723
40,182,2.5932865605499478
40,183,2.642222885314173
40,184,2.915034300651648
40,185,2.6227283517644864
40,186,2.9681006905750964
40,187,2.9242236447996977
40,188,2.674881063958357
40,189,2.4657552892218124
40,190,2.6735236788918058
40,191,2.627965951259458
40,192,2.5826128004640383
40,193,2.781362991506504
40,194,2.861525400532531
40,195,2.846815998740281
40,196,2.795356790433888
40,197,2.7017853907614358
40,198,2.9257707283501935
40,199,3.0357706244872613
40,200,2.9752946195329932
40,201,2.643811103343533
40,202,2.7216952201082605
40,203,2.756247862881869
40,204,2.7724927430459765
40,205,2.655142980467365
40,206,2.9486442112024105
40,207,2.993498279551318
40,208,2.6910278540072294
40,209,2.7350985440699436
40,210,2.842473031877904
40,211,2.6870285800055185
40,212,2.9531687295357774
40,213,2.6070883663285
40,214,2.5845337064168854
40,215,2.822658812368378
40,216,2.866209261546323
40,217,2.684862329401713
40,218,3.3146812980020437
40,219,2.629381697404161
40,220,2.805631898656488
40,221,2.617058684854493
40,222,3.05986259722676
40,223,2.901384543400515
40,224,2.678169822339448
40,225,2.539841352159239
40,226,2.5943494319358518
40,227,2.678775500697868
40,228,2.6752872815583055
40,229,2.6284424400168054
40,230,2.558271931474803
40,231,2.7188999763813317
40,232,2.7162080702084137
40,233,2.843359555088757
40,234,2.9325332056173607
40,235,2.552234090213457
40,236,2.70302722293999
40,237,2.85051056166791
40,238,2.763395031986013
40,239,2.872263716803757
40,240,2.624878076508497
40,241,2.6772345814769944
40,242,2.6038813583497653
40,243,2.7292902419311678
40,244,2.661214966404099
40,245,2.559435921006964
40,246,2.6662336533137934
40,247,3.5831686704675527
40,248,2.6618946191517443
40,249,2.6993943611775038
40,250,2.963467078351335
40,251,2.6722709487818945
40,252,2.542273634800503
40,253,2.799919821752999
40,254,2.6840760790434186
40,255,2.6454231258344287
40,256,2.807809365778407
40,257,2.500744324637626
40,258,2.8738287085577614
40,259,2.9129060701441403
40,260,2.767191435937749
40,261,2.7906090166527924
40,262,2.5051243054140344
40,263,2.7598537337207554
40,264,2.8537527253818715
40,265,2.518527239505148
40,266,2.864545505668385
40,267,3.04864426298615
40,268,2.7219454425819887
40,269,2.7631543647365935
40,270,2.658523647094207
40,271,2.9075724486663486
40,272,2.80456726857073
40,273,2.61328519448685
40,274,2.5929938771462524
40,275,2.8022043288171017
40,276,3.1017312247153237
40,277,2.6185610528990075
40,278,2.6459138549450882
40,279,2.6949634316365336
40,280,3.0643883566093697
40,281,2.612123464952287
40,282,2.646755379771673
40,283,2.5804497997699767
40,284,2.8176369608417526
40,285,2.6082022338832584
40,286,2.5593250286655103
40,287,2.89192243726328
40,288,2.713155482903937
40,289,2.6400172954978087
40,290,2.57830443405352
40,291,2.8652990556977427
40,292,2.84055665279876
40,293,2.9590514995319603
40,294,2.657435785882785
40,295,2.6651489380365017
40,296,2.748255463426323
40,297,2.6837779841934335
40,298,2.771560047953635
40,299,2.690784405366979
40,300,2.72232703445834
40,301,2.623316053672804
40,302,2.8331049532087835
40,303,2.503537035864105
40,304,2.7108896635174284
40,305,2.7962580991669093
40,306,2.555086785605995
40,307,2.910021259911338
40,308,2.832290963048755
40,309,2.7119028034960326
40,310,2.6300745772556944
40,311,2.6444847645454463
40,312,2.580576201052511
40,313,2.7404168339701114
40,314,2.6665956971950635
40,315,2.486861359743777
40,316,2.8206445843665438
40,317,2.7439162442945726
40,318,2.8858020097618917
40,319,3.056815548430506
40,320,3.4370116034550633
40,321,2.520740604895876
40,322,2.905121861998905
40,323,3.0152221782456405
40,324,2.7482943568914306
40,325,2.733485962974656
40,326,2.7460310542131623
40,327,2.8187818032980303
40,328,2.6508172526584164
40,329,3.0123623720260695
40,330,2.611657710749638
40,331,2.4580957880384173
40,332,2.704231364062609
40,333,2.6934860118244046
40,334,2.620676499731542
40,335,2.675976097077956
40,336,2.699463728157828
40,337,2.7347497071746534
40,338,2.614634971241023
40,339,2.7009623312382156
40,340,2.5541244200420836
40,341,2.866848322910445
40,342,2.659683375568744
40,343,2.6724877058615175
40,344,2.7223935456346906
40,345,2.719180699615485
40,346,2.6754820965690826
40,347,2.8002887895996955
40,348,2.9391617691417187
40,349,2.577152524134056
40,350,2.659962965727934
40,351,3.0663166299823654
40,352,2.8315247166338833
40,353,2.7988483809992983
40,354,2.586983520976456
40,355,2.60686130498496
40,356,2.6413975330712933
40,357,2.7217828700845534
40,358,3.4155302752362275
40,359,2.7685578098801225
40,360,2.949865836648935
40,361,2.7210363865108556
40,362,2.6836406869252745
40,363,2.6121420036215057
40,364,2.905736445680012
40,365,2.5129451945658774
40,366,3.0285689163668628
40,367,2.7073468456297967
40,368,3.076779836610666
40,369,2.6293616990620907
40,370,2.832470242631884
40,371,2.724272100647888
40,372,2.695774648112523
40,373,2.590033073717543
40,374,2.927861457696182
40,375,2.6208239659784125
40,376,2.673206829744085
40,377,2.6733517044219375
40,378,2.86914064413664
40,379,2.5915185004753765
40,380,2.7588876617436995
40,381,3.0468852071118273
40,382,2.64381804209219
40,383,2.6399885387550834
40,384,2.5842676735588053
40,385,2.7620662419844764
40,386,2.6426878301569054
40,387,2.629062867128421
40,388,2.806067218137907
40,389,2.8079617836031834
40,390,2.6302143001408314
40,391,2.610282157983302
40,392,2.9074421291843717
40,393,2.9668010969012806
40,394,2.7740088960075706
40,395,3.255688143195249
40,396,2.60750903205635
40,397,2.6858753547626524
40,398,2.5936314996839616
40,399,2.7025947792278973
40,400,2.6177879817304675
40,401,3.301543435412257
40,402,2.5247034050003596
40,403,2.6490455595547573
40,404,2.8546282401253618
40,405,2.7374994229837353
40,406,2.7346415234431913
40,407,2.6077007591176393
40,408,2.903355325309348
40,409,2.821653046716475
40,410,2.663690200224163
40,411,2.6445553774454353
40,412,2.670339774189416
40,413,3.0257648368298335
40,414,2.861387933200344
40,415,2.6048254604814245
40,416,2.690673917907382
40,417,2.839616750159577
40,418,2.9455991653212013
40,419,2.9023829199817435
40,420,2.674529105032225
40,421,2.603959145226103
40,422,2.683319075276203
40,423,2.509600803928234
40,424,2.763519174991078
40,425,2.8099350184693854
40,426,2.89095427052496
40,427,2.7756537210798453
40,428,3.3234836596154107
40,429,2.7991930224582893
40,430,3.09198149666674
40,431,3.791516266328401
40,432,2.7608877842208437
40,433,2.655960536913344
40,434,2.6197239989097074
40,435,2.5008695374552317
40,436,2.613374020436831
40,437,2.6756229411524926
40,438,2.7066223046727895
40,439,2.6968383484383227
40,440,2.8914056665589247
40,441,2.7178052346704074
40,442,2.7294114665933646
40,443,2.7454450436300486
40,444,2.7837351276880167
40,445,2.7533169582607244
40,446,2.7488620937589
40,447,2.6653596983230248
40,448,2.8021539372013513
40,449,2.6335587611522047
40,450,2.8593354721858044
40,451,2.6744599228348034
40,452,2.718677319278748
40,453,2.729965567631046
40,454,2.7731244199949088
40,455,2.7368710910544776
40,456,2.73614730663943
40,457,2.5554682484910747
40,458,3.0112907214549582
40,459,2.689343464944054
40,460,3.1559518225552
40,461,2.692771184335468
40,462,2.672806724473314
40,463,2.484075286210325
40,464,2.8435434103492288
40,465,2.729836580992035
40,466,2.7375068698438683
40,467,2.4981020277169015
40,468,2.626371000972917
40,469,2.8245060638330837
40,470,2.638530359319876
40,471,2.9115225612298046
40,472,2.592275389966912
40,473,2.897421133356367
40,474,2.7602335569627776
40,475,3.06120391990947
40,476,2.4894922547807083
40,477,2.5498159655767325
40,478,2.8336711894153277
40,479,2.9384898129768193
40,480,2.8032946118058133
40,481,2.8718033402444436
40,482,2.762011242206773
40,483,2.591125474775241
40,484,2.6338937296097185
40,485,2.6442759599947245
40,486,2.9939627849995367
40,487,2.623879051104903
40,488,2.7947362331643744
40,489,2.5959929514795625
40,490,2.709992256014824
40,491,2.6012815962714373
40,492,2.5614206956269534
40,493,2.7173471461809493
40,494,3.5918934316516924
40,495,2.744212513313424
40,496,2.702157698821669
40,497,2.5773385705503817
40,498,2.8525119121960363
40,499,2.7143460618734867
50,0,2.588273299443776
50,1,2.7203889131156713
50,2,2.551740332904664
50,3,3.783475688494233
50,4,3.0326820866704534
50,5,2.569121739375487
50,6,3.0460904519075047
50,7,2.906288591491526
50,8,2.917589751512576
50,9,2.6168000806063247
50,10,2.6418378297611995
50,11,2.781651635908321
50,12,4.016414767887746
50,13,2.5552309314166552
50,14,2.6797069041388677
50,15,2.602123318836812
50,16,2.5907250926408696
50,17,2.610012638891894
50,18,2.975010968360668
50,19,2.618236276905045
50,20,2.573126791516548
50,21,2.656424247351467
50,22,2.631689707602891
50,23,2.6398797072299507
50,24,2.919250335352479
50,25,2.7406797955353377
50,26,2.730705830359086
50,27,2.506555841234987
50,28,2.905896211070325
50,29,3.0566739538094314
50,30,2.571007252320021
50,31,2.757867743551505
50,32,2.8389405251915925
50,33,2.921244569778488
50,34,2.562342486318269
50,35,2.7905309836100787
50,36,2.8177598645586155
50,37,2.6750970556167997
50,38,2.6620850093585853
50,39,2.543561740197952
50,40,3.288902681870252
50,41,2.6012740884296144
50,42,2.6083643613740475
50,43,2.825991479356415
50,44,2.551550618715024
50,45,2.6833863919548375
50,46,2.562130740757779
50,47,2.706250500528446
50,48,2.6461938612868314
50,49,2.6363796297685065
50,50,2.674454498292897
50,51,2.7647321279856594
50,52,2.591348414469978
50,53,2.6672845287005718
50,54,3.080485048082052
50,55,2.7576650631474693
50,56,2.9285044290990214
50,57,2.782895154615102
50,58,2.6588349187810145
50,59,2.6328252268973893
50,60,2.5702888325877247
50,61,2.9112605998698924
50,62,2.9926229175445345
50,63,2.7001524261974974
50,64,2.6346984752641043
50,65,2.924840345439733
50,66,3.184725413071613
50,67,2.910271907756219
50,68,2.8370845485184204
50,69,2.9070813321807667
50,70,2.6358469611510698
50,71,2.7573445053309706
50,72,2.830400269702612
50,73,2.8410097467686755
50,74,3.5561425614157014
50,75,2.695352676761648
50,76,2.924821189055001
50,77,2.6550889578692023
50,78,2.6952754494407563
50,79,3.0401516342712847
50,80,2.69930564378249
50,81,2.6856169498287907
50,82,2.769018282942926
50,83,2.9461159862401547
50,84,2.774041743819424
50,85,3.2118174235642556
50,86,3.4809329685307437
50,87,2.651678367393989
50,88,2.57193778349954
50,89,2.643821861717436
50,90,2.755796932339608
50,91,2.8344266399702547
50,92,2.8606791353180605
50,93,3.673524530288052
50,94,2.8765231467772816
50,95,2.5785402779798288
50,96,2.640168211799047
50,97,3.2518148386524217
50,98,2.7552959093767044
50,99,2.7716408905052923
50,100,2.6282000223402537
50,101,2.6707630408168983
50,102,3.1273177986324296
50,103,2.615816229548648
50,104,2.7122219428750256
50,105,2.870363200600006
50,106,2.6067021599735796
50,107,3.1518604059543516
50,108,2.716489916115107
50,109,2.731183189497888
50,110,2.5069430267913106
50,111,2.709108661111076
50,112,3.222252440531783
50,113,3.4474872391232303
50,114,2.9693311415526806
50,115,2.969647832961758
50,116,2.759629818033127
50,117,2.729921373847442
50,118,2.494641618220231
50,119,2.76064441434628
50,120,2.575917875641418
50,121,2.603745165377222
50,122,3.1320156818044484
50,123,2.84943422014661
50,124,2.6979834866451613
50,125,2.7676214993182584
50,126,3.0568066082207013
50,127,2.553970071382896
50,128,2.838260088557701
50,129,3.079436144959107
50,130,2.6371078693704186
50,131,3.194352223211447
50,132,2.510514370594597
50,133,2.8135193276756962
50,134,2.5962441906328086
50,135,2.610023719779422
50,136,2.769936088130989
50,137,2.940082601366173
50,138,3.044211669446111
50,139,2.773028335574891
50,140,3.06044954621574
50,141,2.94115625696037
50,142,2.6787283503484063
50,143,2.9184859645006536
50,144,2.6171459841749183
50,145,3.24299763852096
50,146,3.0624176677549797
50,147,3.0220385866145247
50,148,2.6771909223239705
50,149,2.5708261599121687
50,150,2.670816230248476
50,151,2.882874412371066
50,152,3.068264125588305
50,153,2.6609689255246347
50,154,2.6229327706852574
50,155,2.5766109293919426
50,156,2.884372791041177
50,157,2.7870929269058506
50,158,2.8260614925354433
50,159,3.2496111627202584
50,160,2.8625330015074306
50,161,2.6535235620095126
50,162,3.032863718028762
50,163,2.6972892348386797
50,164,2.6000067140491954
50,165,2.787200361145044
50,166,2.849936077126143
50,167,3.32298269390221
50,168,3.0327376337098197
50,169,2.711381067841225
50,170,2.7049877475408297
50,171,3.334292907024253
50,172,2.60761631349094
50,173,2.573152007808372
50,174,2.683978910457102
50,175,2.5915834825491513
50,176,2.753915096129749
50,177,3.3163548526569064
50,178,2.8988001642448973
50,179,2.8472611552956004
50,180,2.813085278880408
50,181,2.5303709746852596
50,182,3.1382379875258968
50,183,2.889722288008872
50,184,2.552148848180026
50,185,2.8414630335951014
50,186,3.2919369544206765
50,187,2.721625474195795
50,188,2.9375866481337636
50,189,3.0550118449449966
50,190,2.46227338376241
50,191,2.7238323655557646
50,192,2.686067551975703
50,193,2.962633584417601
50,194,2.7733757067865583
50,195,3.0644111069762006
50,196,2.5423386630448697
50,197,2.989062334743533
50,198,2.652625405027017
50,199,3.171812518454569
50,200,2.808090614793728
50,201,2.840099173995133
50,202,2.854386775173778
50,203,2.8476341833944296
50,204,2.6415224787683393
50,205,3.214887515393005
50,206,2.985557422552207
50,207,2.834121738058287
50,208,2.799265777733472
50,209,2.884042404241921
50,210,2.6684643406107607
50,211,2.8836601742556405
50,212,2.6973616591787364
50,213,2.5496847070979807
50,214,2.618004853451701
50,215,2.583423068555878
50,216,2.6911492432756234
50,217,2.5595748840930783
50,218,3.3690328767906177
50,219,2.735089688861418
50,220,2.5557046524510696
50,221,2.5539703426700116
50,222,3.3652432167065385
50,223,2.6563852533351695
50,224,2.571388189011643
50,225,2.6406106357846744
50,226,2.7882448892966365
50,227,2.888543037670794
50,228,2.748640776978508
50,229,3.457341075209342
50,230,2.732055833620672
50,231,2.7353391476486193
50,232,2.64640723628205
50,233,2.6565451932426076
50,234,2.640125040500079
50,235,3.6583936742904037
50,236,2.5079934321295707
50,237,2.7725071676086452
50,238,2.573347176516384
50,239,3.2066948914852778
50,240,2.7702086788128764
50,241,3.118233872906186
50,242,2.7110441236921834
50,243,2.6842116035838184
50,244,2.725942450973773
50,245,2.8265485605642215
50,246,2.8805628426064906
50,247,2.967684058431211
50,248,2.849380606635322
50,249,2.5188233466277627
50,250,2.680303171687533
50,251,3.2008232338236873
50,252,2.7506247159300377
50,253,2.7442388939135083
50,254,3.0155150556611234
50,255,3.016187488803862
50,256,2.463861521280955
50,257,2.677381216758755
50,258,2.7744345477817434
50,259,3.926424007139363
50,260,3.031646934965506
50,261,2.719630512553151
50,262,2.981876630022725
50,263,2.544435090347475
50,264,2.9307934295560507
50,265,3.767899450166733
50,266,2.7392534934064887
50,267,2.787117793851386
50,268,2.59219085485833
50,269,2.6501084641157786
50,270,3.368128024991862
50,271,2.6708916169096573
50,272,2.689816441173353
50,273,2.5636117526493485
50,274,2.81605129248479
50,275,2.9770939496697837
50,276,2.683936536986617
50,277,2.683844430540219
50,278,2.9033352385200173
50,279,2.7050299929149504
50,280,2.860432854420942
50,281,2.767663278600872
50,282,2.605589790989704
50,283,3.475100598521265
50,284,2.5942969261899087
50,285,2.739405024481047
50,286,3.158703155195671
50,287,2.6149305883190106
50,288,2.616030905592072
50,289,2.6413301684377455
50,290,2.7136418232918027
50,291,2.543121227263516
50,292,2.9159282496197227
50,293,2.633378884685726
50,294,2.709515207839694
50,295,3.295099184144648
50,296,2.624185138833791
50,297,2.775967892269071
50,298,2.8362234106985404
50,299,2.9372255703828367
50,300,2.5657276336556403
50,301,2.8523435981021166
50,302,2.6946029258220103
50,303,3.0255431273472593
50,304,2.734042072346429
50,305,2.890659851115078
50,306,2.69977582809407
50,307,2.702132061008008
50,308,2.5472605573341274
50,309,2.5274989029791715
50,310,2.8859567549114
50,311,2.84844753973219
50,312,2.7327100886821194
50,313,3.344309587831595
50,314,3.184413114808691
50,315,2.7056614205968597
50,316,2.8549213539045804
50,317,2.8933552688191884
50,318,3.1799287685706554
50,319,2.556437045647119
50,320,2.8422422436511936
50,321,2.9861249248951873
50,322,2.9837367685630642
50,323,3.038410176440415
50,324,2.844189805149106
50,325,2.7210101998113667
50,326,2.682158511295063
50,327,2.7262766338706097
50,328,2.760251802631032
50,329,3.6544923662957047
50,330,2.660708683969701
50,331,2.592716962347668
50,332,2.784140645003345
50,333,3.07438727282142
50,334,2.6037964020258757
50,335,2.8369894231576755
50,336,2.5653506179571193
50,337,2.640296553509616
50,338,2.9387859942643972
50,339,2.596405222364294
50,340,2.686107526438232
50,341,2.6881891387746437
50,342,2.598659797880374
50,343,2.883505841243386
50,344,2.5227509465367395
50,345,2.6552380653874863
50,346,3.180927052260294
50,347,2.725910146162903
50,348,2.742444953803306
50,349,2.7756192687729686
50,350,2.8309350312836683
50,351,2.5480727112937647
50,352,2.719590528385145
50,353,3.308539980922745
50,354,2.9265415166420388
50,355,2.6776899616864185
50,356,3.4356790093216674
50,357,2.6137121591813903
50,358,2.7095588929475043
50,359,2.881725740219371
50,360,2.6849544458672847
50,361,3.819074666324992
50,362,3.2237068558987647
50,363,2.6747268945505382
50,364,2.8961409485824046
50,365,2.6945466625682495
50,366,2.808494808076859
50,367,2.7635226296320194
50,368,2.755340651569362
50,369,3.8028829411405196
50,370,3.405722407736646
50,371,2.616329420095125
50,372,2.7693836439892516
50,373,2.6592933817336637
50,374,2.7070744396892326
50,375,3.9748427347978854
50,376,2.7335851629485295
50,377,2.7335496980003913
50,378,2.586191574263248
50,379,2.5660840627673016
50,380,3.0470450163555736
50,381,3.0881814771992406
50,382,2.7698954129254996
50,383,3.195472668672601
50,384,2.7659345916795544
50,385,2.7237733538581943
50,386,2.4562819765791573
50,387,2.6752659093788176
50,388,2.625467473785101
50,389,2.7374692783070422
50,390,2.59713348174117
50,391,2.620870444684898
50,392,2.7857133220379384
50,393,3.997086889821292
50,394,2.8340888233016104
50,395,2.667768250471938
50,396,2.666010300996454
50,397,2.695734416517697
50,398,2.8519186164946992
50,399,2.5448827162559318
50,400,2.6937116611329706
50,401,2.739604141802563
50,402,2.733494358972929
50,403,2.56176247959914
50,404,2.6412618121718126
50,405,2.786743898180737
50,406,2.5073773028456188
50,407,2.622220785373726
50,408,2.4892208160585034
50,409,2.7343593524579837
50,410,3.6137064664370584
50,411,3.058225612316753
50,412,3.072703265972242
50,413,2.6529310331514653
50,414,2.7435008455644057
50,415,2.9056012634246797
50,416,2.787680841347507
50,417,2.9579780268313116
50,418,2.9097953972247796
50,419,2.697870393027669
50,420,3.621014686441699
50,421,3.103607689720771
50,422,2.7017556200870865
50,423,2.9429791974588935
50,424,2.6180493674507805
50,425,2.628305254674303
50,426,3.6226124535320965
50,427,3.2517684745133817
50,428,2.6641349603936826
50,429,2.6826905717186182
50,430,2.878074766919838
50,431,2.786017794659143
50,432,2.6856010717715453
50,433,2.845356836372157
50,434,2.7853364819824877
50,435,2.691943957742916
50,436,2.695018440188297
50,437,3.3089337353761765
50,438,3.1813569140329663
50,439,2.941362137056993
50,440,2.83736535251471
50,441,2.4946753744077195
50,442,3.0904652579450316
50,443,2.720015110486549
50,444,2.714023199788752
50,445,2.8178270041522167
50,446,3.0191025032098997
50,447,3.1309444208443713
50,448,2.7662259282332915
50,449,2.7173933376206088
50,450,2.7077731132686274
50,451,2.5899191537921458
50,452,2.8180407067070865
50,453,2.9852068821677205
50,454,2.7179306614593637
50,455,2.76902247042293
50,456,2.777629039113936
50,457,2.9260319855415684
50,458,2.699089284317895
50,459,2.695177312255954
50,460,2.5729008300195866
50,461,2.9851795850010188
50,462,2.6421116420408652
50,463,2.767802865015768
50,464,2.920719334316157
50,465,3.3195540364506058
50,466,3.0284734580643464
50,467,2.8951054784745804
50,468,3.151213779763361
50,469,2.760457928519979
50,470,3.14704606473378
50,471,2.7566425820713625
50,472,2.8576053963738692
50,473,2.6414861292014327
50,474,3.023872294931065
50,475,2.6269063052595363
50,476,2.811391647997795
50,477,2.748454660984417
50,478,2.7407647745756782
50,479,2.8903615839621377
50,480,2.7440373677657885
50,481,2.6079201832995422
50,482,2.625702320646926
50,483,2.836355868050235
50,484,3.3284397265041465
50,485,3.0366908951700173
50,486,2.5174898079861654
50,487,2.7769053829206736
50,488,2.7313727314829577
50,489,2.6734594969933783
50,490,2.7272291164808555
50,491,2.6588795329701576
50,492,2.799433840157046
50,493,3.2475914380608657
50,494,2.636805996413291
50,495,3.0574161575294623
50,496,2.6527424639431154
50,497,2.6851064447873045
50,498,2.673578334492221
50,499,3.0301178862955545
60,0,3.457517605951423
60,1,2.911627144776638
60,2,4.056623225729813
60,3,2.7707001857401625
60,4,2.6070202510910097
60,5,3.273963232370385
60,6,2.5976566897844466
60,7,2.7305792769427044
60,8,2.7139889259927164
60,9,2.9012824931248837
60,10,3.444018701628049
60,11,3.039573356952239
60,12,2.9600296111090674
60,13,3.0677947757379003
60,14,2.586424060569637
60,15,3.868402393892378
60,16,2.6699335572699265
60,17,2.9868395305362405
60,18,3.106017763206777
60,19,2.8403746496201925
60,20,2.9338581564478794
60,21,3.0086177701581667
60,22,2.7097908716251666
60,23,3.038843828761018
60,24,3.5971343620882417
60,25,2.7247508077661515
60,26,2.6805918976764156
60,27,2.93560672877294
60,28,2.5468718229203704
60,29,2.658957692459027
60,30,2.635538989494272
60,31,2.823346037515808
60,32,2.9712863019601214
60,33,2.8748312027752347
60,34,3.40839970305299
60,35,3.7662381193045484
60,36,3.3945237793620833
60,37,2.8634332842977845
60,38,2.6918773740795636
60,39,3.002105358904902
60,40,3.0150161665446027
60,41,3.388238992916948
60,42,3.3705069922599344
60,43,2.817880520743733
60,44,3.57523057350648
60,45,2.6725519309136114
60,46,2.858259253572149
60,47,2.8887312418289217
60,48,3.163979459330012
60,49,3.5734271773197435
60,50,3.099154630369646
60,51,2.7067461609804515
60,52,2.7752121672303702
60,53,3.3613729335008204
60,54,2.5523640179557
60,55,3.5091022817120283
60,56,3.0162888994892683
60,57,2.72744686033684
60,58,2.836097531251283
60,59,2.985646645520655
60,60,2.6598510906506334
60,61,3.308893326930788
60,62,2.782339749064173
60,63,2.980369354173698
60,64,2.6420705184955007
60,65,2.833942976399723
60,66,3.127626736488008
60,67,2.934233981122508
60,68,2.5703319053068343
60,69,2.429942330047402
60,70,2.5692208929555402
60,71,2.6586597079874363
60,72,2.8417719994981883
60,73,2.8020012576615385
60,74,2.8407041762161667
60,75,3.5627514024920415
60,76,3.0508268979448823
60,77,2.8445844265843507
60,78,2.9328656366739096
60,79,2.9687158058017022
60,80,2.4666965769040328
60,81,2.7880670962678487
60,82,2.549961143167175
60,83,2.7029805792152843
60,84,2.5392398565441185
60,85,2.6517242367887537
60,86,2.796890904462421
60,87,2.550467903810084
60,88,2.7552046716415637
60,89,2.9044979662473205
60,90,2.6937990325928274
60,91,2.576734179661702
60,92,2.8891309961270997
60,93,2.8410565176273566
60,94,3.2127103484849444
60,95,2.782451235048419
60,96,2.9184151259132003
60,97,2.484482889078314
60,98,3.391403074983114
60,99,2.8696096785535428
60,100,2.9384061527550207
60,101,2.5101821290814788
60,102,3.8698897962857917
60,103,2.9459825022505144
60,104,2.621363045607
60,105,2.7165019837921274
60,106,4.002800339516785
60,107,2.7066290401561734
60,108,2.8194528614863086
60,109,2.9743081579431454
60,110,3.3383833225947996
60,111,2.6150143313981715
60,112,3.2602467313620536
60,113,2.706847929098752
60,114,2.9329541597546913
60,115,3.7075562779207027
60,116,2.7188667863643525
60,117,2.8576312672567257
60,118,2.7785028863243726
60,119,3.014186629194205
60,120,3.1137118156101957
60,121,2.793395787701611
60,122,3.256532087442497
60,123,2.8692290670052087
60,124,3.0851927042671177
60,125,2.672129249457343
60,126,3.10921224247926
60,127,3.130886211188229
60,128,3.2836147267577322
60,129,2.825151761044356
60,130,2.657978352279645
60,131,3.00057014812178
60,132,2.569710313755956
60,133,5.196937175715473
60,134,2.949234552991317
60,135,3.0277376520437986
60,136,3.3347164601600046
60,137,2.983754276666454
60,138,2.7976416317781556
60,139,2.8159052501540978
60,140,2.6611824767964087
60,141,2.8853759935986116
60,142,2.5946506895277417
60,143,2.825897320312951
60,144,3.9198842890869097
60,145,3.9061860354313858
60,146,3.0347174839113924
60,147,2.858534651336779
60,148,2.982642814948302
60,149,3.2305234866096484
60,150,3.1820603605114455
60,151,2.750763878073682
60,152,2.817377559973758
60,153,3.2720710172905907
60,154,2.591293156055513
60,155,3.5328153065353787
60,156,2.6280107650193374
60,157,2.8390355420628093
60,158,2.731105453443839
60,159,2.8327654265265756
60,160,3.150529879928424
60,161,2.720864455217883
60,162,3.1246791367521958
60,163,2.5564372837533607
60,164,3.4917922779396577
60,165,4.655386023484295
60,166,2.9147971819659038
60,167,2.7207045522500994
60,168,3.2637435119978866
60,169,3.055328490362401
60,170,2.906956878944029
60,171,3.2468682366772756
60,172,3.064507952113082
60,173,3.2186844128845915
60,174,3.4594946986157766
60,175,3.0686524431144253
60,176,2.6419419916039186
60,177,2.6347233096389897
60,178,2.7395585753300375
60,179,3.9851069045247502
60,180,3.8066609500795563
60,181,2.600207777124422
60,182,2.481252715784603
60,183,2.909409824628028
60,184,2.5926793135447292
60,185,3.2180936381320997
60,186,2.700416066194463
60,187,2.8093772869609994
60,188,4.091751750337377
60,189,3.666673888322529
60,190,2.6800158249085624
60,191,3.779833444641819
60,192,2.827016132853974
60,193,2.7220594861585927
60,194,3.1820201122524447
60,195,3.070152330638321
60,196,2.859838427754049
60,197,2.936294530608959
60,198,2.7713022581941424
60,199,3.103201145341346
60,200,4.103715880989064
60,201,3.609647419616782
60,202,2.6265897914270555
60,203,2.6307852888777776
60,204,3.343620215833318
60,205,2.936547456834811
60,206,2.8495584312795263
60,207,2.6734765407688887
60,208,3.4397593541472506
60,209,2.7372724899767844
60,210,2.6488541499317924
60,211,2.7679121380895277
60,212,2.6209100304180826
60,213,2.858087778166369
60,214,2.598904290777138
60,215,3.1608887182536245
60,216,2.8583176825809766
60,217,2.7479673858979186
60,218,2.543144979158041
60,219,2.7671752936319587
60,220,3.195281674154174
60,221,2.8313877484304224
60,222,2.8183706692787243
60,223,3.0956356586631664
60,224,2.8200717509592055
60,225,2.7288818706252864
60,226,4.260189930266187
60,227,2.7653824579641784
60,228,3.3039690372201114
60,229,3.2852776052372907
60,230,3.0688089734795843
60,231,2.7276217227056754
60,232,3.588659300230346
60,233,4.162438817188812
60,234,3.437580894527554
60,235,2.678184514175076
60,236,2.7461906873647877
60,237,2.815866613172091
60,238,3.1930875107583794
60,239,3.1496760868017035
60,240,3.15946042032604
60,241,2.591771486123125
60,242,3.064613310716755
60,243,2.6404849805194863
60,244,2.774482107342113
60,245,2.8293146231862147
60,246,2.780945922168057
60,247,3.2489601840110636
60,248,2.7231692660187856
60,249,2.659510899113777
60,250,3.266872145811188
60,251,2.4866397857944254
60,252,3.148168856537112
60,253,3.2565205405483835
60,254,3.0609132450387984
60,255,2.6872613162142938
60,256,2.6680490515204096
60,257,2.667749909040104
60,258,2.603527493156682
60,259,2.7447270681054623
60,260,2.826267752171851
60,261,3.1303410265456715
60,262,3.5547056918014066
60,263,2.840746913123241
60,264,2.713676886537553
60,265,3.420437590688228
60,266,2.644439925086997
60,267,2.6975444111659903
60,268,2.7521507396752414
60,269,2.65737296601318
60,270,2.992248151541381
60,271,3.4390793475565005
60,272,2.744592578443287
60,273,2.707267779422552
60,274,3.0769492705396564
60,275,3.6540443831628684
60,276,2.643953930868949
60,277,3.1308717556615586
60,278,2.6365622650471807
60,279,3.428718894065617
60,280,3.293805242492738
60,281,2.748288982806178
60,282,2.705154134866669
60,283,3.347308309930782
60,284,2.8863980139593304
60,285,2.761300113887429
60,286,2.876850210373005
60,287,2.962459529773004
60,288,2.792913285010112
60,289,2.650541230034243
60,290,3.282392153837028
60,291,3.496316798421734
60,292,3.631461757942527
60,293,2.8421140807887664
60,294,2.930641202747901
60,295,3.130703569869324
60,296,3.294720578381223
60,297,2.619531504480911
60,298,2.6375254213688737
60,299,2.601174929695771
60,300,3.218205050200602
60,301,2.5555590060713844
60,302,3.811447048989352
60,303,2.623930501100291
60,304,2.552756032457358
60,305,2.584562808921305
60,306,3.259375167931704
60,307,2.7218366444692874
60,308,2.8890547224026664
60,309,3.4819121722817328
60,310,2.7401575637519997
60,311,2.8659026224561006
60,312,2.7404485645331165
60,313,3.3453844090969485
60,314,2.757619479415547
60,315,3.354936553652664
60,316,2.6954865635064302
60,317,2.63522842891823
60,318,4.166413376501272
60,319,3.039006115333
60,320,2.6850342465895216
60,321,3.617306211486595
60,322,2.6690422718421156
60,323,3.0479950192354197
60,324,2.638029607503283
60,325,2.7835548262597087
60,326,2.548066014849878
60,327,2.8027848250198444
60,328,3.2576976294682924
60,329,2.757043682011499
60,330,2.694550985486858
60,331,3.5234379060509244
60,332,3.4537643173627393
60,333,3.43546252682704
60,334,2.8632719529389057
60,335,2.8320482814490213
60,336,3.937836198370951
60,337,2.999142184500978
60,338,2.6148375034988316
60,339,2.976158738377082
60,340,3.0142596293030834
60,341,3.720174139801381
60,342,2.8025639385490635
60,343,2.7479513044664627
60,344,2.8507507567486674
60,345,2.9264334531878213
60,346,2.7156789481359405
60,347,2.641201645783656
60,348,3.4360849937601228
60,349,3.204424833712458
60,350,2.7605894298855915
60,351,2.683059953860477
60,352,3.2034546711438665
60,353,2.8709168802511926
60,354,3.9306306665476938
60,355,2.6454909050777102
60,356,2.7035656218727895
60,357,2.4825066183750257
60,358,2.7375869011127487
60,359,3.96940698779471
60,360,2.845422196690791
60,361,3.461458241613115
60,362,2.6389862301581486
60,363,3.0145438035797354
60,364,3.1772871743899427
60,365,2.6372067803853514
60,366,2.664992908220165
60,367,2.7317925418293965
60,368,2.952385658658942
60,369,2.5832254357557787
60,370,3.5923592519662617
60,371,2.5791640291298843
60,372,3.25102849704908
60,373,2.572710782979342
60,374,3.0380740321284314
60,375,2.654425311249736
60,376,2.523780528478695
60,377,3.0403269546222327
60,378,2.6958847184514765
60,379,3.0267107293986606
60,380,2.6881480122278414
60,381,3.0166250860198316
60,382,2.917166789988139
60,383,2.8429438514793435
60,384,2.6718244198348287
60,385,3.484666163029181
60,386,3.594270006710757
60,387,2.8083010661528953
60,388,2.5788896574212297
60,389,2.9659671095760682
60,390,3.285237098311862
60,391,3.1720131654000134
60,392,3.0425268507550425
60,393,3.269457260747566
60,394,2.942584727825826
60,395,2.7263582525880627
60,396,2.7164266199287486
60,397,2.9105822215121244
60,398,2.930415383296121
60,399,2.653635223363242
60,400,3.599885430355862
60,401,2.821416764682673
60,402,3.601279157492654
60,403,2.7680864673613517
60,404,2.7519970157692004
60,405,2.597284632829901
60,406,3.0085478527228195
60,407,2.6550575250356894
60,408,3.0143250178627774
60,409,3.0125696416703405
60,410,2.789993375248487
60,411,2.670378014265147
60,412,2.6727137365803997
60,413,2.5858368462279087
60,414,3.0356425722050906
60,415,2.8532119485742387
60,416,2.96108548525721
60,417,3.6271338290469037
60,418,2.6752986653579374
60,419,2.6912504023085977
60,420,2.9183613827920984
60,421,3.007451312743226
60,422,2.708522329386188
60,423,2.6738266971830003
60,424,2.8924036947835123
60,425,2.971942488997388
60,426,2.667880407912416
60,427,3.100520401323353
60,428,2.6629328646683152
60,429,2.7960683667583135
60,430,2.614828381438647
60,431,2.7664725739511287
60,432,2.731466575657378
60,433,2.571949457239386
60,434,2.7201162572129753
60,435,2.5610670598765295
60,436,3.345104619676997
60,437,2.7330081218284885
60,438,2.789615296145283
60,439,2.8215053497159253
60,440,2.680287782111345
60,441,4.02757877686806
60,442,3.5804629228124565
60,443,2.698348550940035
60,444,2.7247453591385096
60,445,2.8068333613731413
60,446,2.7459301732604353
60,447,2.687300650911508
60,448,2.975338119528102
60,449,3.3074277556667577
60,450,4.341552893690315
60,451,2.9161004113410813
60,452,2.8297700595120983
60,453,2.9230538282797505
60,454,3.637346125013721
60,455,2.5561869866906433
60,456,2.781438628057171
60,457,3.6228054183310774
60,458,2.9802011739207224
60,459,2.5194897847417095
60,460,2.6117087680537208
60,461,2.6433611200653093
60,462,2.9009009222565596
60,463,2.727160334945892
60,464,2.6677156816637657
60,465,2.6618646855432173
60,466,3.059656460573581
60,467,3.505417893847561
60,468,2.9838768389115407
60,469,4.398143540697356
60,470,3.528422636518886
60,471,2.7792204183538125
60,472,3.6757214446929214
60,473,2.6965465355154294
60,474,2.728176675942471
60,475,3.162620883121986
60,476,3.303632048540876
60,477,3.015317636112184
60,478,2.8038566950657975
60,479,2.6170154348268353
60,480,2.7026909936972205
60,481,3.3001298940803476
60,482,2.7933857120170265
60,483,2.586338029238056
60,484,4.715503162050214
60,485,4.528496663234761
60,486,2.8102313342259535
60,487,3.6923526870467076
60,488,2.7100410213373562
60,489,2.6284849060796227
60,490,2.9754091937339133
60,491,2.604417805158959
60,492,2.831363587488979
60,493,2.626803125370441
60,494,3.8862895367930816
60,495,5.662208082511732
60,496,3.2991377439250456
60,497,3.5082362432467873
60,498,3.126832735992281
60,499,2.7190450705769376
70,0,3.6768207893005678
70,1,3.661309920434662
70,2,2.675950206666415
70,3,3.0106752672069255
70,4,2.6369514277861197
70,5,3.3306720988294183
70,6,4.679458289303862
70,7,2.6045690297866892
70,8,3.89182264620318
70,9,3.8502708802064296
70,10,3.0514437341205998
70,11,3.68582664244532
70,12,3.0091201099085993
70,13,2.7338259402044227
70,14,3.508554701226476
70,15,3.3078647531058074
70,16,2.7447223579699265
70,17,2.695994074777397
70,18,2.9852870159686313
70,19,3.2193579980422755
70,20,3.149765845376621
70,21,3.4808505201324684
70,22,3.3814088184897146
70,23,2.6374369134868085
70,24,3.5387879249674374
70,25,2.941136662492711
70,26,3.17516637127184
70,27,2.7614603642427427
70,28,3.4890482754320837
70,29,2.566226144384985
70,30,2.8676088905736936
70,31,3.061795572312665
70,32,2.5722086076815285
70,33,2.7936645359175674
70,34,3.3007847338178187
70,35,2.984546889501814
70,36,3.0771746359214265
70,37,2.72568935585028
70,38,2.6554913851579305
70,39,3.275238982038956
70,40,2.7094699497236383
70,41,2.71554066966647
70,42,3.1917525351884724
70,43,3.0155621654751403
70,44,2.8662551088778523
70,45,2.8677959251387755
70,46,3.6586986112118285
70,47,4.220000379054829
70,48,3.4023591861750533
70,49,2.7345305102815565
70,50,3.951449024091918
70,51,3.39285732151712
70,52,4.36734889728707
70,53,3.849916567054033
70,54,2.999108561973855
70,55,2.723742408581731
70,56,3.4280007376073653
70,57,2.508227606179737
70,58,3.1514207083557295
70,59,3.6208466177628
70,60,3.8113191231797976
70,61,2.6829900722903717
70,62,3.9740054151932553
70,63,3.5322791848806085
70,64,3.2438718048025232
70,65,4.931150073840318
70,66,5.432897871799742
70,67,3.172927562218876
70,68,2.6299185357307797
70,69,4.010931684474197
70,70,2.858762215028316
70,71,2.6861557536099268
70,72,2.6480664028071677
70,73,3.3513339781998783
70,74,2.897044690627916
70,75,2.6483371362136863
70,76,2.692672761415872
70,77,4.585521583978468
70,78,3.148100559668325
70,79,3.245532557293374
70,80,2.821761909668627
70,81,2.862809082197629
70,82,3.085382054139661
70,83,2.9791308364113256
70,84,2.9258426523984236
70,85,3.1169389194793364
70,86,2.6021968238236095
70,87,2.620856456036238
70,88,2.662141287888941
70,89,4.824623742090307
70,90,4.03832938697974
70,91,2.779543487420532
70,92,3.4145012689306276
70,93,3.0612020166787297
70,94,3.6076704615688002
70,95,5.958077825130934
70,96,4.476224201691319
70,97,4.043197392692909
70,98,2.9034065246433185
70,99,3.3260082403023588
70,100,2.7294634040847288
70,101,2.758583784095593
70,102,3.7732432723188434
70,103,3.332313970872752
70,104,2.580610186639357
70,105,4.094856799981827
70,106,3.051620740407744
70,107,2.7772122798686496
70,108,4.333950459563636
70,109,3.6751549117644617
70,110,3.0790850171910162
70,111,2.661432886456334
70,112,3.962589575887369
70,113,3.4254454773277225
70,114,2.631894923803385
70,115,2.8645066723209873
70,116,2.9078822105469047
70,117,3.0468151283332667
70,118,3.163190019337151
70,119,3.279487358850888
70,120,5.022093374264652
70,121,2.6610123999924546
70,122,3.2510386892528773
70,123,3.79713815639081
70,124,2.7505507134759117
70,125,2.5532043828682807
70,126,2.6612646101730144
70,127,2.959424751342623
70,128,3.195579217273107
70,129,4.674708973648091
70,130,2.6609447082325794
70,131,2.7305492563421696
70,132,2.7759225462186286
70,133,4.305030747747776
70,134,4.276747362477207
70,135,2.9907440495101736
70,136,3.3234677195714464
70,137,3.105357067406445
70,138,2.8791761558514763
70,139,2.642822757122694
70,140,2.85995081549684
70,141,4.1786782073639595
70,142,2.7918825295891034
70,143,3.3689009131515437
70,144,3.410857864346809
70,145,3.0214293981273364
70,146,3.6534222964494276
70,147,3.119596627777187
70,148,3.2247403023305896
70,149,2.8977228431343645
70,150,2.639512761056181
70,151,3.324299343813904
70,152,2.7611270364481135
70,153,3.588162456886989
70,154,4.022710781064456
70,155,2.8903764589781407
70,156,3.852043300762976
70,157,6.056760230953088
70,158,3.215911114690074
70,159,4.200107856086462
70,160,3.0660613358952884
70,161,2.91421097241289
70,162,3.1905113126840488
70,163,3.6522888970834306
70,164,2.9929546172074075
70,165,3.136151363644242
70,166,3.1179345144446717
70,167,3.9413304949397836
70,168,5.238490190379791
70,169,3.049764179601523
70,170,3.0831873495825133
70,171,5.748318539770042
70,172,2.994451996418367
70,173,4.779416467428203
70,174,3.0030516945327963
70,175,2.810266549642694
70,176,3.4623570652653317
70,177,2.961466568431287
70,178,3.1311570132787128
70,179,2.9737647202018906
70,180,3.4163823890868024
70,181,3.774760311014012
70,182,2.5083078242508363
70,183,2.832852616717939
70,184,4.106393955230162
70,185,3.069086341647103
70,186,3.307067838154925
70,187,2.6307687767632633
70,188,2.996724315677771
70,189,6.281138279437911
70,190,3.892827737396305
70,191,2.7657296650984082
70,192,2.7936365994655628
70,193,2.8960334103701837
70,194,2.8631378386126283
70,195,3.269684417089749
70,196,2.6787299275038925
70,197,2.5427792744627156
70,198,4.5086169603593005
70,199,3.2515387144875514
70,200,3.1971667736200575
70,201,2.8634430314662462
70,202,2.768201780184274
70,203,2.8888158384317504
70,204,4.222989721386674
70,205,3.2288561898330017
70,206,3.14645392634527
70,207,3.935934698323415
70,208,2.7383490826044907
70,209,3.7322216005205493
70,210,4.461838199780772
70,211,2.838904860753775
70,212,2.9904556282286423
70,213,2.905499625028724
70,214,4.000653977853557
70,215,2.5226830995063056
70,216,3.339551462421208
70,217,3.185376222678783
70,218,4.360020200142051
70,219,2.7382634834380717
70,220,2.5180797410717575
70,221,3.0677889692667173
70,222,3.7719328099693783
70,223,2.827115242010648
70,224,2.788441293069545
70,225,2.822586610159566
70,226,3.5084031185946576
70,227,2.9926563739573666
70,228,2.6127613647571835
70,229,3.7853814607313065
70,230,2.6290325825719423
70,231,3.863787803799152
70,232,2.619673394707059
70,233,2.715945289420449
70,234,4.088533460561104
70,235,3.608248332644813
70,236,2.959213390312775
70,237,6.688568636907609
70,238,2.617142899124799
70,239,3.0443058737625774
70,240,3.042904079022479
70,241,3.761827603439916
70,242,2.576506488662347
70,243,3.293357661358483
70,244,2.6336592209775325
70,245,3.0846174985797643
70,246,2.9159395729050686
70,247,4.007847201384969
70,248,2.6104337671611875
70,249,2.9772481491695215
70,250,2.822569005598597
70,251,2.7461371642684154
70,252,2.9540335050159983
70,253,3.399899866591514
70,254,4.061925997172677
70,255,4.610715089800221
70,256,3.1407356552528993
70,257,3.125633534442986
70,258,5.491996492713083
70,259,3.3016205792491164
70,260,3.566251895546553
70,261,2.9221556128845734
70,262,3.64673524268103
70,263,3.3660357620622925
70,264,2.7867455082862915
70,265,3.3539305287448262
70,266,4.650117363610195
70,267,2.606182462797624
70,268,2.567021907173037
70,269,3.526274593023212
70,270,2.8985260952196867
70,271,2.926213132859024
70,272,2.86365761355855
70,273,2.8968141840153847
70,274,3.455553510451469
70,275,3.0478152455081244
70,276,5.429658118076159
70,277,3.2080405464194617
70,278,2.598216196540547
70,279,3.0182213893613783
70,280,2.8517181292492078
70,281,2.9706747288816198
70,282,2.9447771612584877
70,283,4.824379480418916
70,284,5.679916556060724
70,285,2.9891578845793703
70,286,3.144410066972146
70,287,3.7851297306063385
70,288,2.9293255445031927
70,289,2.8406661436856133
70,290,3.85900894909525
70,291,2.6229852998144363
70,292,3.35839435145386
70,293,3.1259858272982397
70,294,3.0325629398736997
70,295,2.63233686151373
70,296,2.6089793744978187
70,297,2.8448399272946334
70,298,2.622493308551222
70,299,6.178211158514729
70,300,3.5314233366749566
70,301,2.8305915301723075
70,302,3.3620266008716864
70,303,2.801304074531276
70,304,3.3186545377234036
70,305,2.5664824441979506
70,306,2.75331933039827
70,307,2.5547479423568626
70,308,4.18052606776269
70,309,3.101553517494247
70,310,2.8779139676522036
70,311,2.779287886487916
70,312,2.6549225380991146
70,313,3.8791478991878425
70,314,2.9912544244208865
70,315,2.685410145718755
70,316,2.6093848263558597
70,317,2.7114957341055916
70,318,3.1698492994323466
70,319,2.8988480628014615
70,320,2.6074597393422576
70,321,2.608588572644689
70,322,2.752306463520793
70,323,2.871606283785749
70,324,3.6801372037162965
70,325,3.0915933230626287
70,326,2.5850226160940575
70,327,2.8756003838363444
70,328,3.852706210300299
70,329,2.9508426253293023
70,330,5.651866829828092
70,331,2.9355316577331756
70,332,2.6943001892856793
70,333,2.918291337419223
70,334,3.3389152750641165
70,335,2.8419353851451783
70,336,2.893524974828843
70,337,2.6041543577531727
70,338,2.6328399168156422
70,339,3.3084289126568684
70,340,2.6980409909932197
70,341,3.4234267686158977
70,342,3.039971144415582
70,343,2.5231913441786586
70,344,2.8428780729131082
70,345,3.6005507914501362
70,346,5.79379604673788
70,347,2.9461127486878516
70,348,3.159309331469033
70,349,3.4075372643955464
70,350,3.0795554902999696
70,351,3.0706988381991973
70,352,3.6790122376381147
70,353,2.660808347303108
70,354,3.217539978955265
70,355,2.834580698521576
70,356,5.262623862016971
70,357,3.2596707455196414
70,358,2.741757406797662
70,359,2.6653977490103644
70,360,2.5195634413488306
70,361,2.7230971053452913
70,362,3.338021679590348
70,363,3.1404009256269707
70,364,4.323655111678452
70,365,3.131834325543364
70,366,2.840665510190185
70,367,3.1893488880962093
70,368,4.051480044590695
70,369,2.7219216152776666
70,370,2.9418780235174475
70,371,2.444359483279818
70,372,3.0486193809573137
70,373,2.687173275546446
70,374,3.039925152003462
70,375,2.6672258554802704
70,376,2.5182626163219517
70,377,2.901672569652494
70,378,2.7922006510943067
70,379,2.78346114642048
70,380,3.3845468569723396
70,381,2.7452759346097153
70,382,4.078344327853667
70,383,3.606548845108154
70,384,2.768201254893023
70,385,2.744510187034314
70,386,2.9560510153736277
70,387,3.3014255649715802
70,388,2.980279073256646
70,389,3.626267643839789
70,390,2.885778262911775
70,391,2.871552866427997
70,392,2.669740848394356
70,393,2.882869498813119
70,394,2.5790798445404994
70,395,2.779423052036139
70,396,5.860138022572207
70,397,3.912943402001182
70,398,2.9049535004813216
70,399,2.788435559901427
70,400,3.1797625567827885
70,401,2.610196492631496
70,402,3.666710686202012
70,403,3.297926593734654
70,404,3.787566913678757
70,405,2.7597457305521744
70,406,2.6762498278746967
70,407,2.937918415872189
70,408,2.6610159262575657
70,409,2.581530898934008
70,410,2.834025430699065
70,411,4.241602705223276
70,412,2.5524536762268037
70,413,3.0082831362892137
70,414,2.7886265024522614
70,415,2.8211355104559734
70,416,3.222387496752624
70,417,2.6782836484268224
70,418,2.7556949722469044
70,419,2.7859177450154355
70,420,2.92713270689575
70,421,2.638582700663815
70,422,2.977732214497264
70,423,2.755015702375902
70,424,3.931841414967333
70,425,3.6185479031864123
70,426,2.6379099119304397
70,427,2.8999603787146078
70,428,2.7391291023953843
70,429,4.739301636830303
70,430,2.677561680124761
70,431,2.7829091063022204
70,432,2.6728856839378534
70,433,3.060396368500277
70,434,2.6444211496440424
70,435,3.4533403725689915
70,436,3.1976591272025754
70,437,2.7703126466228523
70,438,2.7441473481212344
70,439,5.581027135552618
70,440,3.3281916893676984
70,441,3.034647407664889
70,442,3.141506815972464
70,443,3.1351988283574803
70,444,4.10958348173064
70,445,4.0102781212106855
70,446,4.350791523539457
70,447,5.831786910918709
70,448,3.2752211875474013
70,449,3.011436604473656
70,450,3.8065829932784028
70,451,2.5532589557541034
70,452,2.699071042851126
70,453,4.365557809959279
70,454,3.3203513022715168
70,455,2.7388187358139913
70,456,2.6868657289597575
70,457,4.182966736900235
70,458,2.789137751364434
70,459,3.3710498434378087
70,460,3.049856036269072
70,461,3.124633363074724
70,462,3.626116541232096
70,463,2.9953997662351535
70,464,2.754639151632241
70,465,2.58282330871634
70,466,2.5711130944265848
70,467,2.7305472658927257
70,468,2.6633140202311925
70,469,3.2392280168458374
70,470,2.971556678952251
70,471,2.8456577805075756
70,472,3.0304522298246406
70,473,2.5955683842137165
70,474,2.8066718435505744
70,475,2.8618988134215697
70,476,2.610839123251819
70,477,4.05510482917402
70,478,4.353654997732478
70,479,4.2215349086463405
70,480,3.741282826176587
70,481,4.232708785888963
70,482,3.4480681807037934
70,483,3.854622378408248
70,484,4.41417145897421
70,485,3.2831066836225364
70,486,3.5254787711461333
70,487,2.7289472257154195
70,488,5.2152641568094324
70,489,3.499556943385478
70,490,3.264049828881867
70,491,2.9817987064875306
70,492,3.4075882836907905
70,493,3.9248512792484402
70,494,3.0374153494499425
70,495,2.8886833335936135
70,496,3.2280404269364995
70,497,3.0329391045465273
70,498,3.1654151654524165
70,499,3.833812880418602
80,0,4.0933912518231095
80,1,2.925274798630861
80,2,3.049587011480897
80,3,2.6188548644030614
80,4,4.761216760306557
80,5,5.716100721394118
80,6,7.278437047164159
80,7,3.720809170155633
80,8,2.9606861213755424
80,9,2.8943460508553223
80,10,2.7673036844201744
80,11,2.669196457179586
80,12,3.722340723173126
80,13,3.204982896780837
80,14,5.23681436205163
80,15,3.7830493410277755
80,16,3.2857003895202026
80,17,2.6451097060066315
80,18,5.51839010477258
80,19,3.977595319485103
80,20,7.6670331765672515
80,21,2.7940326756901226
80,22,3.3217470214514124
80,23,3.337774679117004
80,24,2.7557535056566023
80,25,3.59690617904011
80,26,3.626574655042542
80,27,5.563484065275581
80,28,2.834743863367061
80,29,3.9526215845627326
80,30,4.50036857133291
80,31,2.7214477946279048
80,32,3.081816037158548
80,33,4.9777211899854885
80,34,2.6385717656744005
80,35,2.75340699795074
80,36,3.60806058661771
80,37,4.159539387318465
80,38,4.878694037638787
80,39,4.557490067772639
80,40,6.390764732177715
80,41,11.107537758075964
80,42,2.646471994334603
80,43,2.9585461469802077
80,44,4.9585914843365275
80,45,3.2670602075045947
80,46,2.708424138417158
80,47,4.946026857097102
80,48,2.8717409374765013
80,49,5.214570207341035
80,50,3.720747960134486
80,51,3.1135091982728182
80,52,4.002360865296165
80,53,5.842489640281304
80,54,3.191410095697793
80,55,2.6710803410670882
80,56,5.042513500243443
80,57,3.2889055645147702
80,58,4.093038234715085
80,59,3.0156755499957297
80,60,3.0241684734872676
80,61,5.1596791077857995
80,62,3.292771143523783
80,63,6.468835640500753
80,64,3.6477596069681284
80,65,2.824287455084828
80,66,4.455877781342481
80,67,3.977410444526827
80,68,3.5788447446581864
80,69,2.8453121911091594
80,70,3.5821439204762537
80,71,5.876357338771252
80,72,3.602428282121629
80,73,2.720028455088877
80,74,6.412113092560861
80,75,4.60261737463864
80,76,2.78608355769194
80,77,2.5590539320408205
80,78,3.411684257534786
80,79,2.7440874387672207
80,80,4.081134300798735
80,81,5.361065328344118
80,82,3.2376916352701084
80,83,2.8111061162401003
80,84,3.792973417323798
80,85,4.827170442594773
80,86,4.093741510762466
80,87,2.8879616430039676
80,88,2.995161849679399
80,89,3.580265950175661
80,90,5.91659845676108
80,91,3.21382102352756
80,92,4.733483499621978
80,93,3.914563802945468
80,94,4.8895998847291
80,95,4.05787640047152
80,96,3.0523159784445477
80,97,2.822202089804462
80,98,2.8726522360935665
80,99,2.7480552624181414
80,100,6.497692530899373
80,101,4.132599284382276
80,102,4.441962026530536
80,103,5.891819678544109
80,104,2.753838633456078
80,105,2.6359713711232113
80,106,3.501425013284212
80,107,3.140753134427
80,108,3.9255608167465317
80,109,3.7923714234508417
80,110,2.7629480507392614
80,111,3.381780484872551
80,112,3.9783195739702966
80,113,2.7986082380588386
80,114,5.750096708355256
80,115,8.65388167321278
80,116,2.888313275456558
80,117,3.3768488855832413
80,118,2.8227643166848013
80,119,7.277632665206729
80,120,3.137271562631574
80,121,4.514047459134363
80,122,3.5060102166373994
80,123,4.598513514454545
80,124,6.987971666616869
80,125,2.9688765152016057
80,126,2.7521133613455553
80,127,3.638882123825948
80,128,2.557594563708057
80,129,2.5690559694378643
80,130,4.418439581340673
80,131,5.420646852277554
80,132,2.5772905304572395
80,133,3.085053444327392
80,134,3.088170557904079
80,135,6.587652898394178
80,136,2.7519629308076614
80,137,3.0843880033080056
80,138,5.147701716837003
80,139,3.994615180634281
80,140,3.654088404080736
80,141,2.8191138200624404
80,142,3.5155550798475748
80,143,4.358984610747217
80,144,2.930166073686132
80,145,4.658032742629483
80,146,3.5346539710275318
80,147,3.4606569607427753
80,148,4.3589529567969185
80,149,3.0323271222496784
80,150,3.4377556821580786
80,151,9.315926992783085
80,152,4.00312189571105
80,153,12.283350370431043
80,154,3.925749738879337
80,155,3.962919107731959
80,156,5.019173607855017
80,157,2.9566936781908817
80,158,4.110783606799279
80,159,3.1687477402802933
80,160,3.186765035937162
80,161,3.963554396973799
80,162,7.113626705644675
80,163,3.4158147345475958
80,164,2.7990415788331897
80,165,5.420220098400183
80,166,4.273287414535245
80,167,3.2709399215100596
80,168,3.5325423840632992
80,169,3.1271582925558286
80,170,11.346998092548263
80,171,4.185503210116116
80,172,3.994695401000466
80,173,3.8778809954930136
80,174,4.3937310583169635
80,175,3.218679192872319
80,176,3.592270617021061
80,177,2.89519522287136
80,178,2.599311534369402
80,179,3.668864279095571
80,180,4.439531798041936
80,181,2.728937404164563
80,182,5.543880236368608
80,183,7.7125964528474515
80,184,4.221379786404424
80,185,4.876104693414019
80,186,3.79238842881285
80,187,3.4437174791397873
80,188,6.115184099914961
80,189,3.3852356117580342
80,190,6.959253439764553
80,191,2.9761314357029187
80,192,3.063548298465108
80,193,3.4021365062525106
80,194,3.358963198721202
80,195,3.494926994565978
80,196,6.44907267167577
80,197,2.914365548745859
80,198,3.5988960755437396
80,199,3.9538954033354297
80,200,3.8438738865139297
80,201,7.3400741518384445
80,202,5.111709445010414
80,203,5.033916948768798
80,204,3.4767836695316547
80,205,3.9702894593346536
80,206,3.7021600224506486
80,207,5.244296768556711
80,208,3.264572185330565
80,209,2.8735674431898266
80,210,4.820535869077355
80,211,3.474226535786691
80,212,4.952475945967261
80,213,3.8122091432410894
80,214,4.078889774880968
80,215,4.2096751182478185
80,216,2.6182009081971453
80,217,11.413970694435747
80,218,6.290534933992484
80,219,4.642534755870398
80,220,3.1935165882687637
80,221,2.71944068839461
80,222,2.7957194201702644
80,223,5.275138928847241
80,224,4.743297044623882
80,225,3.352265382248689
80,226,4.060669783249631
80,227,2.8560366208762122
80,228,3.5817990895267204
80,229,4.379314543861053
80,230,2.8093706846250894
80,231,3.6594141877118713
80,232,3.0317732854943937
80,233,5.864502048068169
80,234,5.258810223508479
80,235,2.565966957716359
80,236,2.824102024442443
80,237,2.959876066183304
80,238,5.146209830647422
80,239,4.19249584212735
80,240,3.241476792813568
80,241,3.2843369463906593
80,242,2.9606907142618826
80,243,4.148581788034512
80,244,2.6296209635079726
80,245,6.826028077791018
80,246,6.0389994975578345
80,247,5.220662552904921
80,248,4.151270458572964
80,249,3.3091465247486194
80,250,4.571842004020727
80,251,2.7269008172895783
80,252,4.952379983133746
80,253,3.2895833925698703
80,254,5.356883764695057
80,255,4.4152346315201
80,256,6.668552186895933
80,257,3.202846348343557
80,258,5.804851391855606
80,259,6.181590284064653
80,260,3.0217420978766025
80,261,3.502036935307556
80,262,2.5571945282203363
80,263,4.425875842270667
80,264,3.5896774237049605
80,265,2.7949059477227784
80,266,3.0289462232430626
80,267,4.124434133123583
80,268,3.9718361081245743
80,269,3.216395589930248
80,270,3.840885776054252
80,271,3.711160661480967
80,272,2.8656741627498894
80,273,2.8333867463420868
80,274,3.5825702681470792
80,275,7.357707188985561
80,276,3.8867073690322758
80,277,4.764413983177791
80,278,4.055395673507656
80,279,2.8307348808744743
80,280,4.447656589348921
80,281,4.188669948157589
80,282,7.684500360094961
80,283,3.3344527337075145
80,284,4.217386842512613
80,285,4.337119198196692
80,286,3.2695725063535503
80,287,4.870961092761437
80,288,5.966494836762756
80,289,3.715047838283665
80,290,6.298681032718925
80,291,3.6650034212202165
80,292,2.548668972409874
80,293,3.6075390484894156
80,294,3.076811187102975
80,295,3.3255202107772357
80,296,4.874600663869203
80,297,3.9002959129033474
80,298,3.8107493932762906
80,299,4.543749112087405
80,300,6.296134350177958
80,301,2.9096551752926985
80,302,3.8754681444245254
80,303,4.785106465349235
80,304,5.101527952461505
80,305,3.3105638773138555
80,306,7.073240646912393
80,307,4.409269731918927
80,308,3.141309759429652
80,309,5.457891739588788
80,310,5.3455350252424765
80,311,4.0702541393054315
80,312,2.876174082140107
80,313,3.430632909405538
80,314,3.1191705606726448
80,315,5.127898304746245
80,316,2.72747378983125
80,317,4.6889837861169426
80,318,2.6995851772709862
80,319,3.292310835774362
80,320,3.09465933124194
80,321,3.793987847670431
80,322,6.418344440787653
80,323,11.73608806833894
80,324,7.872997945351537
80,325,2.5036074624977562
80,326,2.8952126196785763
80,327,4.6352112988176
80,328,5.966802230724933
80,329,4.485074509891434
80,330,3.4887190780681254
80,331,3.3833207361243995
80,332,4.047959166870662
80,333,3.9503281210831642
80,334,3.148087936352168
80,335,4.136981135543305
80,336,2.8362506974649144
80,337,3.3604827523297334
80,338,4.252281560181797
80,339,6.961663840381434
80,340,3.3691855568459887
80,341,7.560224175271588
80,342,5.054369597506411
80,343,3.136460125287494
80,344,5.153311175958542
80,345,8.30534806109286
80,346,3.1343541650936224
80,347,3.272085523114635
80,348,6.745002474122202
80,349,3.903641912250141
80,350,4.290670596796861
80,351,2.8205092109330527
80,352,4.3373466200844195
80,353,4.067821437562309
80,354,6.344577181668055
80,355,4.514015768039236
80,356,3.4526350434390984
80,357,2.9827682138016987
80,358,5.2101274202906
80,359,4.525534919330319
80,360,2.7391218523766803
80,361,3.2146763673040195
80,362,4.7153532944996
80,363,6.316066213525419
80,364,3.5506986765057307
80,365,3.4455468799768907
80,366,3.0120388083619924
80,367,4.0843594945766935
80,368,3.4981226766408873
80,369,2.941494472675537
80,370,3.62773612377268
80,371,2.936695210316501
80,372,3.1585012530293084
80,373,2.5110946914424384
80,374,3.502154675166728
80,375,4.040711606912454
80,376,2.709336876782271
80,377,2.627015595150308
80,378,5.052225545277097
80,379,2.5489551559679677
80,380,3.540046313745791
80,381,3.6834505648875786
80,382,3.0287503822420505
80,383,4.474739481516542
80,384,3.3137404166186615
80,385,2.904900171486621
80,386,3.012833126444095
80,387,3.279741534558276
80,388,4.08042907908112
80,389,2.6836247014421692
80,390,8.395727233617702
80,391,3.3851697312600093
80,392,4.550398351819641
80,393,2.8440773497591105
80,394,3.5563931397638564
80,395,3.872369390609
80,396,3.6523223393377413
80,397,3.7349569948166557
80,398,5.125577199948064
80,399,2.8488894525923425
80,400,3.1364176172920972
80,401,4.250058709044255
80,402,4.199937183268189
80,403,2.5394631170177075
80,404,3.1785434885197392
80,405,3.780316344355581
80,406,2.7209613112159934
80,407,7.137743301996053
80,408,3.7730246750091476
80,409,3.091552282904384
80,410,4.53141496553262
80,411,5.068216260904971
80,412,2.783307949185821
80,413,7.908264921488999
80,414,4.103844624166452
80,415,2.9150978765009645
80,416,3.0968137057183145
80,417,4.836762502476617
80,418,2.9057312650381415
80,419,4.483038363995002
80,420,2.97379801456472
80,421,2.5445136555488395
80,422,3.460275742497447
80,423,4.401748408255324
80,424,3.507593107589442
80,425,5.476892408522962
80,426,3.007815034159211
80,427,3.651215902999184
80,428,10.04567441515879
80,429,5.684169212130914
80,430,3.1368167283573323
80,431,4.00058416500461
80,432,5.663836358394763
80,433,4.492742710202729
80,434,4.143387706387644
80,435,5.74656176462596
80,436,2.9492348979533904
80,437,3.777650236351658
80,438,2.8151148519470204
80,439,5.900804407347698
80,440,3.3591102367316887
80,441,4.089452306360466
80,442,3.1077536165837034
80,443,2.750697896976154
80,444,3.56397032068667
80,445,4.527491525520978
80,446,3.784451866680828
80,447,7.962712995452036
80,448,4.4643444406619
80,449,3.102636513681099
80,450,3.370272457472889
80,451,5.216343715940756
80,452,5.22177521641691
80,453,3.432866112151602
80,454,3.181286676401251
80,455,3.6912264999736055
80,456,3.9203056744417855
80,457,2.915790967947835
80,458,5.820781039236555
80,459,4.897467486001191
80,460,3.1391211278649758
80,461,5.850825972431976
80,462,6.288652532466771
80,463,3.1693961047185737
80,464,3.9061095190538264
80,465,4.334190625443654
80,466,3.4812518558311125
80,467,2.809426794129753
80,468,5.541384463802902
80,469,4.7644972226362405
80,470,3.245141214223219
80,471,2.7477940985673905
80,472,4.124990708576971
80,473,4.613136054940271
80,474,3.368676434432012
80,475,4.659514354699542
80,476,3.269627973392665
80,477,2.998688062073136
80,478,3.253023374591171
80,479,3.359491906512019
80,480,2.9299164656552286
80,481,4.811999682138789
80,482,4.015592267742544
80,483,4.502060386723512
80,484,3.118167215922677
80,485,3.245085611786968
80,486,5.586937554149029
80,487,4.11562910685836
80,488,3.163441846430764
80,489,3.725610636881126
80,490,2.6551453225967503
80,491,3.6247246582410626
80,492,2.7638830864495354
80,493,3.209689950125619
80,494,3.006531828893883
80,495,4.396712452154692
80,496,2.9797995029354003
80,497,2.894733568401777
80,498,3.0930264397186793
80,499,2.6580727713775545
90,0,4.375883103401686
90,1,5.572358618815871
90,2,20.506936952549918
90,3,6.685792919538745
90,4,4.625987585811733
90,5,5.128227079078113
90,6,10.486834752347821
90,7,10.256448642824994
90,8,9.423439947735217
90,9,9.491138985662383
90,10,9.263619141320687
90,11,14.387210927050752
90,12,3.5905312697575194
90,13,8.498789632727563
90,14,2.544102911373569
90,15,6.266410821582005
90,16,10.057909226481652
90,17,4.580068833906513
90,18,9.662478635717184
90,19,4.439517142613241
90,20,6.384879070961319
90,21,4.575122028953955
90,22,5.994126130196873
90,23,7.679918412621483
90,24,2.9336334673616977
90,25,5.096198148250486
90,26,4.52857827955107
90,27,3.106115659143203
90,28,6.3425366802822305
90,29,7.253650696785057
90,30,5.591309951188996
90,31,3.9899880173219673
90,32,6.115346555729372
90,33,10.9566762736257
90,34,2.8890102316606083
90,35,4.322164639687719
90,36,2.9580109860260175
90,37,4.9224849199345515
90,38,4.772471788806252
90,39,19.25281887096112
90,40,3.085717960017831
90,41,4.284455370668242
90,42,3.8924249075193558
90,43,3.1558341168623145
90,44,2.7918660535826567
90,45,11.656057837467554
90,46,4.64246501807128
90,47,3.3313527980853332
90,48,3.74853274876537
90,49,8.68963635224844
90,50,3.18951400222307
90,51,5.956271396922245
90,52,4.952551852713474
90,53,6.504560207437421
90,54,5.274897722403421
90,55,9.472406520877506
90,56,9.455455797604248
90,57,13.878103919510943
90,58,6.4463973487694295
90,59,12.302702010420196
90,60,10.284308441550161
90,61,5.216294443467408
90,62,3.671984693238876
90,63,8.897748423349759
90,64,15.666448780775944
90,65,7.506032536139281
90,66,9.219232042201199
90,67,5.626825808352609
90,68,2.596429781451333
90,69,10.105111764448871
90,70,5.294299242523752
90,71,20.4248652349947
90,72,15.731769167437836
90,73,3.8989618321693653
90,74,12.348913959602193
90,75,4.4656684330813485
90,76,12.017265480609435
90,77,7.642786348968234
90,78,5.012386831980799
90,79,5.90911759899767
90,80,5.813459013053574
90,81,7.4289753608494875
90,82,3.77644117449279
90,83,4.707445064634576
90,84,5.106115384735824
90,85,4.646258224260131
90,86,3.5302543517530434
90,87,19.508635589458088
90,88,12.377476978444726
90,89,3.5151166027334977
90,90,12.894857068753677
90,91,4.062137886134181
90,92,8.44547195401976
90,93,8.228665246687035
90,94,2.8451777408060726
90,95,17.461215264313783
90,96,2.8265022610737107
90,97,2.5439710899364916
90,98,7.0146016100714865
90,99,14.556079293295946
90,100,5.3386907419329255
90,101,8.031003825046614
90,102,3.417782472030892
90,103,5.399178965454259
90,104,2.889743977957877
90,105,3.2937057491850137
90,106,4.4043773563261635
90,107,3.884535743812036
90,108,5.00940892816558
90,109,6.9047064128076805
90,110,7.3054319283958495
90,111,7.589843669388809
90,112,16.04495740417895
90,113,8.661546941041413
90,114,7.475238416953709
90,115,5.798938089844846
90,116,8.256284321432176
90,117,6.188786290412852
90,118,5.218551863179242
90,119,3.63340577264547
90,120,3.5102415053727216
90,121,3.121370240649082
90,122,5.464423691551916
90,123,9.727043765512542
90,124,11.308739970605796
90,125,7.3616516007007515
90,126,9.683979721996515
90,127,10.868620319271658
90,128,4.661011391601231
90,129,5.316293745417943
90,130,3.0262508280517944
90,131,5.089527577999976
90,132,9.374728093921622
90,133,4.0772612103545445
90,134,3.417427711446457
90,135,4.368461493453448
90,136,2.9428208738730417
90,137,2.961490894623825
90,138,3.7204618939590692
90,139,27.02217321065737
90,140,2.5183127795058438
90,141,4.306670471587242
90,142,3.143992048917389
90,143,9.642156332748733
90,144,3.320565750967207
90,145,5.791784089761489
90,146,3.505637402407783
90,147,6.3214843113273025
90,148,4.425901546911071
90,149,3.5902139999138463
90,150,3.2282164493480723
90,151,5.86473066144091
90,152,4.512504145312482
90,153,8.979474871182436
90,154,4.374163270786996
90,155,3.3535292726686703
90,156,2.7161732255330153
90,157,18.472110168367088
90,158,7.2838740805456395
90,159,14.006364695559595
90,160,13.952629962462693
90,161,6.2885266155874
90,162,5.227979263010343
90,163,3.044782263541897
90,164,10.102467158891931
90,165,3.726870544436768
90,166,7.888591575177098
90,167,2.8916811788218495
90,168,4.988685190260936
90,169,5.344518009760191
90,170,30.82120715722659
90,171,4.8210939205235155
90,172,15.537520134535187
90,173,6.291195848336723
90,174,4.3689362344504445
90,175,6.425389451425406
90,176,5.143768959598815
90,177,9.412751407527837
90,178,12.350873623794635
90,179,7.442209095668531
90,180,4.428010259746225
90,181,8.426214209992876
90,182,3.0793694825941498
90,183,12.797078871399934
90,184,6.59692899108126
90,185,4.567320426693215
90,186,8.940141183642504
90,187,3.8422863971446164
90,188,12.832177340718642
90,189,3.365873736108189
90,190,3.9320979188231977
90,191,8.027527367456576
90,192,3.2706249398394727
90,193,7.179900709823247
90,194,4.100509736143699
90,195,3.943264251110168
90,196,3.569581212037962
90,197,4.4888769335196645
90,198,15.391407836756077
90,199,8.722019157238627
90,200,7.465056005563708
90,201,4.832341833213414
90,202,5.422018553872039
90,203,7.81712150513046
90,204,4.637512833931424
90,205,5.66645652300818
90,206,4.957975411706314
90,207,4.927032601724102
90,208,8.9184454647075
90,209,4.9198358310913575
90,210,10.220743932667043
90,211,10.150245481701248
90,212,3.8281187472146017
90,213,19.7597317626824
90,214,7.885096607532502
90,215,2.84799037137321
90,216,2.6409481825798746
90,217,5.504971719781806
90,218,10.843530624977376
90,219,5.106805179913059
90,220,5.000313162627866
90,221,8.608149186223208
90,222,6.616949409604723
90,223,15.004384798170838
90,224,7.432246234929301
90,225,5.683551655978099
90,226,3.87388453632156
90,227,5.756703421161441
90,228,3.990836309736068
90,229,2.732999833490453
90,230,3.8096447097679427
90,231,3.0424812643774066
90,232,5.240867536119364
90,233,5.1135090292813965
90,234,7.464541971650349
90,235,7.273888763012335
90,236,3.3004161688937956
90,237,3.9517021169351323
90,238,4.46746654774028
90,239,7.924183465117404
90,240,6.124612986528579
90,241,3.858840361793446
90,242,5.370081639640539
90,243,9.750358415354565
90,244,6.4987816772782825
90,245,16.473586484433557
90,246,4.7754770184380115
90,247,7.496510195374675
90,248,5.634440000259231
90,249,4.284662000978082
90,250,7.468663475157719
90,251,3.6875608829359754
90,252,4.992036604711669
90,253,2.930157023170834
90,254,7.209712030763451
90,255,9.542982827018065
90,256,11.280408915265255
90,257,11.486147902820843
90,258,5.927854761273204
90,259,11.389856575457163
90,260,3.1057794195378414
90,261,8.340333468655356
90,262,13.307455885968698
90,263,3.1057114811378073
90,264,4.691950922955849
90,265,11.508910386541695
90,266,4.2197823562890395
90,267,8.5494902140747
90,268,5.470533213415822
90,269,4.006441379393272
90,270,8.61584283190214
90,271,3.9308194873708837
90,272,3.5071099944043227
90,273,4.457764186032778
90,274,9.36619556752739
90,275,5.187215694045801
90,276,6.060870719334753
90,277,2.997720745644047
90,278,7.095227489723041
90,279,17.22796162945113
90,280,6.081892553129281
90,281,14.500714159499413
90,282,11.135600032172572
90,283,9.53302440192735
90,284,4.588246967953064
90,285,17.433347669973106
90,286,5.52795482229877
90,287,3.4904316692532857
90,288,4.502526031411495
90,289,5.744030169042513
90,290,10.733807758195121
90,291,9.47620748779423
90,292,11.668487551972095
90,293,10.449143111473433
90,294,13.625207605831507
90,295,7.681123712966291
90,296,3.014562462814137
90,297,8.760644441004079
90,298,3.4429002612509847
90,299,3.2890097535959653
90,300,5.28948606815294
90,301,11.750819984387826
90,302,5.161187268180942
90,303,3.156189950298263
90,304,3.7392530234836214
90,305,8.2798583217798
90,306,8.252984789215413
90,307,3.678518958300313
90,308,5.124705247698653
90,309,10.864256364595128
90,310,7.162220986549627
90,311,8.530499863851485
90,312,6.194913677005446
90,313,8.890283782723507
90,314,2.7060635732628047
90,315,4.3255478208312175
90,316,6.060088192122818
90,317,5.805568383706447
90,318,2.8587566836971603
90,319,3.8327778088118083
90,320,9.86337284712048
90,321,3.6990661891799226
90,322,6.383448869451224
90,323,9.11453308511649
90,324,7.155820766766204
90,325,24.685640219525826
90,326,2.950632910953254
90,327,6.9807755743336095
90,328,5.01466333418563
90,329,5.464769272180257
90,330,41.733346158508226
90,331,7.6182980636875515
90,332,3.1640938168923154
90,333,5.361095721712238
90,334,11.016938036228577
90,335,17.546532022238832
90,336,17.506734184614977
90,337,4.373154552138595
90,338,3.340372207948234
90,339,4.965656127191798
90,340,3.9619572562312544
90,341,3.7779399709140935
90,342,3.073228880786195
90,343,5.0556165062191845
90,344,3.825451820993948
90,345,4.557127602455549
90,346,2.7823839741903242
90,347,10.185173208401556
90,348,5.880985948630359
90,349,8.166656705677521
90,350,5.748064244359122
90,351,10.889639393877188
90,352,4.0554217240689265
90,353,12.842258357406362
90,354,3.690877929008613
90,355,2.7148585380740817
90,356,39.25747302948565
90,357,12.865385062348965
90,358,2.719786654242168
90,359,5.1751276711780205
90,360,6.455211936940703
90,361,7.5720969104465174
90,362,7.438667929775359
90,363,15.664647501569236
90,364,8.768659307635794
90,365,3.2872832061948323
90,366,7.326833345061479
90,367,3.222631241397232
90,368,12.071992314917676
90,369,6.888569069780026
90,370,2.9822621870014596
90,371,5.657903349781362
90,372,10.231519094628739
90,373,4.122930109736913
90,374,6.904415782592225
90,375,3.921888421290533
90,376,4.265699033460649
90,377,8.2439748366425
90,378,4.349163099971412
90,379,3.5977083873283053
90,380,15.388833702526172
90,381,17.444853702518916
90,382,17.10678990836596
90,383,9.11438700668498
90,384,4.571768650595718
90,385,6.743443685162366
90,386,10.700179191854504
90,387,13.345126970797853
90,388,33.11777097336756
90,389,22.46266587944551
90,390,6.765888627436831
90,391,4.8829465398848315
90,392,5.477850658761289
90,393,4.417116528109455
90,394,7.329491218873753
90,395,7.159005058650145
90,396,9.428799705037367
90,397,6.64445901484719
90,398,5.724342547182989
90,399,4.25038235633857
90,400,4.0596050083302835
90,401,4.808179607044828
90,402,2.75336933806919
90,403,3.9089416828091266
90,404,10.446180330761585
90,405,12.908974836312197
90,406,4.044644072279887
90,407,14.475946449111744
90,408,14.30684148113311
90,409,8.665313629698263
90,410,18.224656326074204
90,411,8.859900496040806
90,412,7.564414046369131
90,413,8.282596673962846
90,414,7.082091623805437
90,415,9.861504922031893
90,416,4.335426712689187
90,417,5.244952963604119
90,418,3.7453868294907307
90,419,11.19116290743268
90,420,3.309162922661524
90,421,9.268601900776083
90,422,17.83554192578051
90,423,2.6541971351854157
90,424,4.892783546654056
90,425,6.286089271470364
90,426,15.910046624120643
90,427,3.5221585903826402
90,428,9.290954448166305
90,429,2.672371112578385
90,430,2.751109668395822
90,431,3.9261928445909042
90,432,15.147874956086165
90,433,3.877927239985078
90,434,3.448727844959858
90,435,3.1669357417038726
90,436,12.319600696864507
90,437,9.39622351584865
90,438,2.753969733695182
90,439,12.25056144506712
90,440,3.844559920057648
90,441,3.680776441953831
90,442,6.019196312623684
90,443,11.077390137542528
90,444,23.840835386644596
90,445,13.811515489097324
90,446,15.73072800359242
90,447,6.0308111513747225
90,448,4.748286483710805
90,449,2.846726258404358
90,450,3.9822387793342986
90,451,21.228699098434046
90,452,4.848642539841108
90,453,4.29194075582521
90,454,7.159020038967741
90,455,19.52608012094982
90,456,3.4044825829535585
90,457,2.859697419404354
90,458,5.842738223781178
90,459,8.771254082631962
90,460,3.7461035380671057
90,461,8.025276611122152
90,462,9.00207161351878
90,463,4.226623993013603
90,464,4.286650287973725
90,465,11.263182871559666
90,466,6.557768357690162
90,467,15.889793351082547
90,468,9.254914183533748
90,469,8.948951884896784
90,470,8.030712889354938
90,471,3.3425249259222047
90,472,3.8620776036097633
90,473,9.901328788084676
90,474,10.851077495726695
90,475,5.151551883210451
90,476,4.10888447824436
90,477,10.378551754553932
90,478,7.24799575401041
90,479,10.80180019200627
90,480,4.30220290589887
90,481,3.4889900503659597
90,482,6.294738709859541
90,483,11.141474680145155
90,484,4.601268326646735
90,485,4.372441508111333
90,486,4.839702728608851
90,487,12.498857145288873
90,488,4.498449883217808
90,489,13.69278897570222
90,490,8.673868196502367
90,491,10.452979999018355
90,492,7.852360064123747
90,493,5.159041705308403
90,494,3.1597529336671957
90,495,2.648310638659269
90,496,3.533674248505067
90,497,10.195354049611517
90,498,5.765151864601543
90,499,3.758375017840237
100,0,5.563280961443925
100,1,12.641345797747354
100,2,6.2332742780058545
100,3,16.26632267640649
100,4,12.152533249387876
100,5,2.9560207768654037
100,6,5.730727188414823
100,7,12.20348787728213
100,8,4.565253549525379
100,9,8.936515928971142
100,10,5.660117752071574
100,11,2.8302313459324284
100,12,5.508235777463577
100,13,5.564225277110675
100,14,5.338601860125431
100,15,3.636007116321649
100,16,6.287756536605337
100,17,4.7094117759906124
100,18,8.236107011829498
100,19,3.8100597503240285
100,20,5.342986297693322
100,21,8.974817131058789
100,22,4.047937858870004
100,23,3.926961337738113
100,24,5.1422256791547305
100,25,16.88035743828232
100,26,16.498956026132817
100,27,7.200440710698135
100,28,4.242660287179129
100,29,8.744272616202545
100,30,13.579712192670975
100,31,4.835056616604705
100,32,6.611469242017686
100,33,3.58362793110461
100,34,4.765071792521011
100,35,5.899542227359111
100,36,7.466246096121455
100,37,4.5400833300677155
100,38,3.2328066241224827
100,39,3.0552325426237448
100,40,13.882523789070238
100,41,4.654551938938638
100,42,3.0040563303832055
100,43,6.45936769529141
100,44,12.16263068816491
100,45,10.771702554615946
100,46,6.408278829007545
100,47,23.0781491742044
100,48,8.092091141777166
100,49,2.686513432679278
100,50,7.3268945564139285
100,51,12.441957210998
100,52,4.477614939415561
100,53,3.8334547203625964
100,54,4.233497927275195
100,55,4.996335739996485
100,56,5.136870226685473
100,57,26.037593232317178
100,58,5.123321566832628
100,59,14.207950420455044
100,60,8.676094908248452
100,61,3.637266669048883
100,62,2.8462526082930077
100,63,10.89949011667304
100,64,8.141537699226
100,65,13.777324810602087
100,66,4.365585609270295
100,67,4.606986061377782
100,68,12.700107629049615
100,69,7.861763876733182
100,70,8.667318379610139
100,71,3.0313622030626375
100,72,2.996133761462864
100,73,3.6808972506814417
100,74,10.933281293675694
100,75,6.592885007488619
100,76,2.5407895164067886
100,77,4.436148252160719
100,78,3.745938493225231
100,79,4.372294216353056
100,80,4.479123088490173
100,81,7.247192247332688
100,82,13.833852792694376
100,83,2.594939280252228
100,84,6.980785723263048
100,85,3.9956447013323855
100,86,7.361448495437485
100,87,6.659592460872384
100,88,11.331152356347982
100,89,4.65534638085144
100,90,4.210674367400542
100,91,8.337546071245308
100,92,16.303524658741477
100,93,12.555514696791105
100,94,3.2953593517604323
100,95,16.336940775316798
100,96,8.31646742235645
100,97,8.785837527184782
100,98,3.4536677134728184
100,99,4.478386630122798
100,100,3.595060198040483
100,101,3.3763451748891176
100,102,6.991124227198669
100,103,2.754385848759096
100,104,2.576584730405071
100,105,5.089000995502345
100,106,2.8491051528837996
100,107,8.904591155767582
100,108,14.218941157498849
100,109,11.684651957158469
100,110,4.999174400040214
100,111,12.510683206604181
100,112,7.059802622741314
100,113,3.6462415368120578
100,114,3.5248984239278482
100,115,8.521008988835092
100,116,6.010400961678947
100,117,4.499150252484986
100,118,23.770375513525362
100,119,4.554489230449628
100,120,5.399799078454905
100,121,12.214106264003735
100,122,3.2727269881356955
100,123,3.742357176180266
100,124,3.4069567639960807
100,125,3.6809556762624474
100,126,4.212368121379888
100,127,10.055499715916767
100,128,17.648540164136428
100,129,6.163112189119771
100,130,6.426427190728565
100,131,5.300950209572102
100,132,5.012708544928734
100,133,17.391590084707264
100,134,3.122318896271639
100,135,4.69383068661402
100,136,6.614728952963954
100,137,2.784699951269184
100,138,3.9435214506807643
100,139,11.219521857384253
100,140,2.809615605901992
100,141,5.079617312893662
100,142,6.834917792837794
100,143,5.730896134578028
100,144,10.259384515237782
100,145,14.496623026235637
100,146,4.1489746614515965
100,147,3.7407542763323107
100,148,7.733439297012306
100,149,4.5150802363979405
100,150,14.091277428666816
100,151,4.591457664638783
100,152,6.164617939889526
100,153,3.460320451844866
100,154,4.766832245701279
100,155,6.762062966716643
100,156,9.506652210556513
100,157,4.007057790460669
100,158,17.389192665241907
100,159,5.591337173777935
100,160,5.143231128134302
100,161,5.230738289678952
100,162,4.584560298138857
100,163,3.7955915156823883
100,164,5.850327483911931
100,165,3.1712617723305265
100,166,7.979303061987313
100,167,4.2184293081009105
100,168,3.1381817457038763
100,169,17.950899572131277
100,170,4.657223930899792
100,171,3.469446683301223
100,172,7.547593772697254
100,173,2.976397170674814
100,174,13.169713114313673
100,175,3.723707221120143
100,176,9.072643317873673
100,177,6.728767453989807
100,178,4.3647051542699975
100,179,2.7675831798677146
100,180,8.430357771046985
100,181,5.318036108440276
100,182,7.620401634190043
100,183,5.114109740899179
100,184,8.114089010770913
100,185,2.7001941087421413
100,186,9.507230192332589
100,187,8.56770044162833
100,188,6.290139476147957
100,189,15.244933920456376
100,190,3.300421422746937
100,191,2.8049300562581214
100,192,19.663696571968824
100,193,5.55737539634978
100,194,11.353918160664856
100,195,2.9107646881966236
100,196,14.27206439528782
100,197,19.740683475649394
100,198,6.644227470374712
100,199,3.123127017075164
100,200,4.7992875813205025
100,201,6.225685090735233
100,202,5.439925368694831
100,203,15.917029541409242
100,204,5.974837958035107
100,205,16.601848806670336
100,206,9.146800215046792
100,207,2.8832482749686106
100,208,7.096532467510747
100,209,5.984288397657875
100,210,2.8555818377011617
100,211,3.489323415953174
100,212,5.082736816775659
100,213,10.583766191069719
100,214,3.0436728120963026
100,215,5.2506977873624034
100,216,10.218688584210128
100,217,2.83519659121679
100,218,5.96776195608568
100,219,3.2540799626373036
100,220,10.349470300291266
100,221,6.264801052745965
100,222,4.130041044807228
100,223,3.395892772022579
100,224,8.797749363701564
100,225,3.563767655099589
100,226,5.741273867150946
100,227,7.050447664268472
100,228,5.38736244732349
100,229,4.7147635324351755
100,230,2.818286078819877
100,231,4.582094516827952
100,232,12.584891685178741
100,233,9.298607492486507
100,234,4.493860468148648
100,235,2.9614949791383087
100,236,11.992782979985954
100,237,9.14390554164871
100,238,7.335170938702178
100,239,25.82450926123091
100,240,5.214954611426824
100,241,4.220756408309188
100,242,13.091117905105868
100,243,3.410350524286885
100,244,3.9241575289803494
100,245,4.462415222777144
100,246,9.905703272887958
100,247,11.561953372007508
100,248,5.1179439219877105
100,249,24.09358231412821
100,250,6.7832670264191615
100,251,6.21232576676776
100,252,3.3783084363136413
100,253,4.8874968154997305
100,254,8.321005715503054
100,255,2.815935035131835
100,256,7.193683430257947
100,257,3.488570702642622
100,258,9.074467954747494
100,259,9.887475360727063
100,260,17.454177906296927
100,261,7.3820165460727045
100,262,13.741440823880788
100,263,7.685492448094423
100,264,9.503673011108745
100,265,16.135193065580523
100,266,7.540878968034872
100,267,6.849343489857892
100,268,3.4048340703032918
100,269,3.755897031931386
100,270,3.5187117338573946
100,271,10.301471319133018
100,272,3.96323790009478
100,273,4.478312675681474
100,274,6.33939172414057
100,275,5.870507652840261
100,276,10.407592452814693
100,277,11.498267274655625
100,278,3.925211836853304
100,279,2.5624705511508563
100,280,6.734965765108739
100,281,10.193863131158963
100,282,8.427194977352995
100,283,3.45524912086351
100,284,3.7463898775804574
100,285,10.206785516096346
100,286,25.61426729912041
100,287,4.695205685171977
100,288,10.82589887441704
100,289,3.7177250563254516
100,290,10.794543864278447
100,291,5.744387021857109
100,292,3.78936835288552
100,293,18.469657564768095
100,294,16.88308620673376
100,295,3.1345662702721615
100,296,4.214918619890968
100,297,5.366086473618249
100,298,9.299012471364827
100,299,8.84811083865712
100,300,7.959711708467668
100,301,26.141025291250802
100,302,8.667781203809781
100,303,4.590681326562748
100,304,11.381913218666014
100,305,4.916168119899873
100,306,4.353483841038021
100,307,4.736245078792845
100,308,5.097744440392592
100,309,16.788022163697928
100,310,21.874494715550394
100,311,4.720403726524134
100,312,2.638329883765278
100,313,10.784526309548198
100,314,6.9307769655582065
100,315,6.990506437311928
100,316,3.1085186790229287
100,317,16.487784564764624
100,318,3.1022737438118964
100,319,17.4308503644203
100,320,3.738120446130794
100,321,3.152935190781925
100,322,2.7355313551338805
100,323,2.793234110363862
100,324,4.62051382691788
100,325,14.055316816267533
100,326,12.391963462638806
100,327,2.704158520432292
100,328,2.9461542308664708
100,329,4.273370380082369
100,330,10.296888779154289
100,331,4.9565582973079305
100,332,7.701412406399655
100,333,14.212963148847315
100,334,12.023300619876135
100,335,4.628894401258201
100,336,4.868393354017265
100,337,9.239324850837939
100,338,11.214003329977276
100,339,2.6444389734132048
100,340,8.481384387248394
100,341,13.006647197904549
100,342,8.863040751562703
100,343,14.36640068617726
100,344,3.641741377823103
100,345,3.875149794300113
100,346,3.7837944013956886
100,347,13.023295812441436
100,348,2.6853461484148133
100,349,6.4744006766438105
100,350,9.249412476675952
100,351,2.9132883043961986
100,352,3.0503435750495607
100,353,19.54747034506247
100,354,4.6608444954951
100,355,7.603476810386376
100,356,3.972941727319211
100,357,7.52645623715074
100,358,2.8107527718652245
100,359,8.387125663185483
100,360,4.444315643394468
100,361,4.887713840541304
100,362,6.970410853300089
100,363,3.21843833556757
100,364,9.664597583839635
100,365,11.423660746286565
100,366,19.11860084739932
100,367,7.565771531442081
100,368,2.5523932580875996
100,369,3.9510321718452945
100,370,5.051127949150146
100,371,3.3429664179577205
100,372,11.703755672547402
100,373,3.6504614004110576
100,374,9.245056289006358
100,375,5.2313139602303425
100,376,3.519842485262768
100,377,5.268996613160625
100,378,4.114659036257039
100,379,8.701785773443955
100,380,15.209214147907756
100,381,7.759399724786096
100,382,3.01178592900237
100,383,5.5165248509599065
100,384,8.147628450595956
100,385,7.734937459405756
100,386,9.533072545671018
100,387,7.4747754628556855
100,388,11.920988642582053
100,389,7.20264073038947
100,390,10.951254824414708
100,391,13.5624610871801
100,392,10.490815125498317
100,393,6.952101475475166
100,394,6.749022076759403
100,395,2.920138255479876
100,396,3.21762375861227
100,397,3.9488171104063996
100,398,3.4145002403936844
100,399,5.902165855021521
100,400,12.179309293941529
100,401,3.189020503231738
100,402,3.7210003801001217
100,403,3.637010613513537
100,404,6.947481715268085
100,405,4.148065510256664
100,406,2.8480797797895443
100,407,13.243705500168268
100,408,7.667649216985054
100,409,5.048561025042962
100,410,6.839126017941639
100,411,7.4006820698137
100,412,4.566760261303345
100,413,5.921997553094808
100,414,3.2644352506154886
100,415,2.971226770429529
100,416,3.9646763576989343
100,417,4.572877692712304
100,418,6.387843237907444
100,419,6.186168441643965
100,420,5.429742753412782
100,421,5.59919334040228
100,422,2.558865137289308
100,423,10.81126161850855
100,424,4.944943761856296
100,425,5.1327715600380746
100,426,5.484153079455941
100,427,4.813892674991493
100,428,2.7902804070905085
100,429,5.750445136317266
100,430,5.7054219864143585
100,431,9.451005221445847
100,432,3.4317547657422796
100,433,5.464772497447941
100,434,2.4229163702586214
100,435,8.66849185997355
100,436,4.640927106602853
100,437,7.5610073235954385
100,438,2.748061439998916
100,439,10.32421439574062
100,440,3.348625473152839
100,441,4.340958588723857
100,442,4.679411578305911
100,443,2.7526095983159378
100,444,5.929157934074386
100,445,4.6292231580809835
100,446,10.13969759667908
100,447,7.584765597481827
100,448,9.574918010450402
100,449,5.506022490210502
100,450,19.826666723125598
100,451,8.609500658754728
100,452,2.804628595080229
100,453,13.371643056162206
100,454,2.962633647924842
100,455,8.617185301038715
100,456,2.8403771671155855
100,457,3.0390121973560205
100,458,22.4650920582499
100,459,7.513752801194062
100,460,3.3091234807190197
100,461,2.8191987099091
100,462,10.445771277384381
100,463,2.8012939951435647
100,464,7.896172173432094
100,465,5.676316402175425
100,466,5.055708666320436
100,467,3.3646603662994594
100,468,3.158652169841043
100,469,8.608950778541011
100,470,3.329374521921508
100,471,5.461999533266899
100,472,2.9817692760940666
100,473,8.62787151123013
100,474,5.95636334187985
100,475,13.3644180907437
100,476,35.74494803332844
100,477,9.213006070188474
100,478,4.451611195830486
100,479,9.642559006622257
100,480,2.949638888223573
100,481,6.536837949279736
100,482,9.886437495557663
100,483,14.518033410611073
100,484,4.530544457100402
100,485,9.97060608286891
100,486,9.99952742393338
100,487,10.028294532639247
100,488,3.2957846427664013
100,489,13.547094189685607
100,490,3.2588139686358386
100,491,4.3204514729258054
100,492,17.18026907863612
100,493,2.8550441247114984
100,494,5.6410829362505615
100,495,3.913996496370484
100,496,4.2236551321273375
100,497,6.728607169810015
100,498,5.216223517596189
100,499,4.214282049238967
