swarm_size,trial,handshake_latency_ms
10,0,2.7049829955972977
10,1,2.6651047691587464
10,2,2.5833480314418646
10,3,2.7108445696858143
10,4,2.5978159582452007
10,5,2.629315705408851
10,6,2.446749219064316
10,7,2.645261404727081
10,8,2.552188227787237
10,9,2.630369430662464
10,10,2.7259367386200646
10,11,2.5544883613747524
10,12,2.668430384688062
10,13,2.5676834270967537
10,14,2.5476103978706344
10,15,2.495745235913015
10,16,2.5202617715405307
10,17,2.6701858025817877
10,18,2.6436911612323573
10,19,2.6425706992321683
10,20,2.5523134805329195
10,21,2.6495352020191025
10,22,2.5761805747816533
10,23,2.641600304689283
10,24,2.5410194312388428
10,25,2.642032844834325
10,26,2.624245368572141
10,27,2.6192408415621102
10,28,2.6347414296607337
10,29,2.579567372796059
10,30,2.580351745778403
10,31,2.5036254197336314
10,32,2.584032817921277
10,33,2.524465405759883
10,34,2.545829105967915
10,35,2.6348546195073195
10,36,2.561792442930087
10,37,2.506120892418876
10,38,2.588435719386622
10,39,2.617099485008171
10,40,2.4980673089364345
10,41,2.629379871115222
10,42,2.6104446693705
10,43,2.4651606499024763
10,44,2.577250402288888
10,45,2.486517518867465
10,46,2.4803370408021466
10,47,2.724824965857244
10,48,2.6519112823003685
10,49,2.6806930274850767
10,50,2.589606104081153
10,51,2.64128599739901
10,52,2.619283004696469
10,53,2.6057356981766135
10,54,2.594777317575188
10,55,2.6454864615117675
10,56,2.480724781386585
10,57,2.4943087246829254
10,58,2.5313268420342867
10,59,2.4877148510746077
10,60,2.5658892384637064
10,61,2.5079742749588365
10,62,2.5606279300776613
10,63,2.5030631515697377
10,64,2.5074560343579275
10,65,2.570182819717546
10,66,2.6522628743134025
10,67,2.6540261469109163
10,68,2.4331185466150647
10,69,2.7392726692834226
10,70,2.587465180216312
10,71,2.5860497754388443
10,72,2.5784218150018146
10,73,2.686258923891033
10,74,2.3924533034804987
10,75,2.5306096312251523
10,76,2.617765441199419
10,77,2.594784818119965
10,78,2.5420779254390595
10,79,2.6301117310282724
10,80,2.558350099037075
10,81,2.5304198393022173
10,82,2.606481114591801
10,83,2.594227565853829
10,84,2.6226550311396357
10,85,2.4945747590006286
10,86,2.760730730571651
10,87,2.5437226611130987
10,88,2.5839367603948786
10,89,2.599031529265146
10,90,2.594124365978343
10,91,2.616901989937161
10,92,2.6696405387674242
10,93,2.7003425534537855
10,94,2.5593308890145505
10,95,2.655031160862246
10,96,2.5977369692811165
10,97,2.6773551454632667
10,98,2.6177254045522536
10,99,2.4814699487196434
10,100,2.6193104916974095
10,101,2.4803793388992217
10,102,2.6647450964827457
10,103,2.5593863508806356
10,104,2.6100072843064295
10,105,2.776028917173953
10,106,2.578836524804502
10,107,2.66687863403291
10,108,2.588596524984896
10,109,2.62898149701262
10,110,2.6724552841340694
10,111,2.609561462872243
10,112,2.739756756027858
10,113,2.524034125205196
10,114,2.6541289341114522
10,115,2.5762350896963766
10,116,2.6495498071466566
10,117,2.477158935933777
10,118,2.6196865915720045
10,119,2.4510340925287935
10,120,2.563879353426335
10,121,2.715898234413286
10,122,2.418103296242969
10,123,2.5288409662101596
10,124,2.6733579892943555
10,125,2.65896798454686
10,126,2.6506361454780416
10,127,2.5876644191974174
10,128,2.7093297372706298
10,129,2.6288856808533185
10,130,2.575971155929225
10,131,2.6388567661900226
10,132,2.5576918611049
10,133,2.5145107029066143
10,134,2.564143972515201
10,135,2.662520639831249
10,136,2.572548730220924
10,137,2.562264750772635
10,138,2.532159196316138
10,139,2.5447390763204076
10,140,2.6635860684109756
10,141,2.539350296149449
10,142,2.6994074623258166
10,143,2.5893689184821014
10,144,2.6311053030909957
10,145,2.536891541852588
10,146,2.51417569955711
10,147,2.613075951977479
10,148,2.628044730617926
10,149,2.5556372054815673
10,150,2.622064411034526
10,151,2.673562852275179
10,152,2.652796999607287
10,153,2.676878076115183
10,154,2.5290325904597513
10,155,2.538228730261182
10,156,2.5720900936532782
10,157,2.4858467437422433
10,158,2.6148498019628534
10,159,2.619000550309036
10,160,2.674951130768392
10,161,2.6467189995279288
10,162,2.5942937681700986
10,163,2.5890350539425726
10,164,2.6264662126652256
10,165,2.5813492179759256
10,166,2.627016432143808
10,167,2.5159096673547605
10,168,2.605990374221234
10,169,2.5807434639470577
10,170,2.522261152365483
10,171,2.622485263072271
10,172,2.5585603015271388
10,173,2.6469420933316905
10,174,2.6822529912009867
10,175,2.6263262197790196
10,176,2.5849349610598535
10,177,2.698944291153383
10,178,2.5260386106212214
10,179,2.49655016376043
10,180,2.5958024046679524
10,181,2.544435781558422
10,182,2.5912213462353937
10,183,2.5707577961745356
10,184,2.571960407447041
10,185,2.5787843077258987
10,186,2.46235947631333
10,187,2.6436652410796673
10,188,2.493512824675028
10,189,2.6925418215541304
10,190,2.5246721130779077
10,191,2.720665016127813
10,192,2.6265858059466396
10,193,2.510827639307108
10,194,2.512421280467841
10,195,2.587668488875125
10,196,2.6657841333937786
10,197,2.6546112954259313
10,198,2.526500066388907
10,199,2.5171894592492112
10,200,2.5208207129106244
10,201,2.531151368525162
10,202,2.686818985283231
10,203,2.58952480964506
10,204,2.5329842765103887
10,205,2.59788314321292
10,206,2.5276639766160516
10,207,2.6110369440371786
10,208,2.616683979772157
10,209,2.6929831199036203
10,210,2.673148678901438
10,211,2.552635163253232
10,212,2.5720137410070287
10,213,2.5391008168099325
10,214,2.528285847103931
10,215,2.532972693368004
10,216,2.5167482124420046
10,217,2.546908511539324
10,218,2.614387189429368
10,219,2.647767614062397
10,220,2.530322602611116
10,221,2.593626141824907
10,222,2.545346028155557
10,223,2.5570949631285838
10,224,2.644987329439382
10,225,2.5779008694026233
10,226,2.6068631438273475
10,227,2.679287209075889
10,228,2.5171616152934564
10,229,2.6036015099366496
10,230,2.6062504037348124
10,231,2.580467046132003
10,232,2.5779196270245306
10,233,2.5945180113396424
10,234,2.599907405705394
10,235,2.5301058869512714
10,236,2.5323101557759085
10,237,2.800738417973799
10,238,2.657563404335956
10,239,2.752519073624473
10,240,2.565127384230779
10,241,2.543474728234357
10,242,2.6198951594895
10,243,2.5348027551059893
10,244,2.575129694601581
10,245,2.5773938762468425
10,246,2.577201201533821
10,247,2.5394952398206025
10,248,2.5534678879126127
10,249,2.5757626192339793
10,250,2.5885934196353184
10,251,2.657912198805349
10,252,2.634912768323226
10,253,2.6960728490250334
10,254,2.586701093713955
10,255,2.7079913366421526
10,256,2.3899512069091244
10,257,2.57458921692715
10,258,2.5717122217762753
10,259,2.54544572036785
10,260,2.5245946183547097
10,261,2.54298117074626
10,262,2.5719852941438597
10,263,2.5493470502246174
10,264,2.5897109631731996
10,265,2.5668944219641143
10,266,2.776478545498486
10,267,2.5764454648947916
10,268,2.599412805784451
10,269,2.630696460774371
10,270,2.5024196419210276
10,271,2.605561744042028
10,272,2.6637157850701696
10,273,2.6132292990824713
10,274,2.7132019251162247
10,275,2.6197526295902147
10,276,2.5504290027276646
10,277,2.660378790401374
10,278,2.6376556904997153
10,279,2.6427522793384304
10,280,2.531698204706248
10,281,2.6232517103988986
10,282,2.6247985129535842
10,283,2.5973440481647123
10,284,2.453691435037775
10,285,2.561563121675938
10,286,2.478449584029526
10,287,2.64627493830837
10,288,2.522793469764228
10,289,2.70221620739362
10,290,2.6905746069459666
10,291,2.6519913302586735
10,292,2.5319830376325307
10,293,2.6486906371488574
10,294,2.5602587803455013
10,295,2.614197896159436
10,296,2.4780496340060516
10,297,2.580696156985525
10,298,2.640590750321937
10,299,2.6037086267608145
10,300,2.518305205555894
10,301,2.5848381388087134
10,302,2.5353793631381736
10,303,2.6026657527792483
10,304,2.6989889839738543
10,305,2.562477527311715
10,306,2.610973516637464
10,307,2.629954671658634
10,308,2.6655834887356686
10,309,2.7659670669367817
10,310,2.8992862472423053
10,311,2.663300905167513
10,312,2.5730840672561315
10,313,2.618066184785107
10,314,2.5874609732996103
10,315,2.457568022599641
10,316,2.628263346159858
10,317,2.539504996883199
10,318,2.561025780445391
10,319,2.526391201761092
10,320,2.5413102504297087
10,321,2.566083350415824
10,322,2.656484163117625
10,323,2.5873654361102245
10,324,2.490191651825747
10,325,2.5984885568391727
10,326,2.5188309266420843
10,327,2.7263795686417485
10,328,2.6243085253504845
10,329,2.6694690966665813
10,330,2.4503346249326805
10,331,2.588233189776064
10,332,2.4860809821139003
10,333,2.5549835153493614
10,334,2.4829526984055925
10,335,2.5578810618833026
10,336,2.575182908448255
10,337,2.555602402875011
10,338,2.649036716604577
10,339,2.5278970909604226
10,340,2.6347592394175128
10,341,2.6852857717529104
10,342,2.6414534606669666
10,343,2.6050486446186727
10,344,2.5495455576032104
10,345,2.497228011530342
10,346,2.5934823144828263
10,347,2.5276692591751404
10,348,2.55121388634505
10,349,2.5404726747890636
10,350,2.550750474550681
10,351,2.5818195997043882
10,352,2.530823009874917
10,353,2.593911393111931
10,354,2.5933319368829704
10,355,2.6361321603235583
10,356,2.501655376372739
10,357,2.4780462595171264
10,358,2.788046983807566
10,359,2.6321290234937926
10,360,2.6641236535152775
10,361,2.705087250090302
10,362,2.5082616607915162
10,363,2.6255998889852163
10,364,2.596788871544866
10,365,2.650664669853248
10,366,2.719245823776423
10,367,2.564000753522955
10,368,2.6843034121254883
10,369,2.5678025143186107
10,370,2.7185362643109428
10,371,2.5789420492779116
10,372,2.575819546528571
10,373,2.4506865586041293
10,374,2.582416370410512
10,375,2.5287458316970306
10,376,2.524472790512643
10,377,2.570655851223377
10,378,2.5292964165470955
10,379,2.574511223175872
10,380,2.5741866148892534
10,381,2.531785967340517
10,382,2.5424335865125616
10,383,2.5593155567757626
10,384,2.55407150076649
10,385,2.597173596322916
10,386,2.6256573103964045
10,387,2.760276933460936
10,388,2.573052840905441
10,389,2.5789252022119156
10,390,2.5495714278545014
10,391,2.6557726186128656
10,392,2.579418827510199
10,393,2.6282359313671777
10,394,2.5208397795598514
10,395,2.5813241094266246
10,396,2.6649505481476643
10,397,2.541786685398712
10,398,2.6060543261955305
10,399,2.649593785973978
10,400,2.609322425295016
10,401,2.551940278065071
10,402,2.6813014656338954
10,403,2.7484789186524154
10,404,2.578095206125544
10,405,2.6050330065919556
10,406,2.656013982175973
10,407,2.461844958575243
10,408,2.6353195364697948
10,409,2.4882542883328305
10,410,2.6596000098566646
10,411,2.43416444608788
10,412,2.545229094670255
10,413,2.6114908512192363
10,414,2.6647287166897167
10,415,2.5518535047352873
10,416,2.6022580954061554
10,417,2.4983311099793304
10,418,2.552017680690858
10,419,2.6279509410380997
10,420,2.6643972496885757
10,421,2.5806452948712253
10,422,2.536823581729727
10,423,2.5923658066278157
10,424,2.64085137369106
10,425,2.6588027620549957
10,426,2.4841408656558017
10,427,2.500817005820075
10,428,2.6185174982513155
10,429,2.527426805610127
10,430,2.6132117515635884
10,431,2.649705039610482
10,432,2.629816839817226
10,433,2.502654491344943
10,434,2.626015879514855
10,435,2.5594050129925683
10,436,2.624336364867614
10,437,2.637049204342978
10,438,2.6091584639872805
10,439,2.6264942672638623
10,440,2.6346675250497014
10,441,2.653949675084542
10,442,2.629705217534234
10,443,2.5052084985307874
10,444,2.5317484698840844
10,445,2.518884317163752
10,446,2.571099766303313
10,447,2.6272214827206617
10,448,2.6460595893500956
10,449,2.4566999818879576
10,450,2.6377312708453373
10,451,2.668352277399119
10,452,2.5545531379023685
10,453,2.654009449986249
10,454,2.608863177396045
10,455,2.649861205945203
10,456,2.5030459899747246
10,457,2.6599022445727525
10,458,2.660509253063724
10,459,2.5978923606358637
10,460,2.5746198446334927
10,461,2.5955488469691863
10,462,2.5053504115865586
10,463,2.4766553476936615
10,464,2.484343883281011
10,465,2.4834623635872366
10,466,2.5602111108644494
10,467,2.512994065382724
10,468,2.603419253940493
10,469,2.5538765993965766
10,470,2.4873388561130043
10,471,2.606360981520929
10,472,2.61671782737874
10,473,2.7429532039655595
10,474,2.496054146375275
10,475,2.53613895229503
10,476,2.54707580840338
10,477,2.512540822925277
10,478,2.5478749236737896
10,479,2.6013849386503125
10,480,2.5821807198334645
10,481,2.6889931111706984
10,482,2.5659174798172857
10,483,2.7030611419129786
10,484,2.4859423894995207
10,485,2.655925370681801
10,486,2.5621090160246847
10,487,2.5839232062223987
10,488,2.4581808499022504
10,489,2.5449870360375213
10,490,2.6025684142361034
10,491,2.7479915825136345
10,492,2.590314366885788
10,493,2.6809422141338732
10,494,2.444797554396079
10,495,2.65969830240656
10,496,2.6931520344639854
10,497,2.664037888607161
10,498,2.485123257212746
10,499,2.507546383228004
20,0,2.3914551713346914
20,1,2.7358470820862206
20,2,2.759647886709221
20,3,2.5976620148656417
20,4,2.6803724391125234
20,5,2.5459810766954036
20,6,2.544434043353109
20,7,2.563300851457914
20,8,2.6124558216518174
20,9,2.482409977925402
20,10,2.5695561056307428
20,11,2.6881062071619484
20,12,2.5368532966281196
20,13,2.476795241345647
20,14,2.687184784549385
20,15,2.5665017272885438
20,16,2.6293440709929476
20,17,2.6863185302565524
20,18,2.6617701028857113
20,19,2.606021033204801
20,20,2.4903534274199663
20,21,2.5203860563194866
20,22,2.591154755148965
20,23,2.5809442495090824
20,24,2.5226814144592398
20,25,2.6308790722302637
20,26,2.6714347976723074
20,27,2.6259339672812447
20,28,2.5895467022685077
20,29,2.6522913062588303
20,30,2.70151330948407
20,31,2.590974416967074
20,32,2.5691048668482313
20,33,2.581174253489158
20,34,2.630586783832839
20,35,2.656639708861757
20,36,2.617368309138644
20,37,2.577695739008922
20,38,2.724477800181146
20,39,2.6226565889706603
20,40,2.6445781043152197
20,41,2.6193159826447463
20,42,2.5254663197727645
20,43,2.6334927594156987
20,44,2.5877547051943686
20,45,2.726490566722632
20,46,2.6068785196733972
20,47,2.6763674663040242
20,48,2.609489179879246
20,49,2.4762538326878247
20,50,2.527133762626674
20,51,2.841646911330038
20,52,2.606503828036688
20,53,2.6230169584166134
20,54,2.7481820385238733
20,55,2.6091547917107
20,56,2.543231457608901
20,57,2.5141866709389826
20,58,2.515849206043767
20,59,2.6707397412740663
20,60,2.5034420935584696
20,61,2.675360001512979
20,62,2.5571871884437547
20,63,2.604654743137114
20,64,2.763780022841084
20,65,2.6259903730419034
20,66,2.9437363122650946
20,67,2.473956087882514
20,68,2.834822545834413
20,69,2.5504539255887457
20,70,2.5373497520823
20,71,2.4417331021924387
20,72,2.499363298513594
20,73,2.4924957639701715
20,74,2.6263325291974096
20,75,2.54625779630879
20,76,2.562166940653161
20,77,2.5249793283164355
20,78,2.5098892252193474
20,79,2.514045881204335
20,80,2.4211003271916387
20,81,2.588664133248522
20,82,2.745869537698944
20,83,2.5752535708827007
20,84,2.710385594633991
20,85,2.6116649027676067
20,86,2.636554704502474
20,87,2.7778427293457812
20,88,2.564941531455053
20,89,2.5817964317718842
20,90,2.8209440995477504
20,91,2.635621389276149
20,92,2.5396221020157292
20,93,2.6163906811811795
20,94,2.590748200760756
20,95,2.6204942518781076
20,96,2.6294296278220832
20,97,2.5248157131710727
20,98,2.612945484812549
20,99,2.63729125540233
20,100,2.572083854647883
20,101,2.4880692923579386
20,102,2.5895178461514017
20,103,2.578968493930795
20,104,2.6917355688599076
20,105,2.661957832523725
20,106,2.553752515594019
20,107,2.55800573873287
20,108,2.6487030740592625
20,109,2.6210682202835933
20,110,2.7709560418619987
20,111,2.625787429288606
20,112,2.664617501585748
20,113,2.7181901908944237
20,114,2.495524900795357
20,115,2.5395860311297187
20,116,2.6268576579116742
20,117,2.7106805040705573
20,118,2.7215632072047247
20,119,2.6050557176113944
20,120,2.7046242160748943
20,121,2.6203762037274863
20,122,2.5540726979610895
20,123,2.6274934138791752
20,124,2.6370719610796938
20,125,2.641295123571112
20,126,2.561437475075621
20,127,2.715887381020649
20,128,2.7105897906153227
20,129,2.612534367532235
20,130,2.7039444048042105
20,131,3.58789204309745
20,132,2.7084012188933526
20,133,2.638857044700419
20,134,2.5568626075133625
20,135,2.5278565040377763
20,136,2.4493813441199643
20,137,2.619259775482749
20,138,2.4645159665177685
20,139,2.641377612351312
20,140,2.512649500246315
20,141,2.61945398114966
20,142,2.4749208581220543
20,143,2.5101932593562206
20,144,2.718903684213929
20,145,2.536353375920764
20,146,2.5899520781997425
20,147,2.6023913296766774
20,148,2.5150564723214126
20,149,2.539860066274584
20,150,2.564285281929536
20,151,2.474521995508913
20,152,2.624980864898735
20,153,2.747860711405099
20,154,2.6088481222107047
20,155,2.5337680514507253
20,156,2.51861131329421
20,157,2.569017419815332
20,158,2.602604844555071
20,159,2.5846844845640655
20,160,2.66094058184608
20,161,2.6157053404295914
20,162,2.666526133423967
20,163,2.638775276636713
20,164,2.615476794747785
20,165,2.6757482043579786
20,166,2.5317800255814062
20,167,2.7720406427559174
20,168,2.6328291130237735
20,169,2.5242158797040624
20,170,2.7495726154084053
20,171,2.685686035673717
20,172,2.5987802879570454
20,173,2.5330412709021104
20,174,2.6198547057706545
20,175,2.6130278110543386
20,176,2.4834418525037125
20,177,2.6579206935129602
20,178,2.6017040425993034
20,179,2.5704640970542942
20,180,2.80353063613372
20,181,2.6385683593293514
20,182,2.50317387537981
20,183,2.848331638708986
20,184,2.5584878287739667
20,185,2.636188956922616
20,186,2.6483040196743106
20,187,2.6117053499431453
20,188,2.4783246711958067
20,189,2.6440804190403298
20,190,2.667203657883816
20,191,2.6119725416796666
20,192,2.74925507530532
20,193,2.6054712486524707
20,194,2.596643058787314
20,195,2.8418756849683335
20,196,2.626403398509494
20,197,2.6087786276835523
20,198,2.663059803407754
20,199,2.5727616527981665
20,200,2.666635297877699
20,201,2.6274059133072893
20,202,2.629082710196161
20,203,2.6364768277078197
20,204,2.688949127329202
20,205,2.5861162334124783
20,206,2.5530893700214903
20,207,2.7158390287599086
20,208,2.6461144235077234
20,209,2.635113661130073
20,210,2.5926605909999876
20,211,2.7325003856277656
20,212,2.7489032245990592
20,213,2.4779096720223603
20,214,2.535926223852397
20,215,2.475000845043665
20,216,2.7152577136290987
20,217,2.6166920519753023
20,218,2.5041227648045488
20,219,2.558456328516336
20,220,2.6127903293868773
20,221,2.6205003991674856
20,222,2.631899308625044
20,223,2.5221591407302815
20,224,2.7496210963614387
20,225,2.6997076339413715
20,226,2.7213180489710007
20,227,2.8746830844351603
20,228,2.686489799601168
20,229,2.5030892274768877
20,230,2.562376815966074
20,231,2.526913820465444
20,232,2.5755020533439152
20,233,2.638022990739881
20,234,2.56743662686432
20,235,2.595212973202188
20,236,2.6180904472339916
20,237,2.722497058625824
20,238,2.518588977489289
20,239,2.6848665657157906
20,240,2.8352936437232312
20,241,2.7044175406341933
20,242,2.6766597569531467
20,243,2.690291974488784
20,244,2.537475511072873
20,245,2.691887482945422
20,246,2.5361187145536697
20,247,2.6109254425044695
20,248,2.510062939595586
20,249,2.5847053143131653
20,250,2.5854498025152193
20,251,2.608137028716817
20,252,2.6100706929154347
20,253,2.703673504237393
20,254,2.4518520167946867
20,255,2.51909552945224
20,256,2.556794453385708
20,257,2.5920808612083075
20,258,2.6816915403629644
20,259,2.542410472710405
20,260,2.6796039716356024
20,261,2.697231553286034
20,262,2.6560368440084012
20,263,2.635794301608541
20,264,2.638729111361192
20,265,2.5810499390290613
20,266,2.5980594449519057
20,267,2.664280824201304
20,268,2.79765728430035
20,269,2.5370894631652154
20,270,2.691158301313521
20,271,2.5749752717184093
20,272,2.680699055917193
20,273,2.7000565414474975
20,274,2.508263120033098
20,275,2.5113699357872807
20,276,2.6809930457362383
20,277,2.6719868026590525
20,278,2.5780791389840427
20,279,2.4880692005674874
20,280,2.6171890892366676
20,281,2.672712241937188
20,282,2.6762308814363154
20,283,2.5397126242812322
20,284,2.62549395883971
20,285,2.5461359683055322
20,286,2.5011225725282764
20,287,2.703860338457713
20,288,2.5275888533695507
20,289,2.5007262201097165
20,290,2.6401566042882454
20,291,2.5691174740413727
20,292,2.504787512767537
20,293,2.584670847998711
20,294,2.6123775924058217
20,295,2.626478862178063
20,296,2.682503321967709
20,297,2.7162959842000283
20,298,2.607215373282876
20,299,2.761041258894558
20,300,2.825525153317832
20,301,2.6646048702793297
20,302,2.5015562081624108
20,303,2.6269021403933985
20,304,2.796354571613022
20,305,2.507322349734245
20,306,2.4381731437462872
20,307,2.677469926783584
20,308,2.5987394043208556
20,309,2.542969189034452
20,310,2.57052679659376
20,311,2.623148240448523
20,312,2.695912724491678
20,313,2.5516737491342147
20,314,2.645096533203123
20,315,2.506145872007294
20,316,2.7064955214311883
20,317,2.6326686459041166
20,318,2.6293656085038157
20,319,2.5626035851345197
20,320,2.6195249338016455
20,321,2.64406308610183
20,322,2.693638224731028
20,323,2.531493348689561
20,324,2.679971930781665
20,325,2.6159193652513713
20,326,2.7504997564115827
20,327,2.8448884472998763
20,328,2.6499126887427966
20,329,2.6226194845297957
20,330,2.519810304399626
20,331,2.632843002006707
20,332,2.557535218392599
20,333,2.539344332216988
20,334,2.6301306655510976
20,335,2.5388674376624967
20,336,2.6298790840860504
20,337,2.6200409116963934
20,338,2.6166628140452697
20,339,2.541913875129375
20,340,2.6087337439364884
20,341,2.655758827879071
20,342,2.4989500694795437
20,343,2.6207294676895883
20,344,2.5331503986248034
20,345,2.5861601206873637
20,346,2.668493430366282
20,347,2.524781948968462
20,348,2.4939540575119032
20,349,2.8313461296754707
20,350,2.7392551602949697
20,351,2.688444011806636
20,352,2.7087565110646405
20,353,2.652624167013229
20,354,2.595687741933688
20,355,2.5414346038865885
20,356,2.710173405745994
20,357,2.66350362732305
20,358,2.6617989398075443
20,359,2.660600429209573
20,360,2.5392941256448602
20,361,2.596347973186994
20,362,2.5911121701390867
20,363,2.489485758274846
20,364,2.5800033504888615
20,365,2.655597625812666
20,366,2.547428514083081
20,367,2.6559496836350767
20,368,2.5639148475865454
20,369,2.624039748023651
20,370,2.6443530216472246
20,371,2.827478514678258
20,372,2.6335862768156604
20,373,2.595395285027339
20,374,2.5102878141227802
20,375,2.5433432251338606
20,376,2.692434951520593
20,377,2.673537994149758
20,378,2.6711579206423117
20,379,2.5857061777710575
20,380,2.6940822710164376
20,381,2.532005243254299
20,382,2.560344772700111
20,383,2.7945816056340584
20,384,2.7731774408364815
20,385,2.5499987559705466
20,386,2.8188125973820743
20,387,2.5579224348885097
20,388,2.712361411390873
20,389,2.678764104285486
20,390,2.647669147734996
20,391,2.6743543375724848
20,392,2.6346260171860596
20,393,2.5881281522545874
20,394,2.5646596594125963
20,395,2.6131677190455966
20,396,2.581698712683276
20,397,2.649558782104288
20,398,2.652352492617453
20,399,2.60458482112641
20,400,2.498305803704723
20,401,2.660297053793619
20,402,2.613958450759603
20,403,2.778476945497746
20,404,2.5728850504242256
20,405,2.5928172041889375
20,406,2.8108559374385074
20,407,2.4690208017782878
20,408,2.579406066826087
20,409,2.6089664944501383
20,410,2.833323429705634
20,411,2.582502095241115
20,412,2.7874295752572147
20,413,2.532704604908744
20,414,2.5109134675167626
20,415,2.7023174785178536
20,416,2.503230342669357
20,417,2.5288514627707723
20,418,2.516093747620506
20,419,2.609421703414003
20,420,2.62830910763953
20,421,2.5853565612064813
20,422,2.663013017133944
20,423,2.627961041109694
20,424,2.560680428348314
20,425,2.6104198992411534
20,426,2.565428628154769
20,427,2.820627160783421
20,428,2.5219652799196597
20,429,2.6025325270321567
20,430,2.525020260076148
20,431,2.6327303884441378
20,432,2.5826484578949476
20,433,2.7001190198634797
20,434,2.5354023018786855
20,435,2.514921233038282
20,436,2.6437735720725417
20,437,2.6087964220087105
20,438,2.514867747031744
20,439,2.776324337799395
20,440,2.5814505126815814
20,441,2.667234381840103
20,442,2.610821983507083
20,443,2.5886540796171498
20,444,2.5617984063453583
20,445,2.729134158537763
20,446,2.571454279439766
20,447,2.7281396245690046
20,448,2.606071478387929
20,449,2.6185003813868466
20,450,2.5336687466836505
20,451,2.623790734335881
20,452,2.591556948868163
20,453,2.6018891184549116
20,454,2.6249971314899567
20,455,2.5029957838683843
20,456,2.656800198305185
20,457,2.6957623602536898
20,458,2.5940573165966634
20,459,2.45435346563083
20,460,2.6999183529348776
20,461,2.5020433632687595
20,462,2.6471194390955683
20,463,2.653745926886052
20,464,2.557996295845019
20,465,2.594905191277107
20,466,2.638702386329924
20,467,2.60254047508877
20,468,2.5190862649734154
20,469,2.6727447230087624
20,470,2.534118894224347
20,471,2.499365452575841
20,472,2.6202416635332098
20,473,2.5366716710785195
20,474,2.7606365227547256
20,475,2.607179286995806
20,476,2.5309818729905866
20,477,2.6839592207742444
20,478,2.598171095266861
20,479,2.5858486418096547
20,480,2.591869924400462
20,481,2.5852613421600954
20,482,2.603976865797845
20,483,2.5108552003175317
20,484,2.5644989851068924
20,485,2.642271875436089
20,486,2.61849976945782
20,487,2.5363806984426045
20,488,2.7046847756145325
20,489,2.6090701671947856
20,490,2.5406034177578976
20,491,2.6015684588666543
20,492,2.6231333264223498
20,493,2.6505396922857667
20,494,2.5340887628201623
20,495,2.557304712719248
20,496,2.5363189197207623
20,497,2.6011367002949775
20,498,2.532127503098348
20,499,2.515809552437363
30,0,2.533954498135061
30,1,2.6406476571371935
30,2,2.788072982132192
30,3,2.6651281748142615
30,4,2.5460393049463153
30,5,2.7521911354082085
30,6,2.6164875295446084
30,7,2.481030640517877
30,8,2.6883309680717327
30,9,2.6774284467870086
30,10,2.7787167422742076
30,11,2.8388875829993756
30,12,2.639923852801351
30,13,2.651739717806902
30,14,2.663559103736146
30,15,2.568673799981159
30,16,2.6789226279257465
30,17,2.5022536595919993
30,18,2.5620800821105565
30,19,2.788160908262535
30,20,2.7419947392962003
30,21,2.7000071565060617
30,22,2.641231427718286
30,23,2.521031523742131
30,24,2.579063320509563
30,25,2.5300569624040836
30,26,2.753237585562188
30,27,2.7518031572212456
30,28,2.5899709875853385
30,29,2.485901600219021
30,30,2.6568881315925093
30,31,3.0927866435686986
30,32,2.521936683612618
30,33,2.7342419587586377
30,34,2.726626409275226
30,35,2.6773587983795175
30,36,2.573853376386731
30,37,2.5446795742483728
30,38,2.5714166461073873
30,39,2.490980282428423
30,40,2.542283774618408
30,41,2.6639005440252372
30,42,2.7435095477999765
30,43,2.958553503725737
30,44,2.61163805925734
30,45,2.6058791690205925
30,46,2.719622997062461
30,47,2.8449756164015496
30,48,2.899091816800257
30,49,2.620747653872684
30,50,2.599448063177278
30,51,2.608849576024876
30,52,2.5031936835970257
30,53,3.020048955879521
30,54,2.719498973073022
30,55,2.6755034443695305
30,56,2.8382798837974774
30,57,2.683737302838339
30,58,2.751351748344182
30,59,2.490630050363707
30,60,2.576643756846663
30,61,2.647663335794668
30,62,2.5792025796851705
30,63,2.6495154113445096
30,64,2.745243580215116
30,65,2.453519384271085
30,66,2.483786209980094
30,67,2.651511481739266
30,68,2.5935142732274623
30,69,2.869425856703908
30,70,2.8275263335655594
30,71,2.5118744438269247
30,72,2.497609779702712
30,73,2.6720552559861486
30,74,2.7346554280141095
30,75,2.5145540085783793
30,76,2.9515624715583764
30,77,2.7493309106115347
30,78,2.720496511160311
30,79,2.729141091025536
30,80,2.9118043862863643
30,81,2.5285059693442067
30,82,2.74006509054768
30,83,2.559066379651448
30,84,2.802128033341018
30,85,2.8072616771206462
30,86,2.6463928019928984
30,87,2.42971268165418
30,88,2.6827368655610577
30,89,2.611929760516155
30,90,2.652625326538935
30,91,2.5980581939993477
30,92,2.6341534518171126
30,93,2.579471773791792
30,94,2.650571427040559
30,95,2.7793436693343407
30,96,2.5607005714057705
30,97,2.698116132925154
30,98,2.756790395450287
30,99,2.6126735979617384
30,100,2.523633319957773
30,101,2.588874170560377
30,102,3.565801827673215
30,103,2.7006782053454894
30,104,2.735158602956982
30,105,2.700591559608319
30,106,2.5242721383701965
30,107,2.5723005557786442
30,108,2.510085724562482
30,109,2.6603629678924423
30,110,2.690556139580732
30,111,2.7238008473383823
30,112,3.7016473106085805
30,113,2.6513476744846627
30,114,2.5483403337776322
30,115,2.6651788341094136
30,116,2.8098996688437237
30,117,2.7973935207673573
30,118,2.5743446111408685
30,119,2.6823195010344283
30,120,2.736454500007466
30,121,2.888163233550544
30,122,2.6778324284581565
30,123,2.6537150876054167
30,124,2.680245636708725
30,125,2.514433462568866
30,126,2.6540053300485624
30,127,2.724485493962991
30,128,2.605640239981387
30,129,2.877031292380877
30,130,2.5787419252330146
30,131,2.5109518968495474
30,132,2.77815999449722
30,133,2.593468436845546
30,134,2.5876045384922226
30,135,2.429554126536387
30,136,2.716973102508333
30,137,2.74825943427532
30,138,2.8134098608018787
30,139,2.6905481495610637
30,140,2.8846770420202708
30,141,2.509886070333949
30,142,2.749097730844209
30,143,4.099193406965065
30,144,2.579237495724486
30,145,2.61457279972376
30,146,2.5756044528073865
30,147,2.687264781585023
30,148,2.6305758341358323
30,149,2.5305575985632207
30,150,2.481688267858861
30,151,2.842673022687915
30,152,2.872326410112013
30,153,2.642140632681155
30,154,2.6025882664060327
30,155,2.6596354146000643
30,156,2.7344679706687214
30,157,2.58516404268018
30,158,2.5412359099691213
30,159,2.688459346347256
30,160,2.6052788056813725
30,161,2.6381776836204254
30,162,2.834074806049384
30,163,2.574448154291591
30,164,2.755777664821581
30,165,3.5606556674870635
30,166,2.544678512057165
30,167,2.6289414592509623
30,168,2.476939387266464
30,169,2.5538309189487802
30,170,2.5177757154380185
30,171,2.519190636838187
30,172,3.14153649024401
30,173,2.662311979299654
30,174,2.496774442650282
30,175,2.7342510021439077
30,176,3.1723306569704177
30,177,2.696865672700197
30,178,2.541321752658441
30,179,2.6630369058111993
30,180,2.7534475711643105
30,181,2.6004123906664987
30,182,2.5456958475994815
30,183,2.6298837867446765
30,184,2.6782253148934423
30,185,2.7515325862772566
30,186,2.7055442250553723
30,187,2.645489805779657
30,188,2.746535183041731
30,189,2.8659592986521476
30,190,2.669520741988969
30,191,2.7659301004872177
30,192,2.6446508675659444
30,193,2.523206356585124
30,194,2.6874358113397148
30,195,2.6689176764493
30,196,3.494252019354073
30,197,2.5913420461665617
30,198,2.625378373214956
30,199,2.5905651875832927
30,200,2.6380375569020234
30,201,2.482243091402008
30,202,2.6227339678394794
30,203,2.639582923210538
30,204,2.6057701541426916
30,205,2.702283792102073
30,206,2.591612494818119
30,207,2.641847753016221
30,208,2.558763982777697
30,209,2.630333741790953
30,210,4.713535780090022
30,211,2.6368998417678116
30,212,2.608622252917032
30,213,2.5180927949191556
30,214,2.5894916435849065
30,215,2.7340465822356514
30,216,2.659916579663817
30,217,2.7306536461051376
30,218,2.8477389508296764
30,219,2.7233744232431927
30,220,2.664447070877347
30,221,2.6354679186043652
30,222,2.642796496976308
30,223,2.6049040749009276
30,224,2.587868568754267
30,225,2.5386865409493486
30,226,2.567714676073748
30,227,2.605804839494112
30,228,2.6225563385588617
30,229,2.565041276032718
30,230,2.6027196438823434
30,231,2.681035413356996
30,232,2.6356881901422646
30,233,2.7085405187654916
30,234,2.61914022278551
30,235,2.638900078087496
30,236,2.670768114527904
30,237,2.6542145230424556
30,238,2.6077136146943256
30,239,2.7221636061516783
30,240,2.7169102678733155
30,241,2.715897574130907
30,242,2.7471940884526864
30,243,2.6195510676638434
30,244,2.595222557958397
30,245,2.496173079967218
30,246,2.636386687067281
30,247,2.650002693201357
30,248,2.4697062909522383
30,249,2.7151927562279585
30,250,3.0276572799425536
30,251,2.5783826804225267
30,252,2.786029807073925
30,253,2.756952919125527
30,254,2.6711503724753096
30,255,2.6970721543667207
30,256,2.929525695181472
30,257,2.6473533591786964
30,258,2.631069525430235
30,259,2.6247339745438074
30,260,2.5728936620444527
30,261,2.56607575000669
30,262,2.711373917011076
30,263,2.5465269838026723
30,264,2.348930967171126
30,265,2.8391016675300085
30,266,2.7192587170447053
30,267,2.5399972761741774
30,268,2.614817010240042
30,269,2.603453156853867
30,270,2.671761854636576
30,271,2.466658572799921
30,272,2.6228545079079715
30,273,2.741757645760909
30,274,2.6978552292988924
30,275,2.6765314516148315
30,276,2.7331902793092353
30,277,2.497851188997728
30,278,2.6015437387424876
30,279,2.425312378664501
30,280,2.631591402450299
30,281,2.6428832700378746
30,282,2.5664126650234755
30,283,2.5931140656948055
30,284,2.6129852601785033
30,285,2.6338436189125063
30,286,2.5952759951161952
30,287,2.5821175154473175
30,288,2.655540907201303
30,289,2.5944184939080217
30,290,2.5909460620215015
30,291,2.8394299612355938
30,292,2.7014849493357067
30,293,2.89133266468067
30,294,2.751953152593127
30,295,2.6151252291730778
30,296,2.5171570608896174
30,297,2.8228932458046723
30,298,2.5410681407455264
30,299,3.196786431768879
30,300,2.7655742201902247
30,301,2.515788372900395
30,302,2.71657686588313
30,303,2.640264580223176
30,304,2.4723305120060277
30,305,2.5155040280786527
30,306,2.480036226493679
30,307,2.7350325710302585
30,308,2.6939656385713295
30,309,2.656807544453229
30,310,2.643000629619857
30,311,2.5576575183859167
30,312,2.699290040059904
30,313,2.7124835145508044
30,314,2.5008271139082017
30,315,2.5056145249318815
30,316,2.8188214116984884
30,317,2.7232409599548095
30,318,2.6646559403966332
30,319,2.6666100964107575
30,320,2.5746791694990763
30,321,2.6538147168380015
30,322,2.513883670841177
30,323,2.7976165621209144
30,324,2.5611380150027006
30,325,2.6143792342923744
30,326,2.66489205962366
30,327,2.6721188180781845
30,328,2.697886143152055
30,329,2.5265222617654666
30,330,2.76550367383556
30,331,2.614511789813783
30,332,2.5338070337277063
30,333,2.5438383259271413
30,334,2.7498182264104765
30,335,2.416302896502873
30,336,2.5770099007001006
30,337,2.99993122000347
30,338,2.672501151311643
30,339,2.5109077703330707
30,340,2.595421740201908
30,341,2.601112755196554
30,342,2.785203750660057
30,343,2.5358832517468555
30,344,2.551315209668673
30,345,2.678982674073095
30,346,2.6187584099285024
30,347,2.6872753353576675
30,348,2.6850520879518274
30,349,2.593158096814272
30,350,2.743443826217282
30,351,2.7536480728522883
30,352,2.4733717013250325
30,353,2.7482022970287487
30,354,2.6421076822129588
30,355,2.9220903395726223
30,356,2.6453066517222315
30,357,2.5415330789757236
30,358,2.5844600965423377
30,359,2.5934280858469085
30,360,2.5489489112504846
30,361,2.960726907254461
30,362,2.7058720739191977
30,363,2.60044265193526
30,364,2.578878314266402
30,365,2.681771365886176
30,366,2.794600407069764
30,367,2.4484600217083154
30,368,2.6689494644477705
30,369,2.5075296157534086
30,370,3.0022397994136623
30,371,2.6618736700989927
30,372,2.498603774139851
30,373,2.930937356551044
30,374,2.63384524733378
30,375,2.969732366594342
30,376,2.5698222946375204
30,377,2.506965412991661
30,378,2.5257654627522688
30,379,2.544417008488664
30,380,2.7032702775681106
30,381,2.5462292190432274
30,382,2.5291870647110244
30,383,2.6507156186838103
30,384,2.6576168002704863
30,385,2.605823042948554
30,386,2.604603826753875
30,387,2.5298713340084116
30,388,2.65860583150146
30,389,2.480601969628312
30,390,2.5787509106268613
30,391,2.4848772202950618
30,392,2.6497161857891074
30,393,2.9064055952972154
30,394,2.7348558009898323
30,395,2.6653129791463956
30,396,2.7272470930507366
30,397,2.769274195000184
30,398,2.7089188128558064
30,399,2.6336837235629065
30,400,2.6505227573724843
30,401,2.7345646878534136
30,402,2.800691664241098
30,403,2.703441834777238
30,404,2.489222946091655
30,405,2.6493778919444635
30,406,2.773700688091751
30,407,2.583313850968289
30,408,2.5439645714492336
30,409,2.735338202817747
30,410,2.5798995674754632
30,411,2.5981690829338433
30,412,2.4848875036664366
30,413,2.512463749058812
30,414,2.579387114638771
30,415,2.7135879073902895
30,416,2.622796891324506
30,417,2.623400635099626
30,418,2.662496161609107
30,419,2.6699007731045032
30,420,2.708119072420466
30,421,2.529582271900682
30,422,2.567395485672888
30,423,2.7159542419472014
30,424,2.6008937553726637
30,425,2.902690548983941
30,426,2.621140324776057
30,427,2.8474630733771615
30,428,2.65056556288682
30,429,2.4035633731247374
30,430,2.5445050825984135
30,431,2.4761419585301216
30,432,2.597877840146866
30,433,2.812392394696034
30,434,2.6400777163962363
30,435,2.6248667386129587
30,436,2.539878555746249
30,437,2.810358283417908
30,438,2.6140767153505653
30,439,2.8853278882813584
30,440,2.554108573606899
30,441,2.66875420812748
30,442,2.70843043344742
30,443,2.649696712567058
30,444,2.7415282542994643
30,445,4.5240565759482205
30,446,2.496163892328758
30,447,2.7929044572044965
30,448,2.524852414058004
30,449,2.9364249007130456
30,450,2.9716650898843304
30,451,2.544943245420207
30,452,2.5592213747147174
30,453,2.7232639078074956
30,454,2.705969946460524
30,455,2.7402834301817247
30,456,2.5999851936461646
30,457,2.6172462446210196
30,458,2.592089943369293
30,459,2.572926378565782
30,460,2.46409604303718
30,461,2.5291081307344534
30,462,2.4033346866997043
30,463,2.63306341072481
30,464,2.6364155524348116
30,465,2.667521772273504
30,466,2.6288745776875646
30,467,2.494712488691741
30,468,2.8578153957440047
30,469,2.5860580975927667
30,470,2.543249689818545
30,471,2.655102897313755
30,472,2.628497175555058
30,473,2.9393934336790006
30,474,2.9114231192693487
30,475,2.6093183546893086
30,476,2.623432897902406
30,477,2.7027212213886456
30,478,2.659595306853745
30,479,2.641103864017966
30,480,2.64786506234519
30,481,2.6054912125924985
30,482,2.660990768960304
30,483,2.6079777805845294
30,484,2.5759395456534255
30,485,2.8344498306780976
30,486,2.7223892336842814
30,487,4.63549673893609
30,488,2.5092556241316255
30,489,2.652088631650602
30,490,2.8047583593448886
30,491,2.7197924881103828
30,492,2.795428039751848
30,493,2.558666703783904
30,494,2.607741176909103
30,495,2.563518315039819
30,496,2.6550827417474303
30,497,2.5852301689490904
30,498,2.5850219861425967
30,499,2.820622425474441
40,0,2.608032835907192
40,1,2.6875295671034416
40,2,2.409514279926571
40,3,2.6377717052085954
40,4,2.681626082340988
40,5,3.0143519201238784
40,6,2.555234732515082
40,7,2.917116911498789
40,8,2.5354480619454804
40,9,2.7011562016455413
40,10,3.0509981416340684
40,11,2.5496326297290026
40,12,2.860254030333091
40,13,2.6832473170252777
40,14,2.572015200911006
40,15,2.7318340695515695
40,16,2.805631233361786
40,17,2.4866440467482196
40,18,2.558871933769915
40,19,2.635187552154049
40,20,2.745021341007442
40,21,2.5931844308811036
40,22,2.5289806517787636
40,23,2.9738126974444663
40,24,2.613815673235401
40,25,2.8260123677102382
40,26,2.855077193139929
40,27,2.6824853685777525
40,28,2.6820857484506555
40,29,2.585657266002777
40,30,3.1680842928273143
40,31,2.7506588544269173
40,32,2.563867752305087
40,33,2.5976252301899883
40,34,2.6490759045679093
40,35,3.167863403585485
40,36,2.5061936526483506
40,37,2.52883386926971
40,38,2.681709856199613
40,39,2.487755536013515
40,40,3.12351912645915
40,41,2.740665404320579
40,42,2.6541983585982614
40,43,2.909823115301782
40,44,2.6825918099327195
40,45,3.2772071777584224
40,46,2.7160730673816462
40,47,2.61083073491347
40,48,2.7046855023163627
40,49,2.7959599709898257
40,50,2.72799539292475
40,51,2.667808735125223
40,52,2.8732454286037785
40,53,2.6933203938989094
40,54,2.631421762429372
40,55,2.7191488505486334
40,56,2.7020855794897654
40,57,2.859095526458823
40,58,2.5595137642529155
40,59,2.658961644992438
40,60,2.6199600563036345
40,61,3.172195930216525
40,62,2.5900763110067726
40,63,2.538671389264894
40,64,2.6437362196584755
40,65,2.6311769933019993
40,66,2.804769750571915
40,67,2.8220033341190387
40,68,2.8899322328701724
40,69,2.643635278369009
40,70,2.717215303127294
40,71,2.672406968927043
40,72,2.7423099037729326
40,73,2.5824144443387778
40,74,2.8639037234941975
40,75,2.614635689199164
40,76,2.55170250497494
40,77,2.7143741824771355
40,78,2.842163178192846
40,79,2.6255045955599137
40,80,2.610691066172422
40,81,2.6951270742222135
40,82,3.0080820077206925
40,83,2.6956372932015475
40,84,2.874317631324736
40,85,2.8316740723304203
40,86,2.6910952804660275
40,87,2.482235429052056
40,88,2.5984358286636997
40,89,3.0215906413600013
40,90,2.881584391760414
40,91,2.7650070481685867
40,92,2.6919433765113396
40,93,2.692694695337207
40,94,2.5225063047566323
40,95,3.102893944080707
40,96,2.625950651900129
40,97,2.5643900526482493
40,98,2.7814193723506326
40,99,2.9869371279518293
40,100,2.59487314011378
40,101,2.635294413650409
40,102,2.8548415770759266
40,103,2.50435019406369
40,104,2.689304710069603
40,105,2.6191260900057065
40,106,2.7060449447312633
40,107,2.903740187283437
40,108,2.7530441981132756
40,109,2.582013797020621
40,110,2.7485203264291025
40,111,2.6044971739205365
40,112,2.46850043822668
40,113,2.753442883960864
40,114,2.6876809649085436
40,115,2.7857615384978223
40,116,2.505456225977188
40,117,2.5978938680944443
40,118,2.614403043670584
40,119,2.6226273142500567
40,120,2.6631635560998133
40,121,3.2304694590492304
40,122,2.8534106157469608
40,123,2.7693132755202434
40,124,2.6094611045775595
40,125,2.5620810356061936
40,126,2.7012354519652217
40,127,2.691105708274046
40,128,2.7317491931072406
40,129,2.970754320898736
40,130,2.585249613901059
40,131,2.6698638759442983
40,132,2.521653459283224
40,133,2.6752685235514404
40,134,2.7213782413947376
40,135,2.7148831588536932
40,136,2.665495572555916
40,137,2.7471108201872707
40,138,2.734874875584063
40,139,2.6947115031835303
40,140,2.647861097394938
40,141,2.6021804342653887
40,142,2.67812736602152
40,143,2.5796652514792573
40,144,2.5834442773775503
40,145,2.580373744826721
40,146,2.601221501835384
40,147,2.865767611592561
40,148,2.799540293080873
40,149,2.656731309226315
40,150,2.6035379115933535
40,151,2.79624888521539
40,152,2.5719890235334075
40,153,2.599871677069613
40,154,2.618672004728441
40,155,3.6866317117983565
40,156,2.713685583293297
40,157,2.8351382020135314
40,158,2.840297085607794
40,159,2.659012264779374
40,160,2.655144622632028
40,161,2.5954578227560137
40,162,2.5907321556003002
40,163,2.636325435006227
40,164,2.691025655147204
40,165,2.6620380467527824
40,166,2.723006297297018
40,167,3.1116926199041473
40,168,2.9360809093755407
40,169,2.808450551252122
40,170,2.5540795387207123
40,171,3.0708030418175114
40,172,2.570962233876203
40,173,2.635492414505976
40,174,2.684678254308885
40,175,2.798070861639334
40,176,2.5980991988087996
40,177,2.590143773375631
40,178,2.853866316223326
40,179,2.575307062064094
40,180,2.654804115549442
40,181,2.580300599206957
40,182,3.0942123922936577
40,183,2.702744602785763
40,184,2.6001973032246397
40,185,2.773274014930864
40,186,2.492220838223711
40,187,2.5456862028535405
40,188,2.910471230683574
40,189,3.0889656222484394
40,190,2.6534742063905794
40,191,2.5412507687468215
40,192,2.6135159171861266
40,193,2.9839673715303756
40,194,2.6726132351463474
40,195,2.5847088209084914
40,196,2.5561885973934912
40,197,3.8002135278391114
40,198,2.7207097184002977
40,199,2.718910885843645
40,200,2.5427000258231245
40,201,2.5508440337026923
40,202,2.778438360013848
40,203,2.7218087520184797
40,204,2.523807537688971
40,205,2.6344700566000814
40,206,2.857404680084523
40,207,2.971088818534946
40,208,2.6052956291796376
40,209,2.5246592025036887
40,210,2.5951560516622076
40,211,2.693251634518847
40,212,2.829096191552792
40,213,2.5527254457153066
40,214,2.5195104902887007
40,215,2.732635166038937
40,216,2.65261328356285
40,217,2.721033461714752
40,218,2.847940368667352
40,219,2.4882726067814818
40,220,2.517587502152434
40,221,2.5294493704183196
40,222,2.7228389229618695
40,223,2.7361386619971393
40,224,2.6782167152159344
40,225,2.9538682149639874
40,226,2.9044241427135864
40,227,2.6222111732502977
40,228,3.030137836584883
40,229,2.7691228296799952
40,230,2.6919668018979714
40,231,2.4929378471423336
40,232,2.6043978511496393
40,233,2.6771171335621338
40,234,2.615681778479406
40,235,2.8344410207480313
40,236,2.7263588967098618
40,237,2.6193657833087944
40,238,2.6426104818934926
40,239,2.7051752959087105
40,240,2.7546810444855696
40,241,2.8341766803347777
40,242,2.6121560164968947
40,243,2.9785480007198313
40,244,2.6782492271245038
40,245,3.2962877984142867
40,246,2.7055800552926756
40,247,2.709402252364388
40,248,2.974251205267907
40,249,2.6111393577055653
40,250,2.6677100241886516
40,251,2.6538499966313256
40,252,2.6366187773641716
40,253,2.5894364983110254
40,254,2.517613121396369
40,255,2.6598897376854627
40,256,2.654291583760194
40,257,2.628101852813795
40,258,2.751370170333026
40,259,2.5900595540545996
40,260,3.0691683847273583
40,261,2.733724760012104
40,262,2.6532326957789305
40,263,2.654060490164201
40,264,2.603837157229155
40,265,2.44229223959746
40,266,2.7629362817779857
40,267,2.515428323042132
40,268,2.77693479391854
40,269,3.1269219275159212
40,270,2.8082981380948002
40,271,2.5320661015956576
40,272,2.6158657534714433
40,273,2.834458267045415
40,274,2.5620578613837868
40,275,2.7474319708049353
40,276,2.6686127222401446
40,277,2.7355760926815083
40,278,2.7975096743755303
40,279,2.600530963656239
40,280,2.565240061855264
40,281,2.6766541267772688
40,282,2.830214049520056
40,283,2.5295722890324583
40,284,2.412962587878424
40,285,2.615132017551246
40,286,2.865278533963338
40,287,2.7701679995416773
40,288,2.6628480612326904
40,289,2.7694777252108542
40,290,2.673067193053932
40,291,3.1083154376702993
40,292,2.623377848568222
40,293,2.682129921118705
40,294,2.9829400315976518
40,295,2.6093069905563446
40,296,2.5354133893564916
40,297,3.2228387181631337
40,298,2.581839101662609
40,299,2.7757748905904607
40,300,2.7978758837123117
40,301,2.5296229176820035
40,302,2.5488949920018498
40,303,2.631675150621523
40,304,2.5977828767349416
40,305,2.636082169085584
40,306,2.6568800528885164
40,307,2.685142743260874
40,308,2.6162506681303745
40,309,2.572847765821468
40,310,2.5380512085441405
40,311,2.5439359505941694
40,312,2.603532574705995
40,313,2.707252523887314
40,314,2.6734030384129945
40,315,2.747499786337576
40,316,2.6647382983568746
40,317,2.6536761212988393
40,318,2.819253128592743
40,319,2.8052081169637604
40,320,3.324367668964455
40,321,2.8071536346957116
40,322,2.5264287025581926
40,323,2.632830092623839
40,324,2.767983973844846
40,325,2.573841269487884
40,326,2.546891519566208
40,327,2.629296604447715
40,328,2.792955845646978
40,329,2.843083700040818
40,330,2.844620942024278
40,331,2.5930275760488715
40,332,2.621435723736329
40,333,2.65786412028868
40,334,2.5334362083874002
40,335,2.503357381855657
40,336,2.8724866500901234
40,337,2.6940372803865995
40,338,2.8441684687973585
40,339,2.619999498555998
40,340,3.031035736858962
40,341,2.8283965081256865
40,342,2.8017730836955854
40,343,2.797401981910078
40,344,2.6336157058282956
40,345,2.5937558592323615
40,346,2.573510670799886
40,347,2.6203100454459736
40,348,2.7387363019944764
40,349,2.5553639021193915
40,350,2.5282439501662872
40,351,2.664826389211329
40,352,3.2145338325252713
40,353,2.793815569799613
40,354,2.6389968339649332
40,355,2.423403984214569
40,356,2.5913369856070774
40,357,2.7647837108649047
40,358,2.6056502664747656
40,359,2.7635369565715675
40,360,2.514274330230685
40,361,3.0304004767028836
40,362,2.755702995200752
40,363,2.60406838581606
40,364,2.6114446212344165
40,365,2.5074186816225774
40,366,2.6658901182421277
40,367,2.5763340031877275
40,368,2.7138421215743933
40,369,2.772883529922561
40,370,2.7053089521427633
40,371,2.8257484027861453
40,372,2.5003494508270165
40,373,2.560280835484369
40,374,2.5143080503968998
40,375,2.6202357848951583
40,376,3.114951954545032
40,377,2.8120776404409926
40,378,2.6143687254725476
40,379,2.5795583004562586
40,380,2.545585328238634
40,381,2.7715457541078425
40,382,3.586193404002935
40,383,2.730620039681072
40,384,2.644216349622688
40,385,2.584309980735432
40,386,2.7038384259651282
40,387,2.479579412308728
40,388,2.7806468243907263
40,389,2.7192835954801087
40,390,2.8722697174654557
40,391,2.706563388343689
40,392,2.72461964963112
40,393,2.623173096100353
40,394,2.5556570913262386
40,395,2.7989020122125012
40,396,2.5976516229229945
40,397,2.5928514392713167
40,398,2.612317252906903
40,399,2.8067515357852613
40,400,2.7958752363873747
40,401,2.8301698523573573
40,402,2.5119556716677653
40,403,2.6633980979257266
40,404,2.6028791697497176
40,405,2.6429250223276353
40,406,2.6633324235140647
40,407,2.745195739291956
40,408,3.245959597004726
40,409,2.665187860411664
40,410,2.683609642903222
40,411,2.753617630308234
40,412,2.8814329474080123
40,413,2.7235345156000235
40,414,2.756636393627193
40,415,2.631072204980264
40,416,2.609465299378529
40,417,2.6424682815329463
40,418,2.5791012688400117
40,419,2.9021312124205743
40,420,2.7190232402376093
40,421,2.5994469966677176
40,422,2.591056390430932
40,423,2.472566405532283
40,424,2.675987234464331
40,425,2.5134615834592164
40,426,2.6422447327095013
40,427,2.824061958668122
40,428,2.6720025424594946
40,429,2.6229857727212047
40,430,2.7483172478158355
40,431,2.9410018779445646
40,432,2.4150286813484145
40,433,2.507986289346013
40,434,2.6173311914946726
40,435,2.792316613360432
40,436,3.037850365933062
40,437,2.548618914850003
40,438,2.7008268577406427
40,439,2.778729808245297
40,440,2.6420830380122307
40,441,2.8059553676974858
40,442,2.6236053577428704
40,443,2.5666886393078263
40,444,2.6691724119546776
40,445,3.0193850296300044
40,446,2.5861252720052383
40,447,2.8963692755178734
40,448,2.948491025781584
40,449,2.686709153987623
40,450,2.7222284451912135
40,451,2.9621801062150572
40,452,2.6808123984103616
40,453,2.5969301235685527
40,454,2.570199342391923
40,455,2.7637711581177924
40,456,3.2657839200100343
40,457,2.661551660714985
40,458,2.715115241355026
40,459,2.6402610647873765
40,460,2.848791310280947
40,461,2.975376588046187
40,462,2.5538954684045176
40,463,2.711349484938148
40,464,2.805813613699505
40,465,2.5793049819039138
40,466,2.644276044748362
40,467,2.6381336493212286
40,468,2.88026910112156
40,469,2.7812466735240626
40,470,2.7499471758005947
40,471,2.748490224618716
40,472,2.520821268709405
40,473,2.631574992548967
40,474,2.9661214445936364
40,475,2.8174030992740358
40,476,2.5749172740308874
40,477,2.537007791284474
40,478,2.466457354922405
40,479,2.6216636009189966
40,480,2.7576080104335614
40,481,2.6918323922377896
40,482,2.697238163719392
40,483,2.709436499331805
40,484,2.606978095195995
40,485,2.460617718466924
40,486,2.579277411358614
40,487,2.8483448575610018
40,488,2.7054845114730113
40,489,2.66420191967929
40,490,2.6394443900649307
40,491,2.772974002654284
40,492,2.8730848607409496
40,493,3.8502259260858307
40,494,2.6934155825805792
40,495,2.7019807691147233
40,496,2.7175032957467806
40,497,2.4345528521087747
40,498,2.6516968451419745
40,499,3.2145186069606426
50,0,2.9448228883247896
50,1,2.755778311353187
50,2,3.2453779175709423
50,3,2.580006664936823
50,4,3.3631618460575616
50,5,2.915285440901085
50,6,2.792278278002895
50,7,2.6566608601843886
50,8,3.0264017768382683
50,9,2.5425080827974313
50,10,2.8456568874813333
50,11,2.9551167577187427
50,12,2.5222595569605715
50,13,2.86807486818198
50,14,2.723682123801561
50,15,2.8965340639938812
50,16,3.0862983096282592
50,17,2.5746751698212407
50,18,2.63044319499848
50,19,2.709397034798396
50,20,2.667381370062869
50,21,2.741429757017405
50,22,2.91051645463713
50,23,2.6361473978341174
50,24,2.671899535184617
50,25,2.7320234266359527
50,26,2.6181094870469575
50,27,2.554401993553171
50,28,2.586689844222294
50,29,2.57016810395058
50,30,2.949247261037116
50,31,3.0335168766110776
50,32,2.902258054072641
50,33,2.7590494075005987
50,34,3.1560671941007805
50,35,2.593873960464791
50,36,3.261449006228151
50,37,2.5743404142761204
50,38,3.0962330055947955
50,39,2.677032543140382
50,40,2.7121757506102306
50,41,2.7315413426415933
50,42,2.6242330790792656
50,43,2.7056457307668142
50,44,2.650212348148817
50,45,2.642158178775826
50,46,2.806572836864526
50,47,2.523887049704171
50,48,2.602778549152884
50,49,3.02133385709549
50,50,2.5856872592245503
50,51,2.5367067606026175
50,52,2.6570018601073397
50,53,2.54688624120739
50,54,3.882521275068227
50,55,2.8112220606656235
50,56,2.6418409532448246
50,57,3.0054953470273604
50,58,2.703581869037858
50,59,2.575496697424428
50,60,2.551470415514097
50,61,2.805590668201644
50,62,2.814627828005471
50,63,2.858970871923063
50,64,2.595431732385981
50,65,2.887002022363231
50,66,2.484916685455999
50,67,2.8013914408898906
50,68,3.014267893095461
50,69,2.653091364205635
50,70,2.6524011383517005
50,71,2.563688089114221
50,72,2.676619446260046
50,73,2.653834196198627
50,74,2.7094332142568742
50,75,2.6517309079916687
50,76,2.876896617301091
50,77,2.6922514568652485
50,78,2.7555524476003437
50,79,2.939480450066247
50,80,2.8799703613652747
50,81,2.7020048789850666
50,82,2.482822211497815
50,83,2.602645634305117
50,84,2.905268673441482
50,85,2.634779315477669
50,86,2.6529958755365133
50,87,3.407326320841695
50,88,2.8719873669305445
50,89,2.807711661362574
50,90,2.641309698407682
50,91,2.675623914247169
50,92,2.7818399678676125
50,93,2.7196444543011378
50,94,2.627717010612404
50,95,3.0033209990471703
50,96,2.6722344769403192
50,97,2.543812170659121
50,98,2.6778193566466753
50,99,2.7792423716684667
50,100,3.0445055292498244
50,101,2.831058659843669
50,102,2.594956803954118
50,103,2.6725743241070283
50,104,2.86395416972715
50,105,2.760461878618617
50,106,2.9269831832689226
50,107,2.71382012345208
50,108,2.8524663259056977
50,109,2.676261850386667
50,110,2.8493584760206954
50,111,2.836567773403081
50,112,2.8337046713103957
50,113,2.6771683828587145
50,114,2.527760422154548
50,115,3.4209343222100856
50,116,2.550746574201754
50,117,2.9405359396149
50,118,2.4959977964571896
50,119,2.7003621117512906
50,120,2.6140386333827292
50,121,2.9009584473780143
50,122,2.5898071320398737
50,123,2.658269029555565
50,124,2.8861031162559936
50,125,2.7090280340173947
50,126,3.045854426620999
50,127,2.6647965469245167
50,128,2.717121375050554
50,129,3.6650239043250856
50,130,2.6786702191996294
50,131,2.8426753958793642
50,132,2.584000029370075
50,133,2.9976380520961525
50,134,2.9066770606820667
50,135,3.1828496575693124
50,136,3.12048264146283
50,137,2.7418544552850808
50,138,2.70202394244386
50,139,2.545625558270183
50,140,2.619797702677858
50,141,2.7575254107247775
50,142,3.13811429774254
50,143,2.6624141339234892
50,144,2.6886210265291486
50,145,2.5780045055205467
50,146,2.732086046342158
50,147,2.8024917320135136
50,148,2.5677519838157044
50,149,2.8220779586830456
50,150,2.640599152694074
50,151,2.483676876500016
50,152,2.9148306748426114
50,153,2.7956353977607717
50,154,2.916136829594293
50,155,2.5558640591702426
50,156,2.763443225305061
50,157,3.432568644486185
50,158,2.612522512183795
50,159,2.6089420384429487
50,160,2.637875073669558
50,161,2.5903114039369175
50,162,3.411237850679694
50,163,2.802858606230725
50,164,2.6426603237576662
50,165,2.7267212692397345
50,166,2.631180696887661
50,167,2.80209468662208
50,168,2.995653799717036
50,169,3.287625597851578
50,170,2.6457612805370587
50,171,3.2971478130335754
50,172,2.613073015363702
50,173,2.7525119877463986
50,174,2.664576147157628
50,175,2.6924595401114813
50,176,2.55187799489048
50,177,3.4947844452490293
50,178,2.9202633765133776
50,179,2.9361819328042245
50,180,2.619597603521247
50,181,3.1957799094999526
50,182,2.6665466309243513
50,183,3.372960187147392
50,184,2.632325926025398
50,185,2.564051869410303
50,186,2.910288436029121
50,187,2.549826076453077
50,188,2.75099711625098
50,189,2.892186471527375
50,190,2.630054588002394
50,191,2.6693294417520153
50,192,2.743338483821795
50,193,3.108285327792498
50,194,2.700860460769347
50,195,3.1471674594185006
50,196,2.705985331803998
50,197,2.7435858768231305
50,198,2.6084310288013355
50,199,2.686359568410185
50,200,2.9142326835705545
50,201,2.6920517184636172
50,202,2.8278728713990464
50,203,2.6274115992539
50,204,2.6878233983859445
50,205,3.0284317204005555
50,206,2.5802249855418466
50,207,2.781638705352204
50,208,3.1991676259573856
50,209,2.6046654546508443
50,210,3.153663503553875
50,211,2.717970261764728
50,212,2.6612540648341567
50,213,3.158467844711219
50,214,2.9804070013993162
50,215,2.7111857644016846
50,216,2.701393761553772
50,217,2.5319186493058567
50,218,2.6967605489667146
50,219,2.798507556039959
50,220,2.5917594016495773
50,221,3.7419884944746538
50,222,2.7915097454105124
50,223,2.7146986941888094
50,224,2.676523642163723
50,225,2.6651395143597436
50,226,2.8807283832221784
50,227,2.513175569818436
50,228,2.618026462483989
50,229,2.519800257720312
50,230,2.7688287105003595
50,231,3.205484888296485
50,232,2.87539508553193
50,233,2.6901708497364707
50,234,2.9849477824272572
50,235,2.6857141527972463
50,236,2.740278149115035
50,237,2.896662241493195
50,238,2.9324495688922725
50,239,2.854671305668128
50,240,2.607840419597451
50,241,3.7738906537856565
50,242,2.7885232140387672
50,243,3.0330311037388236
50,244,2.811899760401127
50,245,2.570649543288505
50,246,2.670259829251224
50,247,2.8835525967412075
50,248,3.069516687082718
50,249,2.9117040274708277
50,250,2.8040831690328107
50,251,2.7925616089688345
50,252,2.667491885657584
50,253,2.745025684805263
50,254,2.588770816339627
50,255,2.799649702549759
50,256,2.705920167563938
50,257,2.9793549838376974
50,258,2.7668064487636186
50,259,2.5268673739524563
50,260,2.951159402256978
50,261,4.767105689332592
50,262,2.7221345320587242
50,263,2.5987013619865342
50,264,2.6099413407686973
50,265,2.848786776436025
50,266,2.8665865310173015
50,267,3.1582137367761836
50,268,2.663375175222955
50,269,3.018979063886493
50,270,2.6213359078820124
50,271,2.7622194201598442
50,272,3.627569940248114
50,273,3.3626672479558772
50,274,2.48102351557558
50,275,3.424275677979793
50,276,3.6500218198842878
50,277,2.67043545830762
50,278,2.736985448356244
50,279,2.6170761878296718
50,280,2.6026834943835255
50,281,3.7852701622026945
50,282,2.9849817684649285
50,283,2.629827084776496
50,284,2.7086295320411256
50,285,2.613191615263945
50,286,2.8076997863078543
50,287,3.147065650768038
50,288,2.817164005788838
50,289,2.703933142010721
50,290,2.5820449178651343
50,291,3.218802858085742
50,292,2.68329074934218
50,293,2.94783557896912
50,294,2.6237910109909555
50,295,2.9629730756095034
50,296,2.784594790538683
50,297,2.6970212964796425
50,298,2.6376367166958388
50,299,3.2844434514619576
50,300,2.6267530186398065
50,301,2.6497926248447787
50,302,2.5483999479915758
50,303,2.7686425837967725
50,304,2.863127852742752
50,305,3.3468848212914435
50,306,3.0710536456197235
50,307,2.6971103298072245
50,308,2.8146455335147262
50,309,2.643395643367235
50,310,3.1714443985380023
50,311,2.7434534112553215
50,312,2.6460133340582517
50,313,2.748362362854003
50,314,3.951843794299516
50,315,2.5073759295698794
50,316,2.7539366465534467
50,317,2.6849243025583314
50,318,2.5395297953484475
50,319,2.62480395706489
50,320,2.673735519771208
50,321,2.501350417604143
50,322,2.5345264669333103
50,323,3.36317138392015
50,324,2.657640242177589
50,325,2.8221997072761646
50,326,4.010036791587402
50,327,2.60385910828588
50,328,2.7969378700071643
50,329,2.5022288642290533
50,330,2.763027532525822
50,331,2.726180509089489
50,332,2.658250471546542
50,333,2.6601341551762125
50,334,2.6072187115988035
50,335,2.694537764164874
50,336,2.7296520540192812
50,337,2.7002323336356615
50,338,2.595704991580051
50,339,3.0389104351972356
50,340,2.7495059123444356
50,341,2.9551963483480166
50,342,2.7045288990202496
50,343,2.7438124399938655
50,344,2.794216517414343
50,345,2.6767330388824133
50,346,2.867976288795512
50,347,2.851883657197014
50,348,3.275377786356833
50,349,3.0034947424502034
50,350,2.868487622134866
50,351,2.8084374265110252
50,352,2.588359407830129
50,353,2.726884059701667
50,354,3.3309163957485017
50,355,3.1324912605825066
50,356,2.7377694570216535
50,357,3.08972126833422
50,358,2.9211424630947924
50,359,2.6711239654811645
50,360,2.811589917054039
50,361,2.666413369622399
50,362,2.6662945236999853
50,363,2.7364853419947095
50,364,3.6959569706479334
50,365,2.6532667196521214
50,366,3.0789001385697636
50,367,2.7691119785563143
50,368,2.66561410199264
50,369,2.826894501076584
50,370,2.566638865743481
50,371,3.185205896205724
50,372,2.619241680761601
50,373,2.5461215699240447
50,374,3.2028355581200816
50,375,2.7192879657039084
50,376,2.454462198249156
50,377,2.5556457803634047
50,378,2.5384871550173655
50,379,2.589809040921246
50,380,2.723709498325751
50,381,2.7487290049800417
50,382,2.5857257140896324
50,383,2.6124284956853203
50,384,2.7340975506012004
50,385,2.8261995878391297
50,386,2.59236357350319
50,387,2.8441884466520597
50,388,2.6215467004512
50,389,2.636366386118705
50,390,3.050085192414633
50,391,2.657922586327135
50,392,2.8086435895316026
50,393,2.976023720235158
50,394,2.756278256193025
50,395,3.054986538758257
50,396,2.8057814797237697
50,397,2.6864934222866412
50,398,3.947534180466664
50,399,2.7824328085542884
50,400,2.8206670832992096
50,401,2.736938357110362
50,402,2.5010786211540457
50,403,2.7745638947631295
50,404,2.8238498482863257
50,405,3.1843347494638397
50,406,2.9647082121607338
50,407,2.490799991647414
50,408,2.9640731753160052
50,409,2.610413923930271
50,410,2.4759741391327026
50,411,2.7084187503683075
50,412,2.923034690029573
50,413,2.5747940277660244
50,414,2.789270864285707
50,415,2.6336627671374258
50,416,2.767085808373731
50,417,2.616519123152345
50,418,2.8889194104286853
50,419,2.7241362335358414
50,420,2.7632181533285847
50,421,2.7356657838081295
50,422,2.598749711645092
50,423,3.0446037718354795
50,424,2.7701675680960958
50,425,2.840029700878307
50,426,3.3395518312252066
50,427,2.5955891611169317
50,428,2.6392844678652225
50,429,2.9092802454121345
50,430,3.27306757992787
50,431,4.227668561348706
50,432,2.84036620667626
50,433,2.7698727343941556
50,434,2.8032317068653603
50,435,3.0609735189244147
50,436,2.9554142392043645
50,437,2.792949423107172
50,438,3.3009987695403242
50,439,2.61266676238501
50,440,2.6145764750475995
50,441,3.8021919539041678
50,442,2.804508010185844
50,443,2.6868884434869975
50,444,2.6473852365912776
50,445,2.541776164075006
50,446,2.6848523650020564
50,447,2.644721646328079
50,448,2.884164244333887
50,449,2.794980006771941
50,450,2.676911871373147
50,451,2.6020187015144676
50,452,2.774794505421461
50,453,2.454979515859204
50,454,2.7166761329283204
50,455,2.5736151360948134
50,456,2.7610284970070285
50,457,2.7901401604745697
50,458,2.9280007291607952
50,459,2.567708503039453
50,460,2.925796589531453
50,461,2.679312374825385
50,462,2.8104026455026405
50,463,2.514195207018071
50,464,2.7414280471632524
50,465,2.853743703964715
50,466,2.4438311106938047
50,467,2.8353482173014832
50,468,3.2563454358439343
50,469,3.153746415523996
50,470,2.526711230972632
50,471,2.566971363362501
50,472,3.0711079273468522
50,473,2.6685646463275834
50,474,2.7134727517088257
50,475,2.642365468583099
50,476,2.6039832987048794
50,477,2.644666293338553
50,478,2.6144781537564596
50,479,2.6573311635576227
50,480,2.826088304438647
50,481,3.932902416733825
50,482,2.603819586611674
50,483,2.846352921244234
50,484,3.9334386850963172
50,485,2.5859980769292203
50,486,3.055467932479785
50,487,2.5771121618709927
50,488,2.479628507017444
50,489,2.5891822238687157
50,490,2.7470409228498416
50,491,3.0455529431698167
50,492,2.7673891200411935
50,493,2.5634468802209507
50,494,2.797356890759802
50,495,2.52627681805014
50,496,2.9147395658848176
50,497,2.6834850969428254
50,498,2.533330975750899
50,499,3.19989873457993
60,0,2.758172099386059
60,1,3.2347232535330424
60,2,2.5643741001409706
60,3,2.6180507590232147
60,4,2.738498016839034
60,5,2.5560141882484837
60,6,3.020932382446785
60,7,2.9044457841189284
60,8,2.654689393685184
60,9,2.826237538873662
60,10,2.7471562544545622
60,11,3.179844411451663
60,12,3.291747891377017
60,13,3.8192022815061355
60,14,3.708897861346934
60,15,2.946245451043121
60,16,3.0488238639833334
60,17,2.677619619553625
60,18,2.7329373034222413
60,19,5.777863935118061
60,20,3.203512400134864
60,21,3.2317837180366116
60,22,2.7835236626414814
60,23,2.8594752270344577
60,24,2.687927280556955
60,25,3.8805213494407713
60,26,2.8262444642276017
60,27,2.9487850392766553
60,28,3.927426572687804
60,29,2.7319180331501682
60,30,2.9062848410908595
60,31,3.4215213763483683
60,32,3.847286018313046
60,33,2.6083493171496404
60,34,2.9477443398027496
60,35,2.7110637041393986
60,36,2.8071254173427023
60,37,2.7923807679435635
60,38,3.165817406310829
60,39,2.887796671568506
60,40,3.2661443657862548
60,41,2.596153484811902
60,42,2.5995222078771723
60,43,2.6706222618934254
60,44,2.68265742583191
60,45,3.6274906582081914
60,46,2.8960752350237606
60,47,3.0131331913143455
60,48,2.91552088836405
60,49,2.979886554728043
60,50,2.683232653060182
60,51,2.6832326873058476
60,52,2.8488835713744156
60,53,3.158717851288135
60,54,3.04675525927721
60,55,3.5890893301474955
60,56,2.7627030173833997
60,57,2.520513774617585
60,58,3.7080906066617847
60,59,3.0843489136333084
60,60,2.7997445818680067
60,61,3.338687192676104
60,62,3.7595938753570706
60,63,2.5312479000664796
60,64,2.770626504824237
60,65,3.158584464196968
60,66,3.9875552528254437
60,67,3.214465968313436
60,68,3.2402593667848265
60,69,2.86417862546494
60,70,2.994620240283981
60,71,3.009860819752457
60,72,3.207687354681405
60,73,3.29498068276601
60,74,2.6888380822399616
60,75,4.27445029629418
60,76,2.971268785732265
60,77,2.9542465495795205
60,78,2.7267454149176933
60,79,2.734791910636866
60,80,3.6335719403113176
60,81,2.811319828607081
60,82,2.622511349830417
60,83,3.1067872659853157
60,84,3.542833307946023
60,85,2.8246743215969987
60,86,2.695018236509625
60,87,2.650049174565356
60,88,2.722004035266591
60,89,2.602398564253913
60,90,3.2222588400948133
60,91,2.609221744671844
60,92,2.8830352361031304
60,93,2.7344603319218836
60,94,2.6460332612975312
60,95,2.5752741976452453
60,96,2.7007793217186493
60,97,2.59303815091569
60,98,3.790945381348734
60,99,3.598862430773505
60,100,2.736807418291656
60,101,2.5381638291809687
60,102,3.546407106429629
60,103,2.659811199607118
60,104,2.7060173999869708
60,105,2.669280846499612
60,106,2.7578736854487707
60,107,2.9266898947471165
60,108,3.157386362320389
60,109,3.018351442962349
60,110,3.394813182753504
60,111,2.5633693078535744
60,112,3.7514934372057587
60,113,3.00532096790561
60,114,3.3868450640794636
60,115,2.8789845879961553
60,116,2.741259352597847
60,117,2.7758967012500233
60,118,2.7984918889397092
60,119,2.870089983247019
60,120,2.9058026271905786
60,121,2.6232140620757636
60,122,2.9159401898419834
60,123,4.960501999969642
60,124,2.602381760974501
60,125,3.455567756318223
60,126,2.9965574491614744
60,127,2.8816098953632774
60,128,2.8690730512441904
60,129,2.550812486582387
60,130,2.6254277429654254
60,131,3.335084931363573
60,132,2.980498518373585
60,133,2.629288954111869
60,134,2.6871702500113996
60,135,2.7442537328848022
60,136,3.133976873403265
60,137,2.836192302466201
60,138,2.6141591952142615
60,139,3.165894679332824
60,140,2.608363277107656
60,141,2.610687110735963
60,142,2.70092410196966
60,143,2.783236657799192
60,144,2.5534661095925597
60,145,3.312864541915879
60,146,3.3626857177951206
60,147,3.200888414119623
60,148,2.889123972530686
60,149,2.7302081339382775
60,150,2.719254507448902
60,151,4.441263661140766
60,152,2.510261338008955
60,153,2.5467778125919054
60,154,2.5627864296322356
60,155,2.523569692290394
60,156,3.7235631840592642
60,157,2.6855702250259315
60,158,2.6611976256114658
60,159,2.6401820476813476
60,160,3.982958940675443
60,161,2.875943987459854
60,162,4.715782861859629
60,163,3.606873990565019
60,164,2.894837519319214
60,165,3.838280058736252
60,166,2.6736625737761037
60,167,3.4819304054950315
60,168,2.962760363080024
60,169,3.4697641508856742
60,170,2.6926725015492186
60,171,3.1386962471799205
60,172,3.5906611661266714
60,173,3.04145168412809
60,174,2.5134233799388483
60,175,3.1602913822805756
60,176,4.535562788090071
60,177,2.602917652653483
60,178,2.900823789263392
60,179,5.456271983020121
60,180,2.6644424936684215
60,181,2.882523324829454
60,182,2.767337600053328
60,183,3.0526008402480223
60,184,2.721849278497361
60,185,2.537421750204057
60,186,3.706711762109512
60,187,2.741253460119211
60,188,2.6887316938357344
60,189,3.4970581126056
60,190,3.487830076271627
60,191,2.6111355246798507
60,192,3.585408406034139
60,193,2.7263617627757375
60,194,2.8362575349355685
60,195,3.5382897255683976
60,196,2.697566780862802
60,197,3.1735829954286565
60,198,3.074699341402183
60,199,3.135125762220129
60,200,2.966454025687074
60,201,2.645332401447479
60,202,2.766594092918619
60,203,2.684224074946728
60,204,2.614990167629735
60,205,3.5597449455182275
60,206,3.061543937070226
60,207,2.6519423399228925
60,208,2.690897530451004
60,209,3.529947296535734
60,210,2.6273884325970167
60,211,2.8309985511250297
60,212,3.3369171194224236
60,213,2.927138371442743
60,214,3.416172695528489
60,215,3.1268613779793224
60,216,2.8626144578277097
60,217,2.5575509754176338
60,218,2.607797874703826
60,219,3.965766236688728
60,220,2.9420045724868085
60,221,2.7567711851177785
60,222,2.643067006578747
60,223,3.2252677924283946
60,224,3.29382716065572
60,225,2.517112456589614
60,226,3.8301455399208075
60,227,2.711913464821901
60,228,2.74908121619092
60,229,2.718068242704613
60,230,2.7626348155448417
60,231,3.335449140895333
60,232,3.327062100104894
60,233,2.91334230661908
60,234,3.3728132650592384
60,235,2.772543499677442
60,236,2.6445524524210358
60,237,2.9071749035778107
60,238,3.066480793561174
60,239,2.8056881954157102
60,240,3.4940564126132916
60,241,3.418056793864594
60,242,2.7787596898252604
60,243,3.1842666554509416
60,244,3.0522882473772945
60,245,2.7977006484612548
60,246,2.7869212299194888
60,247,2.579218072121738
60,248,3.3354034688821077
60,249,2.6608104680451494
60,250,2.5289191082042586
60,251,2.6035720172279935
60,252,2.6014491213821
60,253,2.7091929325149446
60,254,3.6779275352414684
60,255,3.3801654392650025
60,256,2.6204647743380494
60,257,3.2077777888774297
60,258,3.0804114204570556
60,259,2.9060436993706014
60,260,3.02810055219445
60,261,2.810672931985634
60,262,2.8810804431204606
60,263,2.76940692346069
60,264,2.6389900441222207
60,265,2.958880720122026
60,266,2.887511267768263
60,267,3.0308137059157088
60,268,2.9462880054075216
60,269,3.0401840531222497
60,270,2.9022639882881323
60,271,2.538793637720216
60,272,3.1405947092706366
60,273,3.170685435190507
60,274,2.8603744217908873
60,275,2.610876764306268
60,276,2.8245158262560044
60,277,2.8996094512837405
60,278,2.8537163989715033
60,279,2.636030364790678
60,280,2.7443344431134338
60,281,2.566595446376339
60,282,2.66667085028498
60,283,2.7552730174521605
60,284,3.5326256771295665
60,285,2.785904378557716
60,286,2.6394456762300176
60,287,3.539881444098786
60,288,2.5074273602072825
60,289,4.833423216882322
60,290,2.778851556129592
60,291,4.386969311703902
60,292,2.9842053346803237
60,293,2.6096453907854484
60,294,2.677384177284748
60,295,2.571753810044685
60,296,2.776531805649147
60,297,2.965000453671684
60,298,3.5779916596505363
60,299,3.1033856049703505
60,300,3.330445930816042
60,301,2.856690240710419
60,302,2.6921005857194813
60,303,2.6451021232983125
60,304,2.928053752320075
60,305,2.6762863317199876
60,306,3.557069405925861
60,307,2.9125722381887655
60,308,2.468171775182617
60,309,2.704270326036072
60,310,2.85369264831776
60,311,3.67033374877486
60,312,2.9676837136755285
60,313,2.8192068311462046
60,314,2.776589271792651
60,315,3.03573223615335
60,316,3.2963613757490924
60,317,2.884563168853145
60,318,2.719320830705513
60,319,2.8852406597943805
60,320,2.5966175930216355
60,321,2.8237266708194197
60,322,2.6218711503610974
60,323,2.9326849932803563
60,324,2.9400960949288213
60,325,2.9519297283696955
60,326,2.79103447857802
60,327,4.117431795560825
60,328,3.6045414939851375
60,329,2.656867219069351
60,330,2.937807044337826
60,331,2.6962196645096745
60,332,2.7287371250512455
60,333,2.5892701981248303
60,334,2.819820111770043
60,335,3.6251937482775474
60,336,3.2032194460616066
60,337,3.3424025473688324
60,338,2.6508326543737453
60,339,3.1601463783940584
60,340,3.4426124780094134
60,341,2.9746198592262383
60,342,2.8090065299775464
60,343,2.6955628711513486
60,344,2.837881231305816
60,345,2.7896720838475284
60,346,2.724806047834909
60,347,2.6828543695111167
60,348,3.5539166033905736
60,349,3.0569861640517004
60,350,2.9597809902693006
60,351,2.9729147990552787
60,352,2.748048992570179
60,353,3.17685591227385
60,354,2.6574886063396552
60,355,2.796285537360393
60,356,2.568957275716129
60,357,3.1267196460878224
60,358,2.6074833902181314
60,359,2.857817344867435
60,360,2.5929419460749696
60,361,2.745199169760236
60,362,3.8897750644504554
60,363,2.5422350691525426
60,364,3.0998436215142102
60,365,3.517482435570456
60,366,3.241036522818363
60,367,5.31898823131374
60,368,2.9502804772098647
60,369,3.4494034903197544
60,370,2.623436030144392
60,371,2.9065283365307257
60,372,2.6479755500008415
60,373,2.5424634755295066
60,374,2.7665310775824126
60,375,2.8824915308356056
60,376,4.112529669948594
60,377,2.8962125978182556
60,378,2.8682104913088273
60,379,2.8136351271441264
60,380,2.551673174665423
60,381,2.9606073625713503
60,382,2.7937576890098073
60,383,2.725548795420138
60,384,2.52649060828256
60,385,2.71743202711202
60,386,2.8217478540003538
60,387,2.5920307928167934
60,388,2.774135366677664
60,389,2.925128379849416
60,390,2.687193835957238
60,391,2.6322073242517754
60,392,2.922941663894598
60,393,3.2469914344630055
60,394,4.170153250601573
60,395,2.6689686623349425
60,396,3.2119975598410115
60,397,2.8876984024871
60,398,3.025001944772599
60,399,3.0909020153209283
60,400,2.8299415428585344
60,401,2.7080828230580543
60,402,2.533569983889002
60,403,2.944155325571886
60,404,2.7977039548860265
60,405,2.774564158717227
60,406,2.6566446388350657
60,407,2.7563436387633806
60,408,3.8646316365756284
60,409,3.0386385543297063
60,410,2.834001000865646
60,411,4.078455469091569
60,412,2.610693827617582
60,413,2.7045102534245786
60,414,2.695268217635659
60,415,2.6784192670882123
60,416,2.7933528824025573
60,417,2.6458054145275165
60,418,2.9945650828739123
60,419,3.318907885194116
60,420,2.9349523218563474
60,421,2.7855149889104807
60,422,2.786839495271927
60,423,2.4920906939403107
60,424,2.412965071398317
60,425,2.5558035190301225
60,426,2.7124505511781813
60,427,2.7886110921203664
60,428,2.7310193244632073
60,429,2.598335761511812
60,430,2.7032463609634223
60,431,3.4746918420073416
60,432,3.3439434887714587
60,433,2.6388551024836513
60,434,3.020144962449321
60,435,2.7329890102726617
60,436,3.1008163201918424
60,437,2.7122926981430098
60,438,2.764995194027945
60,439,4.456905781588
60,440,2.619441772917361
60,441,2.972658512790478
60,442,2.6457875475986
60,443,3.1314794137317796
60,444,2.637935333561835
60,445,2.8267318343866434
60,446,2.791805471851381
60,447,3.128170485225176
60,448,2.6663052349394105
60,449,2.8779996430641943
60,450,2.737643700309587
60,451,2.6376021117676
60,452,2.6567979781016064
60,453,2.6572532929610984
60,454,2.7376129535262135
60,455,3.5399641381986955
60,456,2.8270541495047876
60,457,2.623169179516003
60,458,3.071929913616743
60,459,2.744347174678459
60,460,3.105152520638161
60,461,3.8577116999293906
60,462,2.971050378754544
60,463,3.116893053802501
60,464,2.8664134556302625
60,465,3.1479156659717704
60,466,2.6548876334939795
60,467,2.530319972692605
60,468,2.691207708707842
60,469,2.625692344783265
60,470,2.95446630338581
60,471,2.8350588101238836
60,472,2.789788301135245
60,473,2.7463191313054636
60,474,2.6338495394184194
60,475,2.695875746085209
60,476,2.6373670917923855
60,477,2.8351249901639988
60,478,2.9843420415064306
60,479,2.688945489292916
60,480,2.687324322040988
60,481,3.684095041722535
60,482,2.927420506499001
60,483,3.0460861168881928
60,484,2.6332025617231354
60,485,2.576161144599431
60,486,4.24947377544331
60,487,3.7275550717482613
60,488,2.553352824111386
60,489,3.321999728121048
60,490,2.574748174569918
60,491,2.6149240790769372
60,492,2.579850786946603
60,493,2.931299026019991
60,494,2.5572733430031422
60,495,2.668347087635055
60,496,2.9447771490382846
60,497,2.9642462233751252
60,498,3.327176015012899
60,499,3.445516945619353
70,0,3.5301849269564305
70,1,4.345380119374314
70,2,4.098816931487952
70,3,3.2793278712841434
70,4,2.8482608556808064
70,5,2.705145000057263
70,6,2.8866811280465257
70,7,2.6280258348653778
70,8,3.6161416853237496
70,9,2.653869800656081
70,10,3.2524057690536656
70,11,2.9418593589966378
70,12,2.8831892963439296
70,13,3.2305806761641134
70,14,2.6166832092497354
70,15,3.0553026657894606
70,16,3.416036997600442
70,17,3.6002012542745154
70,18,3.4812525162419625
70,19,2.7900892767630148
70,20,3.4360450112506626
70,21,2.6215158532965477
70,22,2.5506978771941418
70,23,2.860305973765625
70,24,3.1406067317825546
70,25,3.951572974762395
70,26,2.8689677526107205
70,27,2.582220776228608
70,28,3.150375140064841
70,29,3.432219133615115
70,30,2.8793897093870378
70,31,3.5641037259459196
70,32,4.432923003521309
70,33,5.557846648186756
70,34,3.5676767781651835
70,35,4.749637147840438
70,36,4.285742905109631
70,37,3.014273037679324
70,38,2.734724509298663
70,39,3.4758767472865553
70,40,2.5991062078039113
70,41,3.167259142741653
70,42,3.5290220586569947
70,43,2.6643800803819815
70,44,3.1462330419539186
70,45,3.259712666404466
70,46,4.8237430780917325
70,47,3.4682925154413824
70,48,3.0609704026929676
70,49,4.42063771235179
70,50,3.0351276420882085
70,51,4.878378383406339
70,52,2.8397188298273175
70,53,3.913866346623309
70,54,3.221668497394996
70,55,2.666437889968583
70,56,2.751373684138794
70,57,3.078387878515583
70,58,2.7226029924856925
70,59,3.427799742322364
70,60,2.8885169236214683
70,61,2.732518318961704
70,62,2.871481163090063
70,63,4.5556873482720315
70,64,3.346430856875106
70,65,2.916310565136487
70,66,2.848015542003527
70,67,2.8153175257107996
70,68,3.042335912200262
70,69,2.377041110416675
70,70,2.967717277601907
70,71,3.602599547775317
70,72,2.5218367755467685
70,73,3.2858963885257446
70,74,2.688603869175975
70,75,2.5254779485526364
70,76,2.904991558169065
70,77,2.7996856835471324
70,78,3.557078149192321
70,79,2.804591111457254
70,80,3.0794132503573066
70,81,3.7059496926411897
70,82,3.4097827691798224
70,83,2.659670645424494
70,84,3.5133181364213395
70,85,2.6770137482198013
70,86,3.3951016076217493
70,87,2.967920907047107
70,88,3.4318171388856915
70,89,3.4988920341224947
70,90,3.153316321213608
70,91,3.4190370025216
70,92,2.9345572723191293
70,93,2.70368197412532
70,94,2.630673026413289
70,95,2.7247861715612256
70,96,2.8856220380886994
70,97,2.607177097036152
70,98,2.7602567315699824
70,99,3.7077127464204334
70,100,3.408984325725225
70,101,2.6349812951201312
70,102,2.6699587176251844
70,103,2.740951686759722
70,104,2.623688622862183
70,105,2.7281559017179515
70,106,7.044092611872871
70,107,2.559328891406818
70,108,3.5473612470408757
70,109,2.7857128813239225
70,110,2.8745837960413025
70,111,3.028553846028401
70,112,3.134599223355824
70,113,3.596343790058813
70,114,3.0466729475306975
70,115,3.6293752550209875
70,116,2.8831184924780295
70,117,3.408659342312569
70,118,2.8927568777780315
70,119,2.710588960848311
70,120,4.097569775253859
70,121,4.111888389987699
70,122,2.88952144938574
70,123,3.8365601763134025
70,124,3.229432967301534
70,125,2.6111580724291352
70,126,3.2488283138600145
70,127,3.5207531663399583
70,128,3.32296821485276
70,129,3.7664672134499377
70,130,2.8397124910157427
70,131,3.364336375237359
70,132,2.7753508548422183
70,133,2.6876085979968303
70,134,3.4692206178515796
70,135,3.421869314515852
70,136,2.990016369556638
70,137,3.7096113353175233
70,138,2.727297959761433
70,139,2.7168924222999586
70,140,3.5352101304155084
70,141,2.8177874617425567
70,142,3.147391046127863
70,143,3.71841675094221
70,144,2.840481600493406
70,145,3.3004013866791255
70,146,2.6556612578690295
70,147,2.716380663053231
70,148,4.387015029669205
70,149,3.700280103311576
70,150,2.85408632434292
70,151,4.106117375868852
70,152,2.9761337224156086
70,153,3.3345519362649436
70,154,3.438531615820111
70,155,3.012598513401481
70,156,3.435018212760783
70,157,2.7505748489895905
70,158,3.4994034678655956
70,159,3.46758401633211
70,160,2.779742936244409
70,161,2.6759813853759415
70,162,2.7633622330157994
70,163,3.6441024448163533
70,164,2.576141439708874
70,165,2.6334836373696295
70,166,2.682610411798949
70,167,2.611923833187623
70,168,2.7679883017932134
70,169,3.2645915321593932
70,170,3.466804396526871
70,171,2.8996829196924114
70,172,3.0924980734861713
70,173,3.092123731978184
70,174,3.169303608263982
70,175,3.2269779168241257
70,176,2.5868878336271384
70,177,4.530506937081994
70,178,3.2569967030046625
70,179,3.135220146003956
70,180,3.411049302985541
70,181,3.4923649886974872
70,182,2.9437236960230324
70,183,2.824951722764774
70,184,3.747390194251295
70,185,2.8506577723055813
70,186,3.923275085658052
70,187,2.5775597481870607
70,188,2.8827643263380813
70,189,3.05411912200665
70,190,2.826716221113785
70,191,2.915962567829241
70,192,4.190001950315415
70,193,2.736933306510737
70,194,2.7637639423541587
70,195,3.418171505853921
70,196,2.7450711571159028
70,197,5.316202976998014
70,198,3.5285496373814538
70,199,2.819861965291591
70,200,2.8008004132831585
70,201,3.684558472472586
70,202,3.444609501799188
70,203,3.2761778959458314
70,204,2.755900522551825
70,205,2.771305662583977
70,206,2.7140711760378022
70,207,3.3541003381370893
70,208,3.4947417258522675
70,209,2.637268386935191
70,210,3.8728846026698167
70,211,3.609365699911924
70,212,5.703814295394532
70,213,3.1768690304842964
70,214,3.147458255182495
70,215,3.5275537443059846
70,216,2.9376392061039307
70,217,3.14376718124416
70,218,2.5979782951748276
70,219,3.6214156840687006
70,220,2.7049685563899835
70,221,3.608581718633041
70,222,4.505500870070972
70,223,5.145418296982243
70,224,2.656429593181003
70,225,3.328878946623287
70,226,2.8192372932771352
70,227,3.5260336649512496
70,228,2.7618720799439758
70,229,2.9798261055676756
70,230,3.777088335607621
70,231,2.60762280971618
70,232,2.673327974556623
70,233,2.6857744820183216
70,234,2.860606455453605
70,235,2.823814175165467
70,236,2.887963851498753
70,237,3.98202975001426
70,238,4.820410051911173
70,239,3.5833362319424134
70,240,2.73509324877597
70,241,2.7269130162289037
70,242,2.9339566881613766
70,243,3.2156628090852135
70,244,3.1037779069370344
70,245,2.652874480559634
70,246,3.0606533501501607
70,247,2.8511058881298776
70,248,2.8196294804102298
70,249,2.6540576600056256
70,250,3.596914498432239
70,251,3.2146212157749425
70,252,4.1389079737231596
70,253,2.60228926297687
70,254,2.938492876614048
70,255,2.7910256864119263
70,256,2.6449642833569724
70,257,3.450061004358323
70,258,2.8043409680519535
70,259,3.136336864933448
70,260,3.522242193192738
70,261,3.355603136438401
70,262,2.6940452923498195
70,263,4.077796413744174
70,264,3.176238300752206
70,265,2.963145642850042
70,266,3.1562029429831644
70,267,3.3875824236361876
70,268,3.6359231579744127
70,269,3.9657575401756966
70,270,4.2978802918686965
70,271,5.429732119665806
70,272,2.663549208497141
70,273,2.6524321947953124
70,274,3.07247307334904
70,275,4.72106562839824
70,276,2.7321849166726633
70,277,3.0065722384040194
70,278,3.1013085120320674
70,279,3.5170425722881142
70,280,2.860915661345731
70,281,2.5997092505592336
70,282,3.455743258027529
70,283,3.105950639000714
70,284,3.0253164528672087
70,285,2.686352651126379
70,286,2.65511301219931
70,287,3.391251264442455
70,288,2.976051958016151
70,289,3.8158206581813507
70,290,2.790321023773573
70,291,2.582802637316973
70,292,3.9201847936798995
70,293,2.6505915475063713
70,294,2.762217902136143
70,295,3.435722473781395
70,296,3.2835402895639434
70,297,3.4049538644185433
70,298,5.981446801719689
70,299,2.8796736152919324
70,300,4.035280289737741
70,301,2.962005866032713
70,302,2.8267214607051834
70,303,3.4334667254665896
70,304,4.032858787469309
70,305,4.501630210940473
70,306,3.037636444830182
70,307,2.696920623260245
70,308,3.0696392549288314
70,309,3.0710434267727487
70,310,2.654015008748571
70,311,3.0843117616892415
70,312,2.989173116219782
70,313,3.7380452411270784
70,314,2.755155507028166
70,315,2.6650237823488205
70,316,3.199157739968817
70,317,2.8302065831000447
70,318,2.4978264654923747
70,319,2.7065306624481935
70,320,3.44835832697507
70,321,2.942037522907678
70,322,3.2786339659521238
70,323,2.974367250955484
70,324,5.63887340757447
70,325,3.446460280895367
70,326,3.5976138798119304
70,327,2.7512124105053446
70,328,2.624578168902546
70,329,2.6723306523288466
70,330,3.295034907339912
70,331,3.11736967304893
70,332,3.0169985808912525
70,333,3.5660554213111793
70,334,2.918178274335476
70,335,6.078334204979823
70,336,2.4870785173768617
70,337,3.5096507763279825
70,338,3.1147033987969897
70,339,3.9006603030457625
70,340,3.0104385232714646
70,341,3.267555415067405
70,342,2.98574105074786
70,343,2.9504444722601995
70,344,3.63886789747853
70,345,5.124585034869796
70,346,3.4526532215123713
70,347,3.598457611661756
70,348,3.248924548895856
70,349,2.821760282303089
70,350,3.4462128394483105
70,351,3.223771119757159
70,352,3.2476035036623734
70,353,3.0886535678493825
70,354,2.9100835904172353
70,355,7.078844271518245
70,356,3.075620224920227
70,357,3.838322416556176
70,358,4.405785137927601
70,359,2.653895617651602
70,360,3.0745311217972096
70,361,2.6411622974224365
70,362,3.9044589798399225
70,363,2.7000760610057712
70,364,3.3322662064453072
70,365,2.843872868658304
70,366,2.6915410574280534
70,367,3.0836579163137547
70,368,3.2661086808386957
70,369,4.819813032633176
70,370,4.641995745093057
70,371,3.7216235172487457
70,372,2.6844990219707796
70,373,3.516348200949783
70,374,2.6561661209586815
70,375,2.7167829980763187
70,376,2.611784439365382
70,377,2.870519713817937
70,378,3.3433899412159342
70,379,2.878901081459713
70,380,3.7789412436908636
70,381,3.258773575670656
70,382,4.222259396707131
70,383,3.0377347397823535
70,384,2.8451737151121748
70,385,4.13026622380687
70,386,2.851363513380552
70,387,2.7515036817101532
70,388,2.8210611564274686
70,389,2.922782357627178
70,390,4.77339083976378
70,391,3.361859899963616
70,392,3.3138068823629125
70,393,2.629061795030506
70,394,3.451166625615297
70,395,3.9487617304854896
70,396,2.708973186762623
70,397,2.8372312124081107
70,398,2.9339637896439417
70,399,4.233110228276708
70,400,2.7900434499005815
70,401,3.4508620636515106
70,402,2.957814483500168
70,403,2.694487073290473
70,404,3.0932203878951037
70,405,2.6250953655566973
70,406,2.8059852604509836
70,407,3.5729735280462607
70,408,3.9794162363748553
70,409,3.152213503261549
70,410,2.4381690620403056
70,411,3.6457809739747016
70,412,4.233341514483978
70,413,2.7925181810270274
70,414,3.056703439090172
70,415,3.1873627234920443
70,416,3.4298558086370865
70,417,5.301623987164884
70,418,2.4847558822105036
70,419,3.781420371639963
70,420,2.8477592138254586
70,421,4.307248640460308
70,422,2.6710821845836024
70,423,3.165418758615105
70,424,2.8859616301140774
70,425,3.3514892818394917
70,426,3.451438380485547
70,427,2.7220724250829518
70,428,2.5944478861173668
70,429,3.528022818959739
70,430,4.554887166767799
70,431,3.1735258924440206
70,432,5.045274491069701
70,433,3.0317054833393215
70,434,4.006031976525057
70,435,2.895195877215371
70,436,2.7657311001908043
70,437,3.9352572237150443
70,438,2.840022068339736
70,439,2.8381624643675343
70,440,3.5884581008882277
70,441,2.645661508830431
70,442,3.718953210735216
70,443,3.1028292850936365
70,444,2.7476327969874177
70,445,3.584713581895981
70,446,2.748598130085781
70,447,2.6310083233224115
70,448,2.8215185273222962
70,449,3.5414148382826394
70,450,3.6135080255317216
70,451,2.592661635870761
70,452,4.259054010122961
70,453,2.948101931313376
70,454,3.44495140396902
70,455,4.39998554268627
70,456,5.006393733705337
70,457,5.339048909133535
70,458,2.689319291736878
70,459,3.442250680545985
70,460,2.6278551535930617
70,461,3.053670658605788
70,462,3.0891697345188676
70,463,4.541869813063201
70,464,2.7471928311745764
70,465,2.6834410627904055
70,466,2.651244530593882
70,467,2.7785357395181656
70,468,2.6103732750838753
70,469,3.074238577133281
70,470,3.4358880688982008
70,471,3.3461930522801144
70,472,3.092159808898467
70,473,3.3425814800424676
70,474,4.015378571873887
70,475,2.54695372231854
70,476,2.595312363465027
70,477,2.9903134444628767
70,478,3.8037654446226843
70,479,3.514570809554164
70,480,2.586238650977517
70,481,3.2518014113049336
70,482,2.7436629197093705
70,483,3.955735717904987
70,484,2.5285257889612303
70,485,2.7618131561346937
70,486,2.668020499195127
70,487,2.675250992285673
70,488,3.4739875630562667
70,489,2.8176971039348953
70,490,2.731261254776036
70,491,3.7480258970908897
70,492,2.6966153764820535
70,493,2.984666190838944
70,494,2.867577517545378
70,495,2.720876744777346
70,496,4.293725920056796
70,497,2.867441465892465
70,498,3.1893727476424054
70,499,4.859813829720781
80,0,6.682000679315302
80,1,3.5271718436361743
80,2,2.499817546592695
80,3,2.9087705140550697
80,4,3.31417540163504
80,5,4.031082754186571
80,6,6.940550375084551
80,7,7.100779109070469
80,8,4.288710642891398
80,9,4.6501517610603615
80,10,2.533800478743764
80,11,4.237367910057699
80,12,4.4085398584980595
80,13,4.2451202841698
80,14,3.744457727049623
80,15,3.645491130567738
80,16,3.9927599064384616
80,17,6.917389905206918
80,18,3.4430651776157264
80,19,6.549947899638066
80,20,4.6778113290048795
80,21,3.7985996895496466
80,22,4.122323964459127
80,23,7.133705648130529
80,24,3.2371713447551107
80,25,2.8452262236326256
80,26,3.893447684905794
80,27,4.902501101863894
80,28,4.593352833256431
80,29,4.783796261818417
80,30,3.2619763387792924
80,31,5.301641508770412
80,32,5.0960922204016414
80,33,3.6966746984600176
80,34,2.763360860021687
80,35,2.732315840747072
80,36,4.840187710622571
80,37,4.001371298224824
80,38,4.126809380859148
80,39,2.9598683480725043
80,40,3.388863348765927
80,41,5.5569612771414265
80,42,4.4331386469103435
80,43,2.661320206977507
80,44,4.579327144842384
80,45,3.133308299565705
80,46,2.7609059112214123
80,47,4.635983342517773
80,48,2.9940394251428977
80,49,2.688804382159106
80,50,6.547466464875146
80,51,3.2078861278682984
80,52,2.980680490387651
80,53,2.7332660582664787
80,54,3.600903443060921
80,55,2.7559967125718865
80,56,8.215867445061292
80,57,2.9192165985065337
80,58,4.317972264265291
80,59,3.269645933974919
80,60,7.834724584189193
80,61,5.621525027758958
80,62,2.668008079663929
80,63,2.9464244164663764
80,64,3.694642414346592
80,65,2.709125933828382
80,66,6.830839267928439
80,67,2.537503286514842
80,68,2.7683174431168434
80,69,3.605903449400962
80,70,5.991141071611675
80,71,2.9578255812061305
80,72,2.988013496611482
80,73,3.475113092857514
80,74,6.529426071691177
80,75,3.525436546148382
80,76,3.014852051384045
80,77,2.596973400575637
80,78,4.415374740034547
80,79,4.905056317099699
80,80,3.0172558250581347
80,81,3.553426856852756
80,82,4.019714010332449
80,83,3.3448353645547733
80,84,3.5915502310300904
80,85,4.084172990864461
80,86,4.288205027077522
80,87,3.5375076653245467
80,88,3.3124142285918095
80,89,3.121029014136565
80,90,4.787528407804983
80,91,6.386617474666394
80,92,3.3837865670325185
80,93,3.330781207886522
80,94,10.220712521182081
80,95,4.802647060215882
80,96,2.7637575239224006
80,97,3.106130341428415
80,98,2.674127674940211
80,99,5.624230366977981
80,100,2.583808465786299
80,101,2.728297232882451
80,102,5.433889733522125
80,103,2.708063940307257
80,104,3.5289994513711673
80,105,6.7312414611996925
80,106,3.758017697140492
80,107,2.7539875795267084
80,108,4.186950743245091
80,109,2.6155781245933083
80,110,3.5966147295605686
80,111,3.416569760526418
80,112,7.913818565743148
80,113,3.975517607937349
80,114,5.052814940474354
80,115,2.814723096372136
80,116,4.4674883834785994
80,117,5.892591874065464
80,118,3.5144939195047455
80,119,2.7586054877797994
80,120,2.661672320312392
80,121,5.082760290730356
80,122,2.692827130952603
80,123,2.5642119710772127
80,124,3.347658826553734
80,125,7.242413096587097
80,126,4.023758469753598
80,127,5.197130215255751
80,128,6.117732462642319
80,129,2.823330644670837
80,130,3.1539737149476195
80,131,2.859290465058342
80,132,11.783067781734639
80,133,2.9920981794681807
80,134,3.4184472876184295
80,135,2.654754330431079
80,136,4.641708880291702
80,137,3.1684879470191456
80,138,4.0370147324911025
80,139,3.58016157908477
80,140,2.698090397750168
80,141,4.493347606539738
80,142,3.1310006077768238
80,143,3.5775678760865763
80,144,3.1943721765143827
80,145,4.879155696521285
80,146,4.395077266281502
80,147,3.2440853490870967
80,148,3.186099147763515
80,149,3.4269402634481443
80,150,5.467098368802403
80,151,3.3017437180825526
80,152,3.9672184179717096
80,153,4.38248735497841
80,154,5.145919474276174
80,155,3.373802370437632
80,156,3.1727242610125694
80,157,10.030117556569012
80,158,3.24942035299162
80,159,3.3245342538116445
80,160,3.67037589002667
80,161,3.775753415549652
80,162,3.998656379920375
80,163,4.5877913747447145
80,164,3.8290903926250164
80,165,3.061625181755534
80,166,2.811082333634944
80,167,9.51842974610681
80,168,3.7245967425896565
80,169,3.4663564191380916
80,170,4.111187226570867
80,171,5.199475792149789
80,172,4.11611154774731
80,173,4.943766091432335
80,174,3.538113314635444
80,175,7.764138288439139
80,176,3.948297322507768
80,177,7.112706294203781
80,178,7.846412026870296
80,179,3.380325103497142
80,180,3.478156457117324
80,181,2.5219685331573447
80,182,9.480677872337436
80,183,2.5865671087286763
80,184,4.826403230429083
80,185,3.472993824623782
80,186,2.5351128516205375
80,187,3.418257028843519
80,188,3.95166174684258
80,189,5.144164508128334
80,190,4.056182271725067
80,191,2.601352443817194
80,192,2.682082588572689
80,193,3.0116160942569277
80,194,2.6902101339056537
80,195,4.205741991811589
80,196,3.0975399995793294
80,197,3.6731839984513956
80,198,3.5087207831488403
80,199,4.274748660191933
80,200,2.751558345143659
80,201,2.707850375314007
80,202,3.108154273737102
80,203,3.7233581099448703
80,204,7.905664379343156
80,205,5.07834328042843
80,206,6.2403677031525095
80,207,2.828191922859924
80,208,2.8297808737978647
80,209,4.428049204524102
80,210,2.606864471295189
80,211,4.421332638697588
80,212,2.7186997397676893
80,213,4.685797658811002
80,214,5.598835755946401
80,215,7.177469126107379
80,216,5.678051398526032
80,217,3.875863111539884
80,218,3.0678718484938927
80,219,2.6494799936484004
80,220,2.5825157921273165
80,221,2.839110876253597
80,222,3.0809661646841615
80,223,4.9648575312440855
80,224,3.999007192530155
80,225,2.5974884492533366
80,226,3.5735614345136155
80,227,5.5141189209616295
80,228,5.6547164462261295
80,229,10.203294494626354
80,230,2.7927280102598457
80,231,3.47577790633257
80,232,5.402259551925163
80,233,2.957625491201456
80,234,4.451187124364391
80,235,3.638458835236393
80,236,4.317279193157335
80,237,3.979189860493159
80,238,4.474179631862509
80,239,6.384631213945362
80,240,2.7112336085386786
80,241,3.5105644874685975
80,242,4.474013486758095
80,243,6.1360351582636286
80,244,4.071546872756963
80,245,3.5512688795357303
80,246,3.167064942125762
80,247,3.112863027830038
80,248,5.258515328857541
80,249,2.810839846984322
80,250,2.561481147897064
80,251,2.873146365659206
80,252,3.5899573528490056
80,253,3.1933917935752554
80,254,3.2915481677840477
80,255,2.4682254647336017
80,256,2.736701074272389
80,257,4.59945122487233
80,258,3.38892791126163
80,259,2.832346255709188
80,260,2.9434029665054213
80,261,2.9738489176232075
80,262,2.6509876073477088
80,263,2.664374706003908
80,264,3.8427549092253823
80,265,4.956390598904311
80,266,2.7892005205747354
80,267,3.25224120869507
80,268,3.1505274878850327
80,269,3.211634877500741
80,270,2.9142967943106153
80,271,6.92208678667527
80,272,2.903659144754212
80,273,3.807464342231383
80,274,2.5645496812136828
80,275,7.075780507330833
80,276,3.1506247318625746
80,277,7.618469221122963
80,278,3.181169577303627
80,279,4.318256213052943
80,280,3.321567730104725
80,281,2.749390110616005
80,282,2.880174099983801
80,283,2.7793853764354353
80,284,3.9003806365979266
80,285,5.924374335256047
80,286,5.494309371449528
80,287,6.569174457417547
80,288,3.4143080660511576
80,289,3.206837011714573
80,290,4.032176042999933
80,291,6.178425109255411
80,292,2.6066025551888146
80,293,3.759221952165721
80,294,4.098931474139415
80,295,3.04281260454884
80,296,2.7089732287290755
80,297,3.005615955107826
80,298,3.6198773211702227
80,299,2.7401077133720473
80,300,3.522239400357862
80,301,3.9147454514337716
80,302,3.312782123823057
80,303,3.02095857879156
80,304,4.465992843585629
80,305,3.50137423009716
80,306,2.870459587199734
80,307,3.9091030009356293
80,308,9.760855440648724
80,309,5.999419378174685
80,310,2.9190431314528595
80,311,10.146712817049702
80,312,5.338363939926498
80,313,2.8184323032287164
80,314,9.00654495178261
80,315,2.532139115775714
80,316,4.201718529456291
80,317,4.052955557984149
80,318,3.0944480385146598
80,319,5.124945034880407
80,320,2.977581315702374
80,321,2.9185581393250213
80,322,3.4086065587316026
80,323,3.5860667156282795
80,324,3.7542884764674773
80,325,4.181013075820544
80,326,2.7541859289683406
80,327,4.262210320252232
80,328,3.0120361609468
80,329,2.832833365535411
80,330,4.781042132648478
80,331,2.670838528222171
80,332,3.7944819926758684
80,333,6.044633428569871
80,334,3.9692267703876
80,335,3.5728245686257485
80,336,4.274310291974372
80,337,2.7707205614495556
80,338,5.001560000812363
80,339,3.0508691250155366
80,340,3.367323222638408
80,341,6.225317356550042
80,342,4.920517659863996
80,343,4.835865322051453
80,344,2.7550493706286034
80,345,2.628314511405524
80,346,3.581527365636605
80,347,2.665320091263028
80,348,4.328479602053921
80,349,3.757239391706898
80,350,2.7149979364714114
80,351,3.729112543033953
80,352,3.095185422049851
80,353,4.938138941693861
80,354,3.418403931767517
80,355,3.012307566229872
80,356,2.558569398923825
80,357,3.3927419469580298
80,358,3.666395394782434
80,359,3.610625511821086
80,360,8.312485297581558
80,361,2.619895650241226
80,362,2.995623229739779
80,363,2.7509917300424402
80,364,3.0216476614810728
80,365,2.9510624515222363
80,366,3.0706598312561564
80,367,2.7480517612565527
80,368,3.760122100938856
80,369,2.6453466992505024
80,370,3.339997022546426
80,371,6.532851502814765
80,372,5.443084834232949
80,373,2.5992580468458164
80,374,3.47701019035003
80,375,4.386785857987243
80,376,3.778378033945536
80,377,4.756146762782778
80,378,2.807219613435243
80,379,2.908302987740786
80,380,2.874302466492716
80,381,2.7817202162437153
80,382,3.185762943223281
80,383,3.455877467375077
80,384,3.328290994713899
80,385,2.6632186427558127
80,386,3.34675269628206
80,387,3.291496685216848
80,388,5.838460489746339
80,389,3.221647168470411
80,390,3.11624597408014
80,391,2.632228658872027
80,392,3.649759513027574
80,393,5.287646857480273
80,394,3.8730154172535487
80,395,4.462803470961915
80,396,3.822220512945188
80,397,3.0192966067907427
80,398,2.646793148091124
80,399,2.744114730299687
80,400,2.8535012290729718
80,401,5.508024280699218
80,402,2.639020190583034
80,403,3.1978309134724987
80,404,2.680057886009446
80,405,2.599248963451218
80,406,3.0935330622984445
80,407,3.311234535323906
80,408,4.411992891633765
80,409,3.4781259445227506
80,410,3.0666007659832206
80,411,2.5046743383469883
80,412,5.18695487417192
80,413,4.851839532787274
80,414,3.1785989011764024
80,415,3.8662220201817745
80,416,9.500780082759304
80,417,3.3290755905884017
80,418,4.52982546494248
80,419,2.9264257681469643
80,420,2.7986708395781434
80,421,3.066474215406287
80,422,3.0411884699484584
80,423,2.938213901144329
80,424,2.8665568409781814
80,425,5.020697176024367
80,426,3.0271212398640808
80,427,3.3639257878239013
80,428,2.825763276377319
80,429,3.008102699526344
80,430,2.853546606223173
80,431,6.687709467394666
80,432,6.47872112975689
80,433,4.0135754141160955
80,434,3.0808425213134263
80,435,2.615179270215937
80,436,3.473518333624669
80,437,3.897443330475179
80,438,5.478194494464378
80,439,4.096460200303646
80,440,4.344428319521479
80,441,4.233228948172268
80,442,2.8215869468444144
80,443,8.581819595588362
80,444,3.49769932041925
80,445,4.181364374620258
80,446,6.6344189524932515
80,447,3.2598415210691245
80,448,3.71479606001717
80,449,2.6676789327055057
80,450,3.50029863189682
80,451,4.729517892673276
80,452,7.260114461043226
80,453,3.176106631330496
80,454,2.730477168930725
80,455,2.6545605658992946
80,456,2.869657887425223
80,457,4.922917633235508
80,458,3.818143687021306
80,459,3.3800873833712157
80,460,2.8952609521900112
80,461,2.949151612170439
80,462,3.512162209254837
80,463,4.5561637758241655
80,464,3.8460347390193066
80,465,3.706444069847437
80,466,5.931302078131668
80,467,2.771115538594923
80,468,3.8144214162621815
80,469,4.264336317511766
80,470,4.096686377962516
80,471,7.720771276892286
80,472,3.360375321296878
80,473,2.901945003726779
80,474,2.879504530539621
80,475,6.816293391203647
80,476,2.7644794260795966
80,477,2.6791593623825314
80,478,2.8616173167395744
80,479,7.231588519901766
80,480,3.3582602383324094
80,481,3.7461037183732553
80,482,6.408645357602875
80,483,2.84524297106058
80,484,4.0864268402336545
80,485,2.6775931941931392
80,486,3.3563384116579704
80,487,3.690511050530219
80,488,3.629333995029698
80,489,2.987390379911791
80,490,4.824053879865121
80,491,2.5347360279190747
80,492,3.785853760638832
80,493,3.713393861828143
80,494,3.1945770471470265
80,495,6.617382545833837
80,496,4.384698593748653
80,497,3.7171222916932174
80,498,3.8489812016669043
80,499,3.4205995208503572
90,0,7.548438883906319
90,1,3.310585990827065
90,2,6.832464326301949
90,3,12.577571675518827
90,4,9.712608535566025
90,5,3.1121202057362938
90,6,8.392922736866012
90,7,9.86041863405727
90,8,3.4302142152764397
90,9,12.620872860053895
90,10,12.248960543576995
90,11,6.242753796523295
90,12,4.804578505840893
90,13,3.7687489855857788
90,14,8.739365475354477
90,15,6.318939602950861
90,16,7.253236593082948
90,17,3.2929286072620068
90,18,2.6999772389521133
90,19,21.94510907146531
90,20,6.448961461094815
90,21,2.8068721378325034
90,22,15.320647475388997
90,23,4.441789707451282
90,24,7.202765771346142
90,25,8.554902809164581
90,26,14.401299470740485
90,27,3.76294877449045
90,28,3.1889613487554582
90,29,3.930539919915963
90,30,3.0829986573114083
90,31,3.08576046721977
90,32,2.8521002247259184
90,33,4.331602190578879
90,34,4.1618152600675025
90,35,2.5564066799040024
90,36,21.501017476973484
90,37,3.161509654713698
90,38,18.05121642753621
90,39,3.1640971993343627
90,40,3.552251868302338
90,41,14.262157167070631
90,42,8.139496819504588
90,43,10.88554168637977
90,44,12.97259682308816
90,45,2.6928246316629973
90,46,8.334419306157402
90,47,9.974345532153006
90,48,11.694551498203218
90,49,17.91179989409057
90,50,13.145859651489474
90,51,4.882097414582125
90,52,5.85523584307695
90,53,9.26277701278152
90,54,8.41608015506018
90,55,2.7086857535590694
90,56,5.824356939608547
90,57,8.378527127580949
90,58,9.463104183365624
90,59,2.644741782101778
90,60,2.6125210345987346
90,61,8.53536233904651
90,62,4.637978336594974
90,63,10.090697992511732
90,64,6.582815999734073
90,65,6.584064547324748
90,66,4.289273411943205
90,67,21.206235608451955
90,68,3.2197861397730363
90,69,10.30999674399469
90,70,9.135608004774113
90,71,2.7572153978849756
90,72,12.803560997974177
90,73,12.454237228267832
90,74,4.767859874882752
90,75,2.7938033763665304
90,76,6.226225162239092
90,77,4.059697811228735
90,78,13.368145778920006
90,79,13.174954041459815
90,80,3.0577405659163093
90,81,5.876544370381816
90,82,4.1471672053895405
90,83,15.51262987090663
90,84,6.10261310412785
90,85,15.540983543229594
90,86,4.377685198762989
90,87,14.457652764873533
90,88,5.040198395102403
90,89,14.075435351344687
90,90,5.504187116377472
90,91,4.942752757906425
90,92,3.342864108727511
90,93,15.477581214608302
90,94,7.106164283854327
90,95,2.902034294375649
90,96,6.875003884826281
90,97,10.233476211908433
90,98,2.7628828197560584
90,99,6.647447206507571
90,100,11.461203952187434
90,101,15.377721067125139
90,102,3.3622222569215827
90,103,2.695169125921244
90,104,11.064950662821344
90,105,2.8736837111692477
90,106,4.107697586125035
90,107,2.7822225486714416
90,108,4.123150714864958
90,109,3.45935832525051
90,110,14.43986218781608
90,111,5.6566917038921
90,112,13.810948483426303
90,113,13.569685203873963
90,114,15.795531727208834
90,115,3.7693307547196735
90,116,6.542062748060445
90,117,13.15118524766434
90,118,5.302647920739257
90,119,4.440591673877866
90,120,5.632125574643738
90,121,13.313608740970961
90,122,7.574089136695449
90,123,8.112888587772117
90,124,5.402205367887938
90,125,15.687245614358066
90,126,8.587920070459885
90,127,2.6608017102176453
90,128,3.1926311191285217
90,129,5.40001885851121
90,130,8.291792699369676
90,131,2.757474137471521
90,132,3.972756236986813
90,133,7.718169840552254
90,134,4.144681325275053
90,135,2.809454894027052
90,136,8.429977382542779
90,137,18.23876568802
90,138,5.423383107110764
90,139,5.038465025369502
90,140,5.093176256387972
90,141,9.606717825861551
90,142,5.124676338280222
90,143,3.7066032058636864
90,144,8.008762041687403
90,145,2.6466701230781995
90,146,15.330211482941571
90,147,7.951607382068178
90,148,7.63445333151371
90,149,14.215632350533944
90,150,8.284307193203102
90,151,17.646322388979236
90,152,6.020072726434337
90,153,5.089850292035441
90,154,6.579763808064208
90,155,4.371287294185547
90,156,2.983939319639368
90,157,5.29288955223408
90,158,4.929061399301006
90,159,15.459299576556985
90,160,4.941906913844319
90,161,5.635870862004398
90,162,5.6563844895768876
90,163,5.134040372349808
90,164,7.210948174726943
90,165,11.294921381793845
90,166,8.772540215332272
90,167,4.158173496622287
90,168,11.607113589598859
90,169,8.024377686806812
90,170,4.2595673596204655
90,171,6.371689340338952
90,172,15.055269772118708
90,173,4.260816491281415
90,174,7.175365481269995
90,175,3.332914188637782
90,176,6.018226706852411
90,177,12.767406688753486
90,178,4.562719686060716
90,179,6.329077835112489
90,180,3.9683539097543967
90,181,12.197826806636552
90,182,3.5168020321803666
90,183,12.447609834666919
90,184,3.350807169877638
90,185,3.7590589149722238
90,186,8.82869040024619
90,187,10.584757320300554
90,188,7.9485733130241
90,189,10.000413296316006
90,190,3.2124399276832913
90,191,3.2451086801198357
90,192,22.286277096709185
90,193,7.16385058232094
90,194,6.30037807053684
90,195,2.8756888001915946
90,196,2.85214746246365
90,197,5.3655505205482505
90,198,8.863251782191309
90,199,4.8918397233775845
90,200,3.4721454150628053
90,201,15.774360232940701
90,202,5.320532311273359
90,203,21.03536238652422
90,204,13.072330018445356
90,205,8.70065483016653
90,206,2.95622524558643
90,207,3.0980034737004254
90,208,4.748626835627421
90,209,4.668990231025334
90,210,5.103544092554919
90,211,5.036312312016744
90,212,7.5551833699048085
90,213,11.379935664391464
90,214,7.941700805759747
90,215,11.666144248140334
90,216,3.0449067895055815
90,217,10.93706429277576
90,218,6.698897344146412
90,219,6.4915506611430756
90,220,9.793729870527477
90,221,4.065264910209106
90,222,2.9431803064889897
90,223,4.308514085930997
90,224,8.005456418241137
90,225,5.535229316281147
90,226,3.203745769194387
90,227,8.844528010232269
90,228,2.625587227401272
90,229,2.601085324710673
90,230,5.83303080893784
90,231,20.59552823665696
90,232,12.04273288595332
90,233,8.336162975338029
90,234,10.05009733731203
90,235,2.660154776133086
90,236,21.30324278588068
90,237,8.543625840047325
90,238,7.22849600361134
90,239,3.755627775251196
90,240,8.290471542616894
90,241,3.372674603303468
90,242,5.5225438565466485
90,243,11.29342047270906
90,244,3.2125325279590387
90,245,3.4295805195893605
90,246,7.540000477581425
90,247,5.337965715816308
90,248,4.522008908389441
90,249,7.01322483703828
90,250,5.011506310051435
90,251,4.960654900165355
90,252,10.150107498462344
90,253,8.824804807134194
90,254,6.683932585749666
90,255,15.284917250949523
90,256,9.889944267192785
90,257,6.60965646771452
90,258,11.757632342135627
90,259,13.179202357000666
90,260,4.82211399135047
90,261,11.118201571576105
90,262,11.79319165729671
90,263,4.189379250598485
90,264,8.616649775591378
90,265,9.754542564759669
90,266,6.242340177613208
90,267,9.815202640520575
90,268,6.364955367149813
90,269,4.759353685927078
90,270,3.2480826841481703
90,271,3.499392830913469
90,272,8.493682829097308
90,273,5.530121915885796
90,274,2.924898034836893
90,275,8.26240944952318
90,276,4.9506302934495965
90,277,8.626409105443832
90,278,4.580685940451356
90,279,5.709146685077757
90,280,14.088973794834732
90,281,7.042697450341903
90,282,11.835943718714816
90,283,3.4151332306931597
90,284,11.376415690566928
90,285,12.713766776864018
90,286,8.463307006187481
90,287,2.8442909319773544
90,288,5.957210070247256
90,289,5.761973312822384
90,290,6.123119260184113
90,291,3.0194066155879593
90,292,4.617791513485257
90,293,10.506514833534428
90,294,6.129523282622576
90,295,10.850634298195562
90,296,5.913201328013558
90,297,5.70047138219877
90,298,3.6590977734017036
90,299,12.701628396574675
90,300,2.4453715242641385
90,301,8.837804702313914
90,302,5.577375470279537
90,303,6.552276378549078
90,304,16.841962738902748
90,305,4.588083091466953
90,306,3.7479187474725
90,307,4.882788010925882
90,308,11.648959865986534
90,309,9.73311354224578
90,310,4.052689134055409
90,311,7.376614409664841
90,312,3.1709316724742895
90,313,3.343444190059739
90,314,7.638718643320823
90,315,8.673302043481893
90,316,9.214175651999936
90,317,3.403198907278647
90,318,16.063866541072215
90,319,13.766611879006023
90,320,2.6980841030247293
90,321,6.842905854718274
90,322,12.008261603226751
90,323,12.460222047848362
90,324,2.829433302270166
90,325,3.1298578544365987
90,326,23.252153855837978
90,327,3.8125231327201017
90,328,34.985510967041606
90,329,3.0025759873265905
90,330,4.962983410931492
90,331,8.544966796835068
90,332,6.233523460691455
90,333,20.742530814286244
90,334,12.689382792276643
90,335,3.213942369374145
90,336,8.952971327007663
90,337,14.080440128955127
90,338,6.143928090036499
90,339,12.491196882704974
90,340,2.6976291445513607
90,341,11.846671035680778
90,342,3.8853699964246364
90,343,9.370799142470243
90,344,6.215462777804879
90,345,2.735463390600185
90,346,4.7055469272754555
90,347,3.4456229935344593
90,348,5.799075800679635
90,349,19.133940358973025
90,350,9.978262522157078
90,351,11.540529325640588
90,352,2.780067774579447
90,353,9.741448779618722
90,354,3.3784226275095883
90,355,19.524191634295473
90,356,3.043922267162062
90,357,3.025884125158762
90,358,9.906779449501489
90,359,2.771857715458723
90,360,4.2586059704506845
90,361,8.791166310872947
90,362,6.2830541530101245
90,363,23.61350916893662
90,364,4.36335231791389
90,365,10.669472191352273
90,366,5.724309039657018
90,367,5.545810168684518
90,368,2.983159042647457
90,369,9.951853266812885
90,370,4.5058981202290225
90,371,3.7990362395618593
90,372,5.3871467485301565
90,373,3.3472916959656973
90,374,19.99569519094202
90,375,6.1853519830843195
90,376,8.298755309020443
90,377,13.431485926993986
90,378,8.283701273983125
90,379,7.65347175976073
90,380,12.791832902052256
90,381,8.62848206091395
90,382,5.26191552021242
90,383,5.826740660295847
90,384,4.401459700927333
90,385,10.290315726856612
90,386,3.0571997740259875
90,387,3.6268826363199627
90,388,12.91757102332587
90,389,6.586007292479528
90,390,12.497517902612872
90,391,7.188975428605762
90,392,6.9619943505609605
90,393,3.140628637675388
90,394,3.046481698038963
90,395,13.945451920637174
90,396,9.022552300001333
90,397,4.415411748438563
90,398,2.583772408491893
90,399,14.118959845634725
90,400,5.732175057670312
90,401,2.8358396159236223
90,402,9.824058554766518
90,403,2.560846303159353
90,404,3.3460500535191815
90,405,11.992455737079169
90,406,5.707665910865106
90,407,10.296297212713226
90,408,12.616423475276804
90,409,5.857618425318156
90,410,4.3718191277460265
90,411,5.8208963500775175
90,412,5.877840315002335
90,413,2.8664133992081324
90,414,32.71497786564764
90,415,6.518233269338822
90,416,9.922441078055268
90,417,3.340322684299491
90,418,5.169873547403555
90,419,13.62118591067916
90,420,11.742097563139213
90,421,4.192344987173996
90,422,16.142669568981457
90,423,4.4116664656070395
90,424,4.950836783977301
90,425,3.1817651454041798
90,426,9.146536859356722
90,427,4.247346108920238
90,428,6.479917022576259
90,429,3.296024591238376
90,430,13.784394391164438
90,431,3.474104689911329
90,432,4.922182647580399
90,433,2.761564256317218
90,434,4.742010380030438
90,435,6.603775115490114
90,436,33.32017276332832
90,437,6.476012456481993
90,438,4.027536768080801
90,439,15.155301143978457
90,440,6.415240080841108
90,441,12.802122159024702
90,442,11.209985593072288
90,443,10.98477159668367
90,444,6.668074131306251
90,445,10.617251680713201
90,446,5.181136875999049
90,447,3.4408115010851086
90,448,3.530284656115342
90,449,6.3920179060125815
90,450,8.878628800436283
90,451,5.62284625148255
90,452,3.5844464158172085
90,453,7.988186909637947
90,454,5.158416169003795
90,455,3.1527747499362158
90,456,2.801111274962054
90,457,5.379006015781697
90,458,15.761657031252609
90,459,6.6792790757244385
90,460,7.2881823814607944
90,461,5.270834613793084
90,462,3.0121526114507224
90,463,6.79445302537173
90,464,6.90353394902383
90,465,8.90441210138551
90,466,3.0738106985211773
90,467,7.005819392672498
90,468,5.047243417238229
90,469,4.296389597326877
90,470,5.212827249993387
90,471,4.58609782213845
90,472,14.975441581457456
90,473,6.310233862900448
90,474,9.096084704339578
90,475,5.606832503770048
90,476,4.948137427245878
90,477,2.5162263194825782
90,478,15.515122458450948
90,479,5.0386741581621255
90,480,14.10003298057035
90,481,6.049027885161549
90,482,3.369477296934602
90,483,6.975673762135136
90,484,6.146379461435938
90,485,5.319475803173881
90,486,7.225851586652308
90,487,7.58096514913002
90,488,5.095998484570498
90,489,2.657191995390917
90,490,2.6592676002640583
90,491,8.15221510784079
90,492,11.468615976762196
90,493,4.050975961260431
90,494,11.042397663485632
90,495,5.880816636152689
90,496,2.653616077632235
90,497,4.656338743890998
90,498,16.270847636970792
90,499,4.0783039958441005
100,0,11.580273737881734
100,1,16.54869910562529
100,2,5.264543732151583
100,3,3.5235736165460434
100,4,12.205578780948159
100,5,3.48139167989201
100,6,12.556284767173281
100,7,7.506689806513772
100,8,2.8078235613688878
100,9,8.940002384367423
100,10,3.301937997258452
100,11,20.935496817809554
100,12,9.605104279435821
100,13,3.5855292485452606
100,14,8.958326819545364
100,15,11.624074465755394
100,16,14.728938866026503
100,17,3.487784193748787
100,18,11.349426011690133
100,19,20.350778616240923
100,20,10.055777892963457
100,21,7.884359728589986
100,22,4.450988696336915
100,23,5.07289388988734
100,24,3.2086394068186737
100,25,5.515464410967407
100,26,5.991578884219771
100,27,8.810138223012581
100,28,2.679042581214484
100,29,3.0685596908818145
100,30,3.721823615460027
100,31,2.755697640592253
100,32,10.773649569049358
100,33,9.842346902130915
100,34,3.8807042986865063
100,35,5.007251508851558
100,36,4.8768932962599365
100,37,9.38305621267217
100,38,4.355719921627084
100,39,2.8221586343846283
100,40,4.599337270119439
100,41,4.503293391998671
100,42,12.426076827771192
100,43,3.771784799915662
100,44,3.2727814755995177
100,45,3.5985684984650987
100,46,4.2223054730040275
100,47,7.771810923568563
100,48,9.77512371293284
100,49,6.882871253570681
100,50,19.42492941652104
100,51,2.7239399156749102
100,52,7.531150595365473
100,53,5.251292017643416
100,54,10.477387150224825
100,55,7.759494982511673
100,56,12.728699785917936
100,57,2.609331966966944
100,58,5.29772658192529
100,59,13.161419577229832
100,60,7.94685167424656
100,61,3.0500530636374528
100,62,9.842688181174275
100,63,6.2213467374831835
100,64,2.711577357374154
100,65,10.191610810416957
100,66,2.960395332795965
100,67,6.565673272189312
100,68,7.596814745336993
100,69,3.6709494791795896
100,70,5.838654758325675
100,71,10.685212607049362
100,72,9.310422761852157
100,73,14.566429193325744
100,74,13.060090163082668
100,75,11.170029042654104
100,76,5.386630865517703
100,77,7.364749715820669
100,78,10.08960413292569
100,79,3.1419432792716884
100,80,6.504613958960063
100,81,2.703432814077535
100,82,6.997636671444406
100,83,19.563497962316394
100,84,8.210145385968307
100,85,18.31081114715736
100,86,7.447540174956083
100,87,2.7688587961011195
100,88,18.655732225527434
100,89,2.8938801795224354
100,90,3.8220743750566184
100,91,3.295256120700203
100,92,12.637949707535837
100,93,3.4892692344582232
100,94,3.759043905798291
100,95,3.7231047189835627
100,96,8.68624994210239
100,97,20.724262191472153
100,98,3.5324005481656338
100,99,4.4226107106566275
100,100,6.480185629524862
100,101,3.6098860585039256
100,102,3.353751485520722
100,103,9.574333993662806
100,104,9.40864575931867
100,105,3.672159119647998
100,106,6.392400448262756
100,107,2.864680624719973
100,108,9.030598439395137
100,109,12.536596971727821
100,110,9.61943981224543
100,111,4.368062845834983
100,112,14.036710685267332
100,113,5.146019154438716
100,114,10.08191424583463
100,115,6.079729924413498
100,116,4.561890747191547
100,117,17.91545754552142
100,118,3.850679178863879
100,119,3.4716738217333405
100,120,2.6081954947901322
100,121,3.56717333093256
100,122,3.0920035775922243
100,123,4.867594145538921
100,124,2.9534376418729953
100,125,5.082414893242422
100,126,8.180958794484425
100,127,10.196387313279148
100,128,14.611083887175072
100,129,10.270276352729253
100,130,4.585486631189131
100,131,2.8926219879347443
100,132,23.507063679954342
100,133,5.314964440446361
100,134,11.555863674055697
100,135,3.0031073418736023
100,136,3.6447127357309803
100,137,7.389241184744829
100,138,11.868724375379404
100,139,6.022604793028907
100,140,2.5568872528018782
100,141,8.878709043108481
100,142,4.843838337976132
100,143,7.107557876305484
100,144,5.324973811180924
100,145,4.168173225927467
100,146,17.409761033807687
100,147,5.957598079164865
100,148,4.250118696818719
100,149,5.184255217237325
100,150,7.903514336596375
100,151,13.240195810896786
100,152,3.7588287561089895
100,153,2.5902331124564446
100,154,3.6040876402128728
100,155,26.78138523968188
100,156,10.01001956749838
100,157,8.92684844697649
100,158,3.840433579370092
100,159,14.002285655409711
100,160,5.445197876532293
100,161,5.898414626126501
100,162,11.91862411799573
100,163,6.887507210242862
100,164,5.631691556061009
100,165,4.640764646130249
100,166,5.503590015193436
100,167,3.7206299314478932
100,168,13.403856072925603
100,169,4.2489164358571685
100,170,3.2894211786668786
100,171,14.024248968120167
100,172,4.063121714756291
100,173,4.246058468207128
100,174,3.2162310857820287
100,175,5.866950029429181
100,176,8.872790098326778
100,177,3.291638813798028
100,178,9.779424221145845
100,179,2.6166114843741854
100,180,9.050791038628091
100,181,16.541998786985836
100,182,3.3193226596734453
100,183,5.260966634628559
100,184,4.080349755609467
100,185,11.923707515105777
100,186,7.096763534150464
100,187,16.459702247905387
100,188,3.017417222878175
100,189,13.340309056975974
100,190,2.850701380928571
100,191,3.210142471643204
100,192,7.33036319580977
100,193,4.300636908622069
100,194,3.4704989375387414
100,195,31.657941658912723
100,196,3.203443853151656
100,197,4.133179574854318
100,198,10.462564252281158
100,199,5.400102620194505
100,200,15.277082247937821
100,201,3.218413269556483
100,202,14.618273832792998
100,203,8.77543975606913
100,204,6.327834085237343
100,205,11.087808136116301
100,206,15.209699237574423
100,207,3.044281450859282
100,208,8.846342803747719
100,209,8.458342296081584
100,210,3.1591972769346137
100,211,10.30431314836835
100,212,5.562301756685763
100,213,12.12512593361626
100,214,11.89148566095461
100,215,14.26777145070452
100,216,13.287166358344427
100,217,4.389814947471108
100,218,8.440264670013246
100,219,6.588541871568551
100,220,7.076942626234536
100,221,5.322273015019813
100,222,5.200229361057077
100,223,15.78231332895229
100,224,2.5716875239172525
100,225,6.820169375616053
100,226,2.760230897232525
100,227,5.099021963009613
100,228,11.866321927707968
100,229,7.896576102004428
100,230,12.48904749214328
100,231,7.700755994429859
100,232,3.5785102225559724
100,233,9.179668633358698
100,234,2.959116026441558
100,235,5.667151140515669
100,236,4.2382625561124705
100,237,17.0347781425648
100,238,5.585088617808836
100,239,2.9270493638792483
100,240,2.6503817322792314
100,241,2.664011726605111
100,242,5.94719711998756
100,243,10.39115394277673
100,244,2.9631359504302845
100,245,8.635930763743428
100,246,3.546915991574043
100,247,14.179580514368388
100,248,5.243514222397721
100,249,7.943077220129763
100,250,4.393671294259198
100,251,3.068210996924368
100,252,3.7482201890713114
100,253,3.0076021722953947
100,254,5.166057182152144
100,255,19.8543707746894
100,256,2.706513392953206
100,257,9.972932224335866
100,258,2.6382267731480837
100,259,15.768079152823276
100,260,9.384186449006544
100,261,6.642339392887096
100,262,4.015730125856401
100,263,9.11454976192307
100,264,3.3354483907503023
100,265,9.559466657863279
100,266,17.19913887623232
100,267,5.416378082488023
100,268,5.351496055066449
100,269,5.01419143006163
100,270,3.6723777916803737
100,271,3.38971797958784
100,272,3.7956031253506106
100,273,6.443436910174444
100,274,10.9903970888935
100,275,5.77396163262476
100,276,7.207160947242406
100,277,2.9524290609895196
100,278,18.00223343852424
100,279,3.03149846483121
100,280,2.8649291057431805
100,281,3.8092172560812574
100,282,5.6793663021277485
100,283,3.4242075169331665
100,284,5.781554105856298
100,285,14.814781273603076
100,286,9.208955787430517
100,287,6.829494406691037
100,288,2.956529163848941
100,289,7.340436242309857
100,290,8.171823055631112
100,291,4.558578237171924
100,292,3.277287645905285
100,293,3.39346428353936
100,294,8.601006695645488
100,295,4.781907068668376
100,296,3.3414561096656126
100,297,3.2537659867778816
100,298,11.685061547717511
100,299,8.839403501890907
100,300,5.494299121568965
100,301,2.707741289293289
100,302,3.1708894111521286
100,303,4.980981366193852
100,304,3.8611791697789606
100,305,11.74269324708837
100,306,6.19964318062516
100,307,2.8084253942388657
100,308,10.706160096327025
100,309,5.260156915718371
100,310,5.247569543421249
100,311,5.508571989401995
100,312,3.0329709321438503
100,313,3.258985881586726
100,314,3.6655303065432445
100,315,3.4443041261514438
100,316,6.516593865441053
100,317,22.982068445577916
100,318,9.257029810328616
100,319,2.934595679886987
100,320,3.2833382078144195
100,321,5.412152579014299
100,322,3.3944024517210916
100,323,4.410311297529591
100,324,6.075925536369694
100,325,2.845405345202876
100,326,9.116869156444643
100,327,14.302934449438157
100,328,4.88266810495793
100,329,3.111567381762904
100,330,2.8688539905902135
100,331,5.255650373148514
100,332,12.73572189455855
100,333,14.295109276840922
100,334,3.248227741668887
100,335,8.2567963965302
100,336,4.624980817327861
100,337,10.624237243246428
100,338,8.976294039908465
100,339,11.673606079111819
100,340,5.726570611351042
100,341,4.955525839437625
100,342,9.599333742818283
100,343,3.8097373289853897
100,344,3.3780085449603483
100,345,3.9225642441652635
100,346,11.975833346567171
100,347,4.089296827414683
100,348,2.6285012115809097
100,349,3.799144622148472
100,350,12.775573741787491
100,351,13.353289807491105
100,352,6.849703832657948
100,353,5.526083407533098
100,354,2.855367853057626
100,355,3.6997275490055004
100,356,9.656813914256691
100,357,3.8635505956915948
100,358,3.2916842896436265
100,359,9.754028820138789
100,360,19.790235968966307
100,361,5.178532481519329
100,362,4.293639638273538
100,363,2.840703506601511
100,364,6.810501219462313
100,365,5.693457997421041
100,366,3.6990579741434804
100,367,5.120607174240464
100,368,5.070147747732474
100,369,7.4145235318137175
100,370,13.596376405295247
100,371,7.346813729790075
100,372,9.436987999061191
100,373,5.821572115577562
100,374,4.092903744619245
100,375,3.2276912691878343
100,376,7.728832757405071
100,377,8.237513033016489
100,378,11.169064223496965
100,379,2.645338523105213
100,380,11.931421277663393
100,381,6.977672598194079
100,382,10.520795645605503
100,383,3.990195207452623
100,384,4.0166024290601685
100,385,7.729915439023302
100,386,4.45285307435584
100,387,36.155176805977355
100,388,7.309609876193155
100,389,11.106686776879704
100,390,4.426563931582832
100,391,7.148700538250727
100,392,4.675834290667734
100,393,10.905072945480715
100,394,42.203363386058115
100,395,7.660847444365519
100,396,26.259901191003284
100,397,4.933865055141486
100,398,6.02773038107998
100,399,16.932733938751642
100,400,3.873525807682845
100,401,3.651139906208235
100,402,3.9878356137832083
100,403,3.033708092442973
100,404,3.7389029664088373
100,405,3.610434317801634
100,406,10.563845574400212
100,407,4.787071166148528
100,408,7.171604872954481
100,409,3.2313899585857353
100,410,6.34390510067207
100,411,4.9188223694100035
100,412,3.216428338877038
100,413,5.414860787061243
100,414,12.009334680517307
100,415,24.799745780131897
100,416,7.486504094894212
100,417,6.53972626335293
100,418,3.408564444597353
100,419,4.365952473682951
100,420,6.427597471307833
100,421,4.215317902340688
100,422,4.124280869409945
100,423,5.585319624109339
100,424,3.335692840344528
100,425,3.1903611960772205
100,426,2.721279334197018
100,427,10.778692746943413
100,428,5.076972927504736
100,429,6.525991695298757
100,430,16.597929184201085
100,431,7.352775241424724
100,432,4.469066649373732
100,433,6.977469660362209
100,434,26.509343858549652
100,435,13.153267270580294
100,436,10.08473308101607
100,437,4.644145329346555
100,438,9.652322221836071
100,439,12.722698801831191
100,440,5.345819038023867
100,441,12.0511652055988
100,442,14.827826667902118
100,443,3.313023016540205
100,444,3.779974293187454
100,445,8.983829441900951
100,446,4.734041522067902
100,447,6.643308359534542
100,448,7.009913946613579
100,449,33.612104176666975
100,450,2.806325394356006
100,451,6.788063191174202
100,452,3.61904663449045
100,453,3.2585471678251996
100,454,15.427574129235305
100,455,8.146269142426002
100,456,8.936922272120283
100,457,7.925807663064348
100,458,5.241569321872788
100,459,4.566495307376151
100,460,2.998759696671252
100,461,19.31625529349008
100,462,6.779659055722181
100,463,15.298627677131895
100,464,5.170257049105102
100,465,7.840050776252634
100,466,7.249358228338373
100,467,12.866565106927322
100,468,14.398050482573586
100,469,16.919438295773183
100,470,7.366085768630441
100,471,5.549790879910999
100,472,4.846568895937032
100,473,10.029135839870602
100,474,4.975127587574862
100,475,6.034643752470652
100,476,13.136759336461072
100,477,5.899081687505412
100,478,11.122600632237909
100,479,11.849076393692926
100,480,3.818303787966501
100,481,2.8361083310591724
100,482,7.827403560252469
100,483,6.954665878007468
100,484,18.809728878848958
100,485,5.506142665333597
100,486,3.2190142265643664
100,487,5.933843462763169
100,488,2.8675093742519
100,489,4.469433201488161
100,490,8.277653416694271
100,491,3.6930449366590627
100,492,6.1796279079002545
100,493,3.1427897736250303
100,494,4.6431196164125375
100,495,5.63557377795711
100,496,15.052151705324349
100,497,2.9191898076855147
100,498,17.190425998830797
100,499,4.149151404852581
