swarm_size,trial,handshake_latency_ms
10,0,2.689508820968503
10,1,2.60638311982926
10,2,2.5455439077816435
10,3,2.592844537009092
10,4,2.586822883878695
10,5,2.460955664299157
10,6,2.6514302495022894
10,7,2.591248244244209
10,8,2.65100174464274
10,9,2.502036876348881
10,10,2.530895358243669
10,11,2.4855913341189617
10,12,2.7559872329952824
10,13,2.6328931503767117
10,14,2.5796831034054346
10,15,2.436376970657711
10,16,2.604361759025998
10,17,2.5369537310397536
10,18,2.6127276220580304
10,19,2.6348023521897166
10,20,2.5502310933535597
10,21,2.575235173074527
10,22,2.592231679426249
10,23,2.4005929115660645
10,24,2.5683740922129896
10,25,2.67960902635653
10,26,2.6236657413922884
10,27,2.6920732385332333
10,28,2.5032096696863984
10,29,2.580636614416911
10,30,2.5810205472548007
10,31,2.5249220574233395
10,32,2.49866376692847
10,33,2.598763661454168
10,34,2.616639592422552
10,35,2.4664197985322494
10,36,2.6568582877215112
10,37,2.7637238963688904
10,38,2.547310507129005
10,39,2.707043851100361
10,40,2.475897071693821
10,41,2.595691338624809
10,42,2.6044299686315258
10,43,2.5754439375671327
10,44,2.5897902655562572
10,45,2.4558023591296783
10,46,2.565825473918993
10,47,2.5861353489007164
10,48,2.6427635274697128
10,49,2.519736320515483
10,50,2.5956196282208093
10,51,2.669616913836599
10,52,2.6290147327636935
10,53,2.549764600670516
10,54,2.7674924219674644
10,55,2.545942056830461
10,56,2.5331362866576237
10,57,2.5397292459647307
10,58,2.6247264786399205
10,59,2.681568655181924
10,60,2.4822913169858833
10,61,2.6575784802823303
10,62,2.5458899471367222
10,63,2.6452808250954005
10,64,2.5888948523018867
10,65,2.6330324310102324
10,66,2.624782665913663
10,67,2.5716953538829985
10,68,2.527537896716494
10,69,2.551342840787004
10,70,2.500485257168114
10,71,2.551717294880251
10,72,2.5717462464364824
10,73,2.7187123950064116
10,74,2.53166259929089
10,75,2.4883433505968893
10,76,2.5527944405481557
10,77,2.6322270315026275
10,78,2.561833209085522
10,79,2.522305755052458
10,80,2.6513857246359764
10,81,2.46556712093451
10,82,2.5960206465569176
10,83,2.4223075701410415
10,84,2.7385282544679095
10,85,2.537762434757219
10,86,2.592918386650023
10,87,2.6066400762475617
10,88,2.576078221392818
10,89,2.427594764802499
10,90,2.6676391946538915
10,91,2.52248287990072
10,92,2.579087285373905
10,93,2.451854745409661
10,94,2.611125556474921
10,95,2.5399070115548463
10,96,2.4834028369420835
10,97,2.5717977461446946
10,98,2.511576426601423
10,99,2.4209937779175914
10,100,2.5510559746059713
10,101,2.5730879969378524
10,102,2.630136457421086
10,103,2.594053202390839
10,104,2.631474898509909
10,105,2.5285125273966624
10,106,2.5530305586684516
10,107,2.7604951403572624
10,108,2.4847298209620017
10,109,2.5630092189960942
10,110,2.7532713524231087
10,111,2.6106539370848614
10,112,2.6477519945715167
10,113,2.5854863311203147
10,114,2.5683787955736954
10,115,2.400346727622762
10,116,2.5419207521924925
10,117,2.584140092349135
10,118,2.6520190569213273
10,119,2.6377076712074836
10,120,2.604253714131236
10,121,2.5591064304741415
10,122,2.4771807430308144
10,123,2.753660253383181
10,124,2.6067579936689262
10,125,2.6451917817796726
10,126,2.624644022406583
10,127,2.5845413766164906
10,128,2.475466362402383
10,129,2.4478897737932304
10,130,2.388026383292881
10,131,2.539806563262345
10,132,2.621636628476093
10,133,3.6014142152012414
10,134,2.554566767098834
10,135,2.612742797511117
10,136,2.6607898294848034
10,137,2.640278156073361
10,138,2.4742723689856976
10,139,2.4917463739419388
10,140,2.6239278031778457
10,141,2.535709332796638
10,142,2.378478484401997
10,143,2.561494299413624
10,144,2.6262723395090477
10,145,2.521056703408698
10,146,2.5113092041558502
10,147,2.5724821656048946
10,148,2.6653403502150814
10,149,2.544801355905076
10,150,2.625280207689958
10,151,2.5735662718184558
10,152,2.482807981897752
10,153,2.5816462627537415
10,154,2.5000519951852684
10,155,2.7034341946997262
10,156,2.662683074650693
10,157,2.466342137380499
10,158,2.594610951973908
10,159,2.603941740975149
10,160,2.6335527120255864
10,161,2.6177390450304814
10,162,2.531464674447048
10,163,2.565958664690596
10,164,2.618350286730461
10,165,2.6219354309380427
10,166,2.5254322801785256
10,167,2.5420318064156153
10,168,2.575717916910486
10,169,2.5122741351540787
10,170,2.530793210547196
10,171,2.6655062561931913
10,172,2.467173579817722
10,173,2.5506364691149463
10,174,2.628860183010734
10,175,2.572507071303404
10,176,2.645565801430511
10,177,2.6186332414026947
10,178,2.6340636183586645
10,179,2.6383752958529487
10,180,2.5585158808137525
10,181,2.606216453185164
10,182,2.4801201977941254
10,183,2.7018755683933913
10,184,2.5482805527273586
10,185,2.5964251852604723
10,186,2.501071899439858
10,187,2.4986436301486963
10,188,2.661398300439497
10,189,2.827527813993094
10,190,2.442777308305658
10,191,2.5209274960375425
10,192,2.4693352236108495
10,193,2.6609717279998732
10,194,2.6065403582699784
10,195,2.524141878548534
10,196,2.446739284307395
10,197,2.616512201294763
10,198,2.5027999850530525
10,199,2.6090427166606873
10,200,2.6221128373308926
10,201,2.6396359690973714
10,202,2.5971271842444565
10,203,2.593143159288395
10,204,2.580396302148812
10,205,2.5584721663536834
10,206,2.4654789594342748
10,207,2.6700587372747813
10,208,2.5942784531151535
10,209,2.646308872969277
10,210,2.678143655077924
10,211,2.619403232996272
10,212,2.5370052665654907
10,213,2.679685024374814
10,214,2.6414907271385974
10,215,2.5659034339488938
10,216,2.700930549231002
10,217,2.49432890932022
10,218,2.6025529484735177
10,219,2.660263732935615
10,220,2.6344629615891773
10,221,2.570962138085515
10,222,2.6443397080294413
10,223,2.5574367287870436
10,224,2.6187457329178265
10,225,2.5543285463388283
10,226,2.5580336670981914
10,227,2.5853669134014616
10,228,2.7193849791936566
10,229,2.57565855955126
10,230,2.485566898223195
10,231,2.472893072481719
10,232,2.5772706768678226
10,233,2.623921033983561
10,234,2.563643532775828
10,235,2.5247224890867184
10,236,2.5626481852938707
10,237,2.616955720933877
10,238,2.552672801488299
10,239,2.567572485644618
10,240,2.582376219063397
10,241,2.6789306099004357
10,242,2.547906765324095
10,243,2.6922681159156117
10,244,2.56051027959155
10,245,2.508526165798802
10,246,2.482668488675953
10,247,2.7069765149882805
10,248,2.5212078513195855
10,249,2.575074213605006
10,250,2.609211362500327
10,251,2.6518309269605917
10,252,2.528744791915218
10,253,2.7032979093450793
10,254,2.5061884646447012
10,255,2.544386734294804
10,256,2.6130949026604333
10,257,2.5569227719124625
10,258,2.470774175023376
10,259,2.488925435047532
10,260,2.6250788374879757
10,261,2.6598354718066184
10,262,2.54037427589486
10,263,2.4594549360223286
10,264,2.466863067431965
10,265,2.5413219315723916
10,266,2.5968774558589054
10,267,2.6352681116596517
10,268,2.6227104983166414
10,269,2.5878719640067525
10,270,2.4755111291419394
10,271,2.609072072577461
10,272,2.562226028066328
10,273,2.70098481165632
10,274,2.554330230512342
10,275,2.648677508980787
10,276,2.6427690279568203
10,277,2.6570205295111085
10,278,2.433945536866895
10,279,2.6466875789723323
10,280,2.560451163765203
10,281,2.465773883110522
10,282,2.6893866828455484
10,283,2.578828537366928
10,284,2.6118205202577247
10,285,2.497909446345922
10,286,2.549997047608206
10,287,2.4927156814747287
10,288,2.5966454791285014
10,289,2.5992001683523305
10,290,2.7014235535316304
10,291,2.6328580822129357
10,292,2.4684349306863416
10,293,2.480002949357208
10,294,2.6796261703367246
10,295,2.562303068621262
10,296,3.568171907252248
10,297,2.528255559099325
10,298,2.599759560439612
10,299,2.709599995057875
10,300,2.5248264723797216
10,301,2.4860854280278506
10,302,2.4574084823771085
10,303,2.8226415092695065
10,304,2.53079369342901
10,305,2.6272351638673936
10,306,2.552092096861316
10,307,2.7711066656710104
10,308,2.551323858030759
10,309,2.6826447226468435
10,310,2.559193531603587
10,311,2.527131446815666
10,312,2.531398234843161
10,313,2.5261649826002968
10,314,2.577342801206176
10,315,2.647084321568679
10,316,2.477674996111739
10,317,2.4843982062333523
10,318,2.5297366754635986
10,319,2.5021026323887714
10,320,2.642893058389224
10,321,2.5430529059381635
10,322,2.5648884498435596
10,323,2.6124948940859105
10,324,2.6003914980262253
10,325,2.5431474260818994
10,326,2.564313906075109
10,327,2.5311102631859193
10,328,2.6163325991863604
10,329,2.533057310367175
10,330,2.5434763041936397
10,331,2.6131029815950995
10,332,2.7492695089418264
10,333,2.583934803780322
10,334,2.4629244142138793
10,335,2.5709159541527042
10,336,2.6155956652737236
10,337,2.547689042965406
10,338,2.5544470493164946
10,339,2.455638651148185
10,340,2.476919646757847
10,341,2.4873658551219613
10,342,2.509995483574571
10,343,2.6066486363185164
10,344,2.5404443624992035
10,345,2.638387205021471
10,346,2.5703937495518634
10,347,2.6432555456545286
10,348,2.5434274750915686
10,349,2.7175835563697577
10,350,2.4154338801450987
10,351,2.543734342297417
10,352,2.492091221177641
10,353,2.6137973212207415
10,354,2.631371046668862
10,355,2.5794877924528596
10,356,2.5814213001211765
10,357,2.591294266890777
10,358,2.60711666914339
10,359,2.491880807656868
10,360,2.463145349692426
10,361,2.5011319510751
10,362,2.6450488766335893
10,363,2.766008152916186
10,364,2.593095470494802
10,365,2.5818509609858373
10,366,2.667845990025791
10,367,2.847902362077493
10,368,2.552145617746651
10,369,2.437155133718222
10,370,2.636875055359441
10,371,2.614003411784501
10,372,2.537048269348428
10,373,2.6222201666488134
10,374,2.5340523777460673
10,375,2.576657845783551
10,376,2.702686960771689
10,377,2.5560302831694806
10,378,2.471329491432243
10,379,2.662533073503725
10,380,2.486475680518484
10,381,2.4933086889637934
10,382,2.521938321160841
10,383,2.6517189764206393
10,384,2.6139263064279454
10,385,2.555807351502669
10,386,2.5144730397274335
10,387,2.4905951351824425
10,388,2.607525058299122
10,389,2.5312149561818638
10,390,2.4938929049969576
10,391,2.68937556271456
10,392,2.5059026970694758
10,393,2.50742730697804
10,394,2.5324701014920685
10,395,2.572594988458637
10,396,2.7253924362155972
10,397,2.5418271677694584
10,398,2.425990085956033
10,399,2.5888536671540296
10,400,2.662078241388106
10,401,2.5675367542054186
10,402,2.5718688850231817
10,403,2.4809763921665184
10,404,2.475657184757142
10,405,2.6416377070134827
10,406,2.5724618535254105
10,407,2.60732315633611
10,408,2.502414613876261
10,409,2.574140204195012
10,410,2.665700350247806
10,411,2.6629983858094404
10,412,2.510073144482927
10,413,2.4966844583403836
10,414,2.472039383864425
10,415,2.5612224400266252
10,416,2.5491748429055945
10,417,2.65483134017324
10,418,3.6955492453781322
10,419,2.6224226256823684
10,420,2.529825403370577
10,421,2.648019338191417
10,422,2.5586361787080905
10,423,2.4859345384245497
10,424,2.706238009171024
10,425,2.527543399157134
10,426,2.540508050212529
10,427,2.543975970081593
10,428,2.6299100275588567
10,429,2.496280623032174
10,430,2.6416545340147954
10,431,2.540431776748943
10,432,2.5721598516641313
10,433,2.5372187391947065
10,434,2.584243757110824
10,435,2.411249703450498
10,436,2.4228988222777854
10,437,2.5473723770293484
10,438,2.5031325857370175
10,439,2.554160943188983
10,440,2.573159305403994
10,441,2.607031894703835
10,442,2.4867216703818267
10,443,2.5691315110034174
10,444,2.581329493390796
10,445,2.5976060596632746
10,446,2.5557468179835996
10,447,2.6391456386502283
10,448,2.5280212785634784
10,449,2.649656467327886
10,450,2.7195186520924213
10,451,2.574851080068027
10,452,2.4658195525819537
10,453,2.5898657625566615
10,454,2.6605158109476834
10,455,2.5455388441203146
10,456,2.539132450727265
10,457,2.6334249986558746
10,458,2.6255984237709686
10,459,2.6102346344000047
10,460,2.5779813270214174
10,461,2.5154152451606904
10,462,2.593098845452414
10,463,2.74008170556672
10,464,2.6043941199131866
10,465,2.581270553641897
10,466,2.6465795987069587
10,467,2.6279766620236864
10,468,2.5750648042556863
10,469,2.4783551867008917
10,470,2.5487398548047695
10,471,2.6555905607522083
10,472,2.4695358101618563
10,473,2.609771454530286
10,474,2.556941925228276
10,475,2.544402340865553
10,476,2.686262563269079
10,477,2.5068294589902598
10,478,2.436720888427073
10,479,2.508510724467452
10,480,2.4839911879066716
10,481,2.5691639595014326
10,482,2.6377952080734373
10,483,2.674295614580423
10,484,2.522773506061414
10,485,2.5998338461422774
10,486,2.449751600196073
10,487,2.536812532808467
10,488,2.4479727741184405
10,489,2.609111441435279
10,490,2.6390025784239524
10,491,2.5457019454502854
10,492,2.6338310118189723
10,493,2.6205043234727947
10,494,2.4466575887683537
10,495,2.4628019622306847
10,496,2.5120635153403175
10,497,2.5884630250971936
10,498,2.574861103406173
10,499,2.6708102918330066
20,0,2.537230042406914
20,1,2.5600483989958445
20,2,2.6198448948783732
20,3,2.675696215430913
20,4,2.5293263019836107
20,5,2.6610026555661674
20,6,2.6128146282693154
20,7,2.7357513552130803
20,8,2.576733826090597
20,9,2.635615954649015
20,10,2.5699159132161467
20,11,2.8711350025398925
20,12,2.5186430096229357
20,13,2.6860232097018146
20,14,2.6031550993795696
20,15,2.7710035605021806
20,16,2.5866006012232514
20,17,2.684928349266602
20,18,2.7889337587729326
20,19,2.5359485753846984
20,20,2.561916481486069
20,21,2.6764882536597208
20,22,2.4637526352119905
20,23,2.623973292217426
20,24,2.5591992783995012
20,25,2.58716092629415
20,26,2.666984446700418
20,27,2.4986759899236257
20,28,2.565908040979857
20,29,2.648468108365114
20,30,2.6173527273387376
20,31,2.6420693979135836
20,32,2.5097684418919597
20,33,2.585159446056902
20,34,2.6334645415796674
20,35,2.7230366009511147
20,36,2.6554473699630745
20,37,2.672123357180676
20,38,2.637949975595981
20,39,2.518321147439465
20,40,2.7487626541889094
20,41,2.552679036352286
20,42,2.496586507660764
20,43,2.673297959294886
20,44,2.6094331193242994
20,45,2.5595789006424865
20,46,2.7550350557050325
20,47,2.5761833428910106
20,48,2.6655303789069213
20,49,2.613459277564929
20,50,2.6084658377479344
20,51,2.6534276360680185
20,52,2.56892040729985
20,53,2.7345415448589536
20,54,2.574646839421818
20,55,2.4848247369239584
20,56,2.5242279599443878
20,57,2.5758799901763925
20,58,2.4661439897975543
20,59,2.538255045544972
20,60,2.5495142891222358
20,61,2.5026109727308774
20,62,2.569069922815405
20,63,2.6630976632778833
20,64,2.5767076413761383
20,65,2.5679179613635004
20,66,2.623800106845812
20,67,2.90029648861675
20,68,2.4704029287137126
20,69,2.5816815392231836
20,70,2.4645647941071576
20,71,2.550524281957488
20,72,2.6536570131930133
20,73,2.6627726384722985
20,74,2.621117236299447
20,75,2.7392462368654242
20,76,2.7138425791445466
20,77,2.533222104361335
20,78,2.5260720265797394
20,79,3.7032332039558984
20,80,2.7439714847989283
20,81,2.590125252584283
20,82,2.5172994432681945
20,83,2.6607153905490097
20,84,2.6023056881776663
20,85,2.6328569315294366
20,86,2.527986252527056
20,87,2.659064624784913
20,88,2.712731164018467
20,89,2.619011017479359
20,90,2.4376698436314226
20,91,2.6272924214648965
20,92,2.7496326291011477
20,93,2.625067944558607
20,94,2.6319049737613898
20,95,2.678703757411159
20,96,2.4892473763356526
20,97,2.8202958136846363
20,98,2.638608086617467
20,99,2.6113005111249903
20,100,2.730046730703475
20,101,2.6317078273663834
20,102,2.6640025968757133
20,103,2.675208325029377
20,104,2.5730925103889453
20,105,2.599823061680768
20,106,2.578352304711307
20,107,2.7612349705368273
20,108,2.6939974808957645
20,109,2.6200720345542603
20,110,2.5472235334454494
20,111,2.4373566153809842
20,112,2.5896348795630795
20,113,2.5698703964090543
20,114,2.6040308129194227
20,115,2.587058572013596
20,116,2.646220314262172
20,117,2.7716232611679534
20,118,2.5199506643670895
20,119,2.609627036246687
20,120,2.772647414882832
20,121,2.566427362435795
20,122,2.643114953096291
20,123,2.6115343820955355
20,124,2.7430473773473993
20,125,2.6340538915999674
20,126,2.595524945537771
20,127,2.557250832816434
20,128,2.6916284579295526
20,129,2.518554132792052
20,130,2.7372816329246588
20,131,2.5454790721811253
20,132,2.663544730317722
20,133,2.6665003024434246
20,134,2.6048559312772577
20,135,2.6295285117106078
20,136,2.5946780890299053
20,137,2.571352283767608
20,138,2.5916534970385006
20,139,2.4194010505547423
20,140,2.4982950046300854
20,141,2.563084086719746
20,142,2.6816034772147783
20,143,2.5538722752493177
20,144,2.51232104020171
20,145,2.6047953151857954
20,146,2.524708560918909
20,147,2.513304773566159
20,148,2.4692847367233535
20,149,2.522049173535753
20,150,2.7697931510470752
20,151,2.5070967057237556
20,152,2.529593980631108
20,153,2.5043870212391526
20,154,2.693181613877696
20,155,2.439696729859478
20,156,2.6700429159002668
20,157,2.6831855423599063
20,158,2.50937795305345
20,159,2.7108015439852338
20,160,2.5601024403575012
20,161,2.581411341600866
20,162,2.485390145323324
20,163,2.4789902636246217
20,164,2.631828092220632
20,165,2.613513183711778
20,166,2.6053389081910705
20,167,2.5514061135174013
20,168,2.673159868026801
20,169,2.603807938490189
20,170,2.559654345749192
20,171,2.709455978163078
20,172,2.6015150642116733
20,173,2.941815537806735
20,174,2.6878845505656
20,175,2.676175452445759
20,176,2.5696187139633
20,177,2.521039030796496
20,178,2.625777863124284
20,179,2.5491820144016013
20,180,2.6335569591133816
20,181,2.8284716203239197
20,182,2.6004220473734465
20,183,2.6016815028553157
20,184,2.597655288996591
20,185,2.600656419410708
20,186,2.5157811508226837
20,187,2.5234727769649696
20,188,2.558880976330781
20,189,2.671079200786593
20,190,2.5330983696400184
20,191,2.644860416844309
20,192,2.7120790762751836
20,193,2.614102613514846
20,194,2.6901987413838415
20,195,2.5158406463266054
20,196,2.6074093571829464
20,197,2.5211315731371373
20,198,2.638973895047373
20,199,2.7525261264453382
20,200,2.6748423703249324
20,201,2.645532404315038
20,202,2.551640250774513
20,203,2.582147091457009
20,204,2.4350216277050856
20,205,2.625910646400937
20,206,2.5300565019986636
20,207,2.5786064358825667
20,208,2.5773854211134224
20,209,2.512921164040121
20,210,2.5456910597993714
20,211,2.4410228671589285
20,212,2.653003645180209
20,213,2.5422096588866308
20,214,2.43347022439804
20,215,2.6041287410175133
20,216,2.7337258686209296
20,217,2.485664012282053
20,218,2.6751807955839695
20,219,2.5928360237185686
20,220,2.5699329311227825
20,221,2.68149780660815
20,222,2.7181832503597207
20,223,2.54758118947846
20,224,2.5385699499254244
20,225,2.510773773106214
20,226,2.6577277670680806
20,227,2.4662446403096037
20,228,2.5486514413481363
20,229,2.650234947184641
20,230,2.5525910618993812
20,231,2.5123038139938028
20,232,2.6462351416437144
20,233,2.631291573988809
20,234,2.5079213592904424
20,235,2.7618586247369414
20,236,2.571695938092476
20,237,2.452419285685737
20,238,2.592266904034167
20,239,2.8308930007515785
20,240,2.65917366219507
20,241,2.6824616294912347
20,242,2.6897355485834824
20,243,2.5318064561572338
20,244,2.5288030070723537
20,245,2.5831500516611743
20,246,2.680898565126569
20,247,2.5958576910417994
20,248,2.7750371136488368
20,249,2.632196663772647
20,250,2.6387250528467705
20,251,2.567603289417498
20,252,2.671023328812274
20,253,2.8659927983066757
20,254,2.788391685949447
20,255,2.6697962034732385
20,256,2.503435111125214
20,257,2.64898587424794
20,258,2.7268945011253902
20,259,2.6580081049791255
20,260,2.6939463644419286
20,261,2.7268716183846244
20,262,2.774161625372194
20,263,2.539964211798685
20,264,2.5579370348257546
20,265,2.5580903646275956
20,266,2.7695911334510983
20,267,2.5642989711133595
20,268,2.6070239766545775
20,269,2.442233163160073
20,270,2.4663493724085805
20,271,2.8696900608760183
20,272,2.669114142654247
20,273,2.663076528648938
20,274,2.543070500487641
20,275,2.6930444150543362
20,276,2.5809011570020126
20,277,2.61691509964496
20,278,2.64610479124143
20,279,2.5261018546775857
20,280,2.6209625674600114
20,281,2.8594179074176993
20,282,2.616814019979851
20,283,2.603925272659906
20,284,2.619330674200869
20,285,2.556380525175829
20,286,2.620173209229114
20,287,2.596961775501077
20,288,2.6028134757922654
20,289,2.65366617244771
20,290,2.700485936968104
20,291,2.626755483918777
20,292,2.5925078610822108
20,293,2.73518828989193
20,294,2.6648561162900584
20,295,2.59870564764296
20,296,2.5972694479000356
20,297,2.686224206757551
20,298,2.7319833130568134
20,299,2.698960903757781
20,300,2.5619802587293314
20,301,2.4840772293522075
20,302,2.4925404479224293
20,303,2.5688013871922
20,304,2.6088762819793447
20,305,2.5438641707662564
20,306,2.4439998668976965
20,307,2.6094469941803746
20,308,2.771826771447767
20,309,2.666337477630475
20,310,2.6147210890520474
20,311,2.5630976477299208
20,312,2.6305027393076217
20,313,2.6913371570304268
20,314,2.614403030983776
20,315,2.4877220528387562
20,316,2.633325893569
20,317,2.536599563726504
20,318,2.593969727220691
20,319,2.5842482297866867
20,320,2.6174849685935384
20,321,2.5899837878006067
20,322,2.512572241556445
20,323,2.5960716630124274
20,324,2.7319941887995105
20,325,2.5457457589493284
20,326,2.597699184880218
20,327,2.556447303693191
20,328,2.703459079579622
20,329,2.626870403952825
20,330,2.6009248360818176
20,331,2.5975964587752944
20,332,2.5976341055479266
20,333,2.5538475039163284
20,334,2.512916093217866
20,335,2.609952480313664
20,336,2.7049311219332006
20,337,2.6379504715260214
20,338,2.5631137789156226
20,339,2.623504854862859
20,340,2.5822253568587024
20,341,2.476854342962916
20,342,2.579038669914183
20,343,2.7045872831382045
20,344,2.683161153760611
20,345,2.889797591834739
20,346,2.5266178212036365
20,347,2.7663479169350196
20,348,2.5867012938727467
20,349,2.6036707593618553
20,350,2.6218282788029006
20,351,2.598656473468187
20,352,2.574257052296992
20,353,2.5514230037027206
20,354,2.6867937643189648
20,355,2.520096072465628
20,356,2.543912763042257
20,357,2.525464333559391
20,358,2.5922255096032387
20,359,2.479226261247566
20,360,2.9398232146431926
20,361,2.532372354480131
20,362,2.5435682319464523
20,363,2.6269946774250865
20,364,2.624595483903114
20,365,2.635020120741989
20,366,2.678302389419199
20,367,2.5616093827053334
20,368,2.467436396957338
20,369,2.668472877304543
20,370,2.63203225863111
20,371,2.7843001566730963
20,372,2.694519102411914
20,373,2.583761426496814
20,374,2.65486601989163
20,375,2.6736564677275076
20,376,2.5646675196085935
20,377,2.692830169001262
20,378,2.512956057532774
20,379,2.5479843860197295
20,380,2.677991889815268
20,381,2.557639608020654
20,382,2.5406272829885377
20,383,2.618569167924674
20,384,2.5718135062590184
20,385,2.8636038847918446
20,386,2.5787401995964756
20,387,2.676546898055208
20,388,2.4705595159158413
20,389,2.6253191527776454
20,390,2.4578839970872974
20,391,2.4949717650658907
20,392,3.5059305900027655
20,393,2.653079871360116
20,394,2.5975317231984314
20,395,2.5786242932029597
20,396,2.4593315994908895
20,397,2.626941339839775
20,398,2.5827301434405427
20,399,2.5558913467162743
20,400,2.6896914406181915
20,401,2.5847929727896477
20,402,2.6006778400893684
20,403,2.596012167588647
20,404,2.6801492197867463
20,405,2.6846169793722554
20,406,2.435272527994362
20,407,2.6630517679288896
20,408,2.5209143681076673
20,409,2.68889658090797
20,410,2.6018993287169034
20,411,2.8795452268957646
20,412,2.65965315576952
20,413,2.7977843244376897
20,414,2.6041339991223857
20,415,2.493323345146656
20,416,2.6317507574708157
20,417,2.7366338001352646
20,418,2.5322063556969887
20,419,2.7094469388577354
20,420,2.591890811824002
20,421,2.608371068026807
20,422,2.7378948490919286
20,423,2.658226139521259
20,424,2.7065092114289544
20,425,2.6466466849540424
20,426,2.6171202856854463
20,427,2.6003502389868474
20,428,3.666750783257166
20,429,2.608659028883261
20,430,2.6180049307972397
20,431,2.5840057554946667
20,432,2.6010774295557613
20,433,2.7379767386293876
20,434,2.6320067808330263
20,435,2.5662487741742015
20,436,2.56987183586829
20,437,2.6704734403249075
20,438,2.7181905205948187
20,439,2.5894331185527975
20,440,2.5412849899123047
20,441,2.6916542364665563
20,442,2.5591551610772987
20,443,2.5659181901805055
20,444,2.507697575259258
20,445,2.6099698644821587
20,446,2.7413792997653452
20,447,2.8788532514937253
20,448,2.686140380811872
20,449,2.766586181579146
20,450,2.551903657780888
20,451,2.6539265986690803
20,452,2.7069488182097343
20,453,2.5396578808352195
20,454,2.634000492404886
20,455,2.5823577264593887
20,456,2.5497633006143596
20,457,2.6272359435663617
20,458,2.7706066110951224
20,459,2.6338745289950727
20,460,2.4611680006397463
20,461,2.590773290214093
20,462,2.547553899941999
20,463,2.5828203647115506
20,464,2.434206670109197
20,465,2.519969480927676
20,466,2.629674946190804
20,467,2.557944744280198
20,468,2.6250504320830945
20,469,2.5721849014187104
20,470,2.595810077870946
20,471,2.575230527238481
20,472,3.6481727787448675
20,473,2.515224291976414
20,474,2.53597362179951
20,475,2.630767526219919
20,476,2.559170878185993
20,477,2.8077723114247815
20,478,2.8649323380856675
20,479,2.595603646194914
20,480,2.5876847633443725
20,481,2.6617989388938414
20,482,2.641709863161166
20,483,2.723683223473562
20,484,2.590781933031949
20,485,2.643445792796265
20,486,2.684732315966295
20,487,2.585234318000944
20,488,2.6317785980006283
20,489,2.626380343971333
20,490,2.677487475889104
20,491,2.5526955463047587
20,492,2.781951415405515
20,493,2.6745806951889133
20,494,2.6995810602204156
20,495,2.621688398113828
20,496,2.7960308386391555
20,497,2.482025343920173
20,498,2.6037316846777863
20,499,2.606033006980623
30,0,2.4464136820097573
30,1,2.5513522773310013
30,2,2.592076509887062
30,3,2.7470823735186323
30,4,2.632834639929473
30,5,2.7890259636700376
30,6,2.598147160070894
30,7,2.5394013169059915
30,8,2.6382768942303714
30,9,2.799237649665688
30,10,2.646168124491307
30,11,2.6468885208596005
30,12,2.604269577518967
30,13,2.748802185672388
30,14,2.4587134424003354
30,15,2.6922625248678362
30,16,2.607114371439371
30,17,2.747146378051048
30,18,2.6132709596373838
30,19,2.73076754396623
30,20,2.7127160482574317
30,21,2.6680018217766674
30,22,2.95893860064468
30,23,2.585459425926902
30,24,3.266957020283041
30,25,2.564087456446121
30,26,2.8008073644868188
30,27,2.5542114761177492
30,28,2.764556689998836
30,29,2.5510464347614783
30,30,2.621354799177392
30,31,2.5503583414978706
30,32,2.8791066278650645
30,33,2.52474689514538
30,34,2.59429134005841
30,35,2.613644285307729
30,36,3.031181825514231
30,37,2.498183152763928
30,38,2.8245438882943854
30,39,2.569443926251741
30,40,2.6142445251255357
30,41,2.5743827538924715
30,42,2.890263996324346
30,43,2.9826685853466555
30,44,3.0155850708007006
30,45,2.6331000328378376
30,46,2.7489925733859146
30,47,3.0598282390085694
30,48,2.728942936125344
30,49,2.648562307789666
30,50,2.5370961375967873
30,51,2.5522069440643387
30,52,2.7365982498049513
30,53,2.708936881675895
30,54,2.693133196575992
30,55,2.514849035295373
30,56,2.666594071901494
30,57,2.4556364879244046
30,58,2.6349560990695924
30,59,2.532066387596522
30,60,2.5509009761375543
30,61,2.5712612856976755
30,62,2.750193201269005
30,63,2.732418592410791
30,64,2.6368587232120513
30,65,2.627570058892785
30,66,2.6096393703291905
30,67,2.694830180793988
30,68,2.8524755755169333
30,69,2.6373502586295166
30,70,2.6629969012553287
30,71,2.6141413635372417
30,72,2.7229126775930443
30,73,2.6625003698339027
30,74,2.6757153080610463
30,75,2.5451534076459574
30,76,2.683916801233909
30,77,2.8115799110680544
30,78,2.5823823846173837
30,79,2.564967477719589
30,80,2.842726933335014
30,81,2.600338145642737
30,82,2.5298786206481196
30,83,2.637000376339596
30,84,2.6775778005817465
30,85,2.644079804185668
30,86,2.700376410019808
30,87,2.5950082033430735
30,88,2.9133059042761915
30,89,2.681610813220929
30,90,2.5944996458872835
30,91,2.6328794000806837
30,92,2.6748118746055103
30,93,2.650110661578198
30,94,2.5332146032681497
30,95,2.5620601594415446
30,96,2.5998586638434587
30,97,2.6846457874741683
30,98,2.7623705619796706
30,99,2.642319219493538
30,100,2.686852487791356
30,101,2.6874723725606713
30,102,2.5219282747699614
30,103,2.7380736121433094
30,104,2.510579605206216
30,105,2.7015766055974164
30,106,2.6748201027877485
30,107,2.5208183393358294
30,108,2.6766679516426874
30,109,3.7516016619542403
30,110,2.514258782679605
30,111,3.031139661968061
30,112,2.654705804188613
30,113,2.6195451769074145
30,114,2.5216579596629853
30,115,2.5506957895222944
30,116,2.7225981544055546
30,117,2.644510325740397
30,118,2.559815531181288
30,119,2.5346781963203124
30,120,2.7131211192271176
30,121,2.5492587252363004
30,122,2.6687616770927827
30,123,2.5013111182234007
30,124,2.7241227604796205
30,125,2.735307668758042
30,126,2.5828357966683684
30,127,2.719422684435305
30,128,2.602660773693249
30,129,2.7099884499826294
30,130,3.5922476606512515
30,131,2.913530204446013
30,132,2.6424987122287567
30,133,2.674339486695557
30,134,2.504290539689014
30,135,2.5720687928108124
30,136,2.591372641763588
30,137,2.638555895625314
30,138,2.645929457506114
30,139,2.5985290467295687
30,140,2.766593908172921
30,141,2.7354402109668627
30,142,2.872732518258783
30,143,2.5075816919896314
30,144,2.5847819880139933
30,145,2.6471772668593196
30,146,2.7011144698005145
30,147,2.579695159413224
30,148,2.603625466079642
30,149,3.0253596928729762
30,150,2.6515953669789623
30,151,3.0022108850515807
30,152,2.6396317665978084
30,153,2.5229536467971583
30,154,2.6977187058093715
30,155,2.6165670710741287
30,156,2.5440392120255644
30,157,2.911413061355932
30,158,2.7081474055777823
30,159,2.5157319405684793
30,160,2.556575625434294
30,161,2.662905307299203
30,162,2.850378038453678
30,163,2.650452308991195
30,164,2.826998405161394
30,165,2.5555419547253995
30,166,2.6739508363237072
30,167,2.6212078648387713
30,168,2.589313965945425
30,169,2.6686396525574603
30,170,2.5267115439873273
30,171,2.626522829989571
30,172,2.567717266979176
30,173,2.5180107002868106
30,174,2.865778846345435
30,175,2.674526146199271
30,176,2.5634873619194987
30,177,2.628698351817304
30,178,2.735764721185067
30,179,2.828125221884821
30,180,2.6905792886215227
30,181,2.6727340143262976
30,182,2.8030614782514447
30,183,2.6187995106782065
30,184,2.6044222616058494
30,185,2.5701860500481626
30,186,2.697656449245457
30,187,2.6117484228777976
30,188,2.858991699103731
30,189,2.9114842833236976
30,190,2.7004359361252592
30,191,2.8268395748644046
30,192,2.6091027552666493
30,193,2.532824639689764
30,194,2.615016128608614
30,195,2.5315771375906277
30,196,2.823902272349959
30,197,2.632035689244755
30,198,2.5861636451380474
30,199,2.6644941692198794
30,200,2.6536473836368106
30,201,2.5918525829772414
30,202,2.613938400597638
30,203,2.6111697085799626
30,204,2.6265971123543554
30,205,2.7097702690807814
30,206,2.617687648300633
30,207,2.6566906019698546
30,208,2.724806317911183
30,209,2.5824314299824422
30,210,2.5912288462724513
30,211,2.592535739172141
30,212,2.5362591837793227
30,213,2.7431717567423375
30,214,2.7935149082900033
30,215,2.647239003664177
30,216,2.5430258496073215
30,217,2.7624356953700087
30,218,2.6364374172670852
30,219,2.5172941303389598
30,220,2.701885146632491
30,221,2.64828792514299
30,222,2.566257675373567
30,223,2.6860287478436344
30,224,2.7442680658449934
30,225,2.5719870935883957
30,226,2.526710064611716
30,227,2.6725982450528236
30,228,2.5087537506101123
30,229,2.7203846879480493
30,230,2.5883404683920066
30,231,2.5394630365611395
30,232,2.68629833060146
30,233,2.618384626180473
30,234,2.498673316357986
30,235,2.8677345037626396
30,236,2.6395097506371097
30,237,2.73064551650235
30,238,2.524058026151992
30,239,2.5668506959405772
30,240,2.7358333987869163
30,241,2.69954989515892
30,242,2.739258336434334
30,243,2.7497359190089545
30,244,2.6076161241977363
30,245,2.5954846388576542
30,246,2.5383319943113274
30,247,2.753244179489137
30,248,2.8050912379992434
30,249,2.7486203889206555
30,250,2.8441448496562587
30,251,2.8420113735976122
30,252,2.7164652730894754
30,253,2.437541759828784
30,254,2.5279119229126197
30,255,2.588258348620505
30,256,2.675901022199171
30,257,2.633711628578416
30,258,2.663581001779181
30,259,2.572096874029047
30,260,2.595458014590056
30,261,2.5227162071558866
30,262,2.511509156800017
30,263,2.9337956316403746
30,264,2.4643717738277253
30,265,2.6161271743112335
30,266,2.689491113622662
30,267,2.485024304731516
30,268,2.501171863789765
30,269,2.6973528773244397
30,270,2.5613684357921365
30,271,2.6053968850506375
30,272,2.66780769310466
30,273,2.5231363712247434
30,274,2.5940063287266453
30,275,2.8554030558355556
30,276,2.6658380228451635
30,277,2.703152760282447
30,278,2.630576470108052
30,279,2.526917827958806
30,280,2.694458770958707
30,281,2.974097510090345
30,282,2.64437126123444
30,283,2.595908345655769
30,284,2.8044990692441463
30,285,2.5763829629754076
30,286,2.67690843876457
30,287,2.7311791903107805
30,288,2.739093707915737
30,289,2.795828302073279
30,290,2.4973573025022677
30,291,2.6744293155890384
30,292,2.629244727285391
30,293,2.656266361608115
30,294,2.6529577762116805
30,295,3.018486876433954
30,296,2.6974844271660166
30,297,2.7534705487086177
30,298,2.908373792016775
30,299,2.767215819475167
30,300,2.546565207738192
30,301,2.510371066481063
30,302,2.710959337177992
30,303,2.524909260574484
30,304,2.5867431971423214
30,305,2.9575562772695805
30,306,2.5000331128670163
30,307,2.463332197847466
30,308,2.600734561678855
30,309,2.7646257585288643
30,310,2.5867557695691215
30,311,2.801831592689623
30,312,2.6585512824414104
30,313,2.6861946540014405
30,314,2.626263454755715
30,315,2.6894422750236284
30,316,2.8367248181594307
30,317,2.707940481923928
30,318,2.588089095712341
30,319,2.4957913569644297
30,320,2.7316941591525583
30,321,2.8657147022295137
30,322,2.5575106396131804
30,323,2.6402229428948347
30,324,2.6178229806756588
30,325,2.755500526409061
30,326,2.4313290053437564
30,327,2.6669495295530776
30,328,2.478666103926605
30,329,2.813216906197248
30,330,2.5696028814856136
30,331,2.5480119043044924
30,332,2.7097463634922585
30,333,2.5834830495510985
30,334,2.7396093389559155
30,335,2.6040426746655907
30,336,2.7133936118797393
30,337,2.56888852155192
30,338,2.4895604079302998
30,339,2.5780590584826975
30,340,2.7174438819863123
30,341,2.71921954475143
30,342,2.5885206028821113
30,343,2.603072821138604
30,344,2.555214629858404
30,345,2.5197239541800216
30,346,2.6035236259510395
30,347,2.6363937450929744
30,348,2.489816252293865
30,349,2.4984817194877142
30,350,2.5199536514869414
30,351,2.678465826465645
30,352,2.8873496286336957
30,353,2.5940955113150572
30,354,2.6645929263730586
30,355,2.70311255508575
30,356,2.6892003788241143
30,357,2.730897305386838
30,358,2.7170369134709293
30,359,2.7694152956131566
30,360,2.5900920142180883
30,361,2.674888201641221
30,362,2.5771200333047504
30,363,2.5982194145137427
30,364,2.658491542522852
30,365,2.5339106837901926
30,366,2.4618683127847123
30,367,2.5096264593660687
30,368,2.6372795246322855
30,369,2.585297201477286
30,370,2.569345236771353
30,371,2.5594954192911175
30,372,2.8583804961224057
30,373,2.6660791737559304
30,374,2.5137985039395803
30,375,2.658025925418801
30,376,2.9398208360890283
30,377,2.522045166181101
30,378,2.640761712789927
30,379,2.6375927758284705
30,380,2.791114440463673
30,381,2.5129921585917057
30,382,2.7658386315221635
30,383,2.5408975498112127
30,384,2.5455753523617592
30,385,2.839883735977699
30,386,2.6406031992155206
30,387,2.6433167751898266
30,388,2.6555168443579134
30,389,2.6813569871708416
30,390,2.7006495052462807
30,391,2.6296628913741826
30,392,2.7811675047176085
30,393,2.5571343103204605
30,394,2.6043070389226797
30,395,2.6883062679297844
30,396,2.736955015005761
30,397,2.601906133971523
30,398,2.6519214541215583
30,399,2.621609962680752
30,400,2.673482690973522
30,401,2.6310717008363853
30,402,2.6182723154471805
30,403,2.6988601840710102
30,404,2.5287652452606397
30,405,2.52704860557999
30,406,2.8761939880589433
30,407,2.6884445569287547
30,408,2.620750875346414
30,409,2.599074355959384
30,410,2.6615385238228213
30,411,2.8668140744436448
30,412,2.789023207261512
30,413,2.6543803307255893
30,414,2.7093760639497804
30,415,2.58607050958423
30,416,2.70940342752278
30,417,2.741422528830784
30,418,3.1628523445700876
30,419,2.609456363046878
30,420,2.5675449138098183
30,421,2.6152882076580988
30,422,2.722538186254701
30,423,2.477967438120664
30,424,2.648665329765675
30,425,2.5424651151682567
30,426,2.6377019506063877
30,427,2.6159558913887895
30,428,2.7609290702426525
30,429,2.870784729700987
30,430,2.843363369514388
30,431,2.6045003690305326
30,432,2.637801561860517
30,433,2.7337231197380985
30,434,2.5347727874591035
30,435,2.6412916443968912
30,436,2.624296685011988
30,437,3.280438665505466
30,438,2.7954191909119994
30,439,2.609307638237952
30,440,2.534936651085085
30,441,2.561422894295683
30,442,2.644408369015781
30,443,2.4881125603792715
30,444,2.4841033073525267
30,445,2.615450518919731
30,446,2.728144214279601
30,447,2.5585714715044343
30,448,2.615986444776669
30,449,2.5033860749804266
30,450,2.6134228027978543
30,451,2.8539369554846568
30,452,2.5118037511611613
30,453,2.446437589595709
30,454,2.6658068545396354
30,455,2.87631380841893
30,456,2.654539425785711
30,457,2.624720422165058
30,458,2.7505027960986914
30,459,2.5873699721899905
30,460,2.7114193999331584
30,461,2.548652228356699
30,462,2.5605215665381578
30,463,2.5808749817371837
30,464,2.6223015529981932
30,465,2.562243711207467
30,466,2.603721809514829
30,467,2.626552192669321
30,468,2.6689453409921575
30,469,2.7840758439937536
30,470,2.5844001150908715
30,471,2.8651976601831257
30,472,2.59990735609428
30,473,2.6947716354446207
30,474,2.7801895833758943
30,475,2.6347381799719023
30,476,2.5619598046196455
30,477,2.5751500713254134
30,478,2.777904683131465
30,479,2.629687086346797
30,480,2.5291253011808887
30,481,3.1846345119500676
30,482,2.790661701165628
30,483,2.6344946216256395
30,484,2.734787675191697
30,485,2.7263291554947418
30,486,2.468114270834778
30,487,2.7921234679495073
30,488,2.7575633556939727
30,489,2.597464976809303
30,490,2.682615186935714
30,491,2.5029602881995885
30,492,2.5211978916478412
30,493,2.6930511636308343
30,494,2.7501310191087525
30,495,2.681673038366951
30,496,2.717951572676442
30,497,2.827009829847633
30,498,2.5070338898746543
30,499,2.601840349596429
40,0,2.9763258000817805
40,1,2.5315000950395428
40,2,2.6865262251014697
40,3,2.8006239891825233
40,4,2.6086599477336603
40,5,2.8174314171287516
40,6,2.785069502991305
40,7,2.668064892444675
40,8,2.4581538603480535
40,9,2.7370012789351037
40,10,2.783987530861371
40,11,2.555906930445757
40,12,2.9926061026108237
40,13,2.4861930182176417
40,14,2.878342409428045
40,15,3.0500571766041045
40,16,2.669718800311133
40,17,2.6917656408296664
40,18,2.6852167359785697
40,19,2.57305074326901
40,20,2.4375789731995257
40,21,2.7128332215740945
40,22,2.3800936216718984
40,23,2.5427738555717943
40,24,2.6288877636069645
40,25,2.6636727253763275
40,26,2.6096592721816756
40,27,2.5382943637124677
40,28,2.737172857801967
40,29,2.787696529043631
40,30,2.8525429066741474
40,31,2.5527467415651857
40,32,2.714514701010241
40,33,2.6920811407645675
40,34,2.5097548474864113
40,35,2.4861764704473845
40,36,2.5251744003137917
40,37,2.6604361379384036
40,38,2.7080268545551913
40,39,2.756858547151232
40,40,2.7895157271690394
40,41,2.6877142229621023
40,42,2.6796645856603325
40,43,2.5912859672185222
40,44,2.701769171325679
40,45,2.7226549309204517
40,46,2.528593698176816
40,47,2.6971285979789164
40,48,2.5700229025082044
40,49,2.693616486027966
40,50,2.842880074975609
40,51,2.7505960514644174
40,52,2.858776494767251
40,53,2.518966755005362
40,54,2.599658227370727
40,55,2.712658363833835
40,56,2.9228333688698593
40,57,2.665501218204689
40,58,2.678250577424339
40,59,2.6743206797839
40,60,2.5981657569022962
40,61,3.127186256634202
40,62,2.850287841775858
40,63,3.0867664108881914
40,64,2.6613139252015428
40,65,2.791019066082465
40,66,2.805881562398524
40,67,3.1039138410996725
40,68,2.700559147484935
40,69,2.6693583928185265
40,70,3.006082298783772
40,71,2.7182261780766956
40,72,2.705334987636165
40,73,3.0146080294629587
40,74,2.8618809059305295
40,75,2.6631343062736224
40,76,2.789404915313088
40,77,2.862474596919996
40,78,2.6761212670021663
40,79,2.6503728438434675
40,80,2.979880005086595
40,81,2.6149326913929527
40,82,2.8069429097237033
40,83,2.685197592582612
40,84,2.8360750755701867
40,85,2.6586946192234135
40,86,2.706306967011043
40,87,2.492446823719003
40,88,3.0024320325255314
40,89,2.585277933525029
40,90,2.5361512137314386
40,91,2.6793689377755294
40,92,2.544302189581068
40,93,3.021743374390123
40,94,2.490239707673026
40,95,2.5949362506986997
40,96,3.255102922468669
40,97,2.677086855178956
40,98,2.666590439512955
40,99,2.713532317502705
40,100,2.5797076850103347
40,101,2.660819817208981
40,102,2.721619830884218
40,103,2.6574985229568755
40,104,2.566509360138517
40,105,2.7397617133358136
40,106,2.6392882639348545
40,107,2.4963199416034403
40,108,2.5424043237403358
40,109,2.545520100314879
40,110,3.040593219581402
40,111,2.6115519725795036
40,112,2.6566911762447267
40,113,2.645702843783237
40,114,2.714126699334065
40,115,2.784989613695661
40,116,2.7117303204410517
40,117,2.5771952170116768
40,118,2.755647398642148
40,119,2.953486397928363
40,120,2.8287722161288733
40,121,2.4696151607314416
40,122,2.671843091571744
40,123,2.6909821020101337
40,124,2.602004078714796
40,125,2.714514188906923
40,126,2.7282135498990896
40,127,2.9647709000501368
40,128,2.5669249986107188
40,129,3.013200760236625
40,130,2.590604425244377
40,131,2.5203347254599984
40,132,2.561706068786692
40,133,2.585176983439429
40,134,2.8808039647530572
40,135,2.5349222347026332
40,136,2.5844233599363764
40,137,2.6717114468034033
40,138,2.7058319925848524
40,139,2.894939456126921
40,140,2.595474246752377
40,141,2.5611275009258625
40,142,2.577410694279966
40,143,2.6902681425396695
40,144,2.6708500161528073
40,145,2.5357024781915474
40,146,2.6693322386797376
40,147,2.7092824741657062
40,148,2.775821005248689
40,149,3.3834397944650214
40,150,2.656197008880062
40,151,2.5317981021135214
40,152,2.4940644604131776
40,153,2.6735709939856975
40,154,2.582648355988971
40,155,2.519408141849147
40,156,2.8842375949775585
40,157,2.6928844835499453
40,158,2.6371815212946945
40,159,2.4915555421784594
40,160,2.8800603751754577
40,161,3.1331796908762417
40,162,2.5638621726712145
40,163,2.744760429452792
40,164,2.74918768958308
40,165,2.814300465869197
40,166,3.0628347603910178
40,167,2.7750745148122435
40,168,2.718450506483604
40,169,2.758644951024671
40,170,2.7324181187092385
40,171,2.646135677434301
40,172,2.681162019510382
40,173,2.8364891702585555
40,174,2.694888207282758
40,175,2.6705533887277206
40,176,2.716797024590946
40,177,2.7666402829493606
40,178,2.60068342591522
40,179,2.5724926905984105
40,180,2.508560893666815
40,181,2.506508345432465
40,182,2.583160169215321
40,183,2.677803820961171
40,184,2.5247340966054144
40,185,2.6674726111709037
40,186,2.6369237047930043
40,187,2.630189957907817
40,188,3.1293799402844265
40,189,2.6550009390134703
40,190,2.5356964158992987
40,191,2.8682689410088664
40,192,2.7014224194714616
40,193,2.9463860645087308
40,194,2.637553734283231
40,195,2.59102886183119
40,196,2.5717612641752066
40,197,2.579869007069174
40,198,3.0441267239529095
40,199,2.550780614311725
40,200,2.872914513073767
40,201,2.6088966358469268
40,202,2.5625924670014117
40,203,2.709860505469168
40,204,2.5845749799433553
40,205,2.7508857709004944
40,206,2.722597882980508
40,207,2.76115138074136
40,208,2.853775497708792
40,209,2.585349023032468
40,210,3.1053367914750116
40,211,2.6277597462931856
40,212,3.302373216353231
40,213,2.5367131118168977
40,214,2.6803398149290807
40,215,2.825838359313745
40,216,2.7478143236718493
40,217,2.6150265122149774
40,218,2.657995821709279
40,219,2.6464731373498456
40,220,3.1182996679348176
40,221,2.806587061146966
40,222,2.5272431339302956
40,223,2.5254765550091607
40,224,2.824712215622032
40,225,2.6292505791654657
40,226,2.629175646004837
40,227,2.6976650477092305
40,228,2.5719971239733805
40,229,2.628940956798897
40,230,3.0370511156627717
40,231,2.630326728176039
40,232,2.8787557793882215
40,233,2.510953408937645
40,234,3.075999110628105
40,235,2.989835835967314
40,236,2.943659596099049
40,237,2.6883729977393647
40,238,2.6753694950942477
40,239,2.742834869749762
40,240,2.5848206311998134
40,241,2.603678123864745
40,242,2.546148827061172
40,243,2.600130062585355
40,244,2.519224031347524
40,245,2.682565358677058
40,246,2.679585181018986
40,247,2.8965237918662483
40,248,2.6516378798847002
40,249,2.763282037110138
40,250,2.8374097632106032
40,251,2.7902558567825477
40,252,2.8342039763626565
40,253,2.846927150560596
40,254,2.527219895879857
40,255,2.8453541638175084
40,256,2.7232005031786257
40,257,2.5785974890337
40,258,2.6463665803624923
40,259,2.5117385852796272
40,260,2.6929507443113265
40,261,2.9437160439575356
40,262,2.536273896773414
40,263,2.6705461782752793
40,264,2.6709364760111765
40,265,2.5488228482943294
40,266,2.9925900218626036
40,267,2.710611890772911
40,268,2.5707417526497203
40,269,2.542571933627043
40,270,2.8929299160567785
40,271,2.620650318357485
40,272,3.059080444331433
40,273,2.645476468066623
40,274,2.6389895650476713
40,275,3.0247904317516685
40,276,2.9950862854918947
40,277,2.732898455964158
40,278,3.0165782061518343
40,279,2.5528317984862587
40,280,2.5497000050866823
40,281,2.619720649074137
40,282,2.609272131255659
40,283,2.765162703664075
40,284,2.58546638161461
40,285,2.4958223800194754
40,286,2.508346670110192
40,287,2.5619242244265887
40,288,2.624549923725814
40,289,3.34269697948226
40,290,2.966535876245765
40,291,2.518175570016885
40,292,2.6058541973410474
40,293,2.6168336131590797
40,294,2.742194861320812
40,295,2.694972128211629
40,296,2.7948136100360035
40,297,2.8345257881096315
40,298,2.563819006866883
40,299,2.65680224095355
40,300,2.5825914389071047
40,301,2.6402152358571915
40,302,2.5779228524373234
40,303,2.6239892978065247
40,304,2.9982556300983667
40,305,2.590119600378589
40,306,2.57916550914971
40,307,2.634867248437631
40,308,2.5566510270112506
40,309,2.9594458837993716
40,310,2.628574622501505
40,311,2.6854731001017025
40,312,3.181389435927241
40,313,2.571273101192514
40,314,2.569093532836746
40,315,2.487096019507779
40,316,2.5004122973701643
40,317,2.5812671750656278
40,318,2.683133985460684
40,319,2.54199931564379
40,320,2.7055924220030443
40,321,2.687364270504526
40,322,3.708394295270841
40,323,2.5207600316920753
40,324,2.7957063370099107
40,325,2.7654654454984016
40,326,2.8242632048121084
40,327,2.5440247531434568
40,328,2.6709485566877946
40,329,2.525669658475461
40,330,2.7803548926493282
40,331,2.696307118744732
40,332,2.606817115445593
40,333,2.7153760174414403
40,334,2.6218176464067726
40,335,2.6369187626854114
40,336,2.785348218939388
40,337,2.4835072599326704
40,338,2.5965866021827635
40,339,2.949456395883658
40,340,2.603783974208121
40,341,3.21852110634085
40,342,2.578138129922681
40,343,2.6076900289632308
40,344,2.545323746453981
40,345,2.7352198957116753
40,346,2.64978875181415
40,347,2.9446687730357235
40,348,2.7165084962107557
40,349,2.6771306679490503
40,350,2.6032992558438903
40,351,2.7075886533671913
40,352,2.761787431363332
40,353,2.634089792055662
40,354,2.8394909947215594
40,355,2.583954261539339
40,356,2.9178023202689873
40,357,2.7983779676074634
40,358,2.64252332330226
40,359,2.8729575519000425
40,360,2.6078076010884637
40,361,2.510811849920766
40,362,2.594888959489413
40,363,2.612238663626301
40,364,2.9153677268276814
40,365,2.5409881150287377
40,366,2.56531009974035
40,367,2.6586672637532685
40,368,2.5446900249009583
40,369,2.5290148842217426
40,370,2.5599866955958666
40,371,2.53560678437371
40,372,2.760216741031206
40,373,2.638583725878852
40,374,3.180690271092959
40,375,2.6909245143141614
40,376,2.7208593534670857
40,377,2.6743394832999057
40,378,2.847304172956768
40,379,2.673744404179828
40,380,2.658810635491982
40,381,2.592724641579384
40,382,2.627429024732463
40,383,2.6863093541960383
40,384,2.7210197629003714
40,385,2.6198396591611903
40,386,2.488685223912246
40,387,2.540945014392646
40,388,2.738855197648105
40,389,2.9328573984500506
40,390,2.627639224162388
40,391,2.9829737549294824
40,392,2.931064684226257
40,393,2.654669410535082
40,394,2.758943370072418
40,395,2.72255100237199
40,396,2.719598040328776
40,397,2.9268913233381273
40,398,2.5688815368818925
40,399,2.53312320108931
40,400,2.6174908818108786
40,401,2.5681161580158074
40,402,2.65715806795195
40,403,2.6992985273015337
40,404,2.7500833250062717
40,405,2.4558555369579964
40,406,2.8018573550686705
40,407,2.6495026988374173
40,408,2.6421571491124665
40,409,5.087989762605953
40,410,2.602789485502329
40,411,2.9480117907170724
40,412,2.6817522267211715
40,413,2.646234143292347
40,414,2.793993635112524
40,415,2.6541838958205686
40,416,2.6265339133054058
40,417,2.7319100321178267
40,418,2.78532913259283
40,419,3.1013915214735586
40,420,2.605226162644556
40,421,2.5135363492561056
40,422,2.5708645252044064
40,423,2.515286225708046
40,424,3.264794701548096
40,425,2.6989760860454743
40,426,2.6028504981517595
40,427,2.6658551922342357
40,428,2.7896924742024614
40,429,2.7797193768447452
40,430,2.715088375302007
40,431,2.688195598809845
40,432,2.5976715574075055
40,433,3.3852216732244633
40,434,2.626654615398572
40,435,3.022023514436517
40,436,2.5903388754091754
40,437,2.55724664997449
40,438,2.612240706449643
40,439,2.6397511528016726
40,440,2.6623151864662353
40,441,2.797909260211879
40,442,2.560468080836656
40,443,2.888431142016281
40,444,2.734324765074472
40,445,2.55335205493573
40,446,2.4818959238723246
40,447,2.595140967423116
40,448,2.6491456758701855
40,449,2.881931786754047
40,450,2.674919231423218
40,451,2.8485914528434764
40,452,2.800351723148538
40,453,2.5904663339403076
40,454,2.5806567398204328
40,455,2.7578997978700275
40,456,2.711453190618865
40,457,2.748016457611825
40,458,2.63141574269078
40,459,2.5364809556335524
40,460,3.1540947561399397
40,461,2.6196125383999713
40,462,2.8477296491389885
40,463,2.669217271169194
40,464,2.781418119990617
40,465,2.726311530706902
40,466,2.7135191944312793
40,467,2.8534878269734234
40,468,2.7029850497534205
40,469,2.6748171525479387
40,470,2.5229975707130667
40,471,2.530321919518867
40,472,2.608483715920205
40,473,2.640306655151554
40,474,2.784157339509775
40,475,2.645638271066507
40,476,2.666307937099681
40,477,2.526836778516038
40,478,2.705929150377736
40,479,2.551361980006267
40,480,2.9658366194269417
40,481,2.7223666163468647
40,482,2.7775703730929986
40,483,3.0794805527973494
40,484,2.7756969490054497
40,485,2.706314361110496
40,486,2.8133788796920767
40,487,2.809269443991146
40,488,2.8511538065126225
40,489,2.833641656763631
40,490,2.485960384161162
40,491,2.7023738755897617
40,492,2.690984243485123
40,493,2.498793764573892
40,494,2.673258852213228
40,495,3.2717576627052734
40,496,2.6461144818077402
40,497,2.4977957671459854
40,498,2.7265065756543776
40,499,2.6104110871821105
50,0,2.557026357427097
50,1,2.534409113511791
50,2,2.8500541894479654
50,3,2.762701398759773
50,4,2.72820768668746
50,5,2.622465917337976
50,6,3.0876020609246235
50,7,2.7126987249683205
50,8,2.895419149341552
50,9,2.612911756281611
50,10,3.1757729057169635
50,11,3.113882876985024
50,12,2.7367433335265448
50,13,2.8300627474093147
50,14,3.0249617667894184
50,15,2.5411814530719306
50,16,2.6725368482249245
50,17,3.1551529264171143
50,18,2.807803037107158
50,19,2.4753330649432526
50,20,2.718027600333461
50,21,2.722994986270972
50,22,3.18613661684548
50,23,2.932831943617918
50,24,3.4479765952394077
50,25,2.7728249343331726
50,26,2.639966126392611
50,27,2.597925574583648
50,28,2.479893266187337
50,29,2.672277467128512
50,30,2.6894334287574946
50,31,2.7239493267910166
50,32,3.0872252910627807
50,33,3.303746124038087
50,34,2.675774424986453
50,35,2.5282381049197253
50,36,2.894323668491913
50,37,3.8005034242770215
50,38,3.2935994009339105
50,39,3.109997667222309
50,40,2.6310886037756633
50,41,2.9090630505505795
50,42,2.6132730369336774
50,43,3.4070637883287636
50,44,2.8430502720343185
50,45,2.770159954181547
50,46,2.7793027685115375
50,47,2.7739672835041045
50,48,2.804188008388435
50,49,2.595265590817784
50,50,2.862575807944435
50,51,2.6189854863060105
50,52,2.833290680876595
50,53,2.7041953738056743
50,54,2.6064712176858094
50,55,3.126991143164255
50,56,3.0578329622431344
50,57,2.7954173526390544
50,58,2.5542855136814255
50,59,2.476026031541429
50,60,3.4169630760868674
50,61,2.722818212490281
50,62,2.6120857945229745
50,63,2.5307486717846674
50,64,3.4165303790650308
50,65,2.757572051879811
50,66,2.5693334829984567
50,67,2.7706047635960402
50,68,2.655122598795925
50,69,2.721650236030223
50,70,2.8555902915314495
50,71,2.8335798429207224
50,72,2.6696972422482568
50,73,2.6459185327915167
50,74,2.6393766157919942
50,75,2.684327947024609
50,76,2.7559655741293128
50,77,2.5582163445725263
50,78,2.660125134012091
50,79,2.504957387918295
50,80,2.7904485401070045
50,81,2.8363201781882337
50,82,2.533576794518758
50,83,3.25220968310128
50,84,2.839834474122771
50,85,2.771881301867676
50,86,2.776971315416399
50,87,2.495524530973345
50,88,2.7422288624585307
50,89,3.0248510231672645
50,90,2.853503104819235
50,91,2.560463882987533
50,92,2.660171219277775
50,93,2.742072273645689
50,94,3.415599656880312
50,95,2.6976147348830266
50,96,2.6587571965285455
50,97,2.678894423727588
50,98,2.820707743037455
50,99,2.8579398914460925
50,100,3.3519905809786605
50,101,3.025472701834846
50,102,2.8259737762112813
50,103,3.31680002323717
50,104,2.729259772931567
50,105,4.09772858612534
50,106,2.733626737210026
50,107,2.594004447786487
50,108,2.655557586580482
50,109,2.684923757758319
50,110,2.6687349859566947
50,111,2.7337144480455593
50,112,2.7601999530877146
50,113,2.65509079254085
50,114,3.124489202903249
50,115,2.6610006173585434
50,116,3.7201881197642055
50,117,2.6480113982924838
50,118,2.6266699151944732
50,119,2.830518437847824
50,120,2.6005953229337337
50,121,2.9391244478011838
50,122,3.081849458297291
50,123,3.28708732726596
50,124,2.5981767741215283
50,125,2.9634123852031427
50,126,2.6960845192842844
50,127,2.5609212820748235
50,128,4.037912993350957
50,129,2.857682399029428
50,130,2.806690393235938
50,131,2.612829571161795
50,132,2.5404677499915174
50,133,3.147130414319703
50,134,2.582312271149691
50,135,3.149690426414979
50,136,2.6366233651719724
50,137,2.8483136967628844
50,138,2.522777353789629
50,139,3.4836200920109266
50,140,2.6713553621832635
50,141,2.5946959889482684
50,142,2.7264657505776695
50,143,2.9706541411334424
50,144,3.4396685927070214
50,145,2.8101006942773084
50,146,2.725217558356957
50,147,2.539519460981925
50,148,3.2434275301479083
50,149,2.5425653573052918
50,150,2.762467236864834
50,151,2.8028584202193993
50,152,2.6648465682544025
50,153,2.6442437762763604
50,154,2.561971590640024
50,155,2.6719390808465495
50,156,2.8345555404796783
50,157,2.781323801692342
50,158,2.55025335842325
50,159,2.5730652664185887
50,160,2.557748670435292
50,161,2.880777785748819
50,162,2.7981710118679177
50,163,2.5199729064925913
50,164,2.583431065234211
50,165,3.3920101481509204
50,166,2.586582539106859
50,167,2.5790207711083215
50,168,2.686099186174516
50,169,2.590470850279543
50,170,2.6738812840633996
50,171,2.7310167020735903
50,172,2.6323638290212905
50,173,2.7949840891356446
50,174,2.7940582082135603
50,175,2.584790584063291
50,176,2.6934116332741502
50,177,2.7848794391502945
50,178,2.4590830535427672
50,179,3.0654076581118925
50,180,2.64872410307853
50,181,2.7432807887527546
50,182,2.908788820108308
50,183,2.7088421994440006
50,184,2.569229106127683
50,185,2.699265760792366
50,186,3.1186878582868993
50,187,2.6502697062335567
50,188,2.502429541762496
50,189,2.9999925218403387
50,190,3.3320481597681453
50,191,2.791078795677542
50,192,2.801383801611216
50,193,2.717115929398352
50,194,2.7033431380433224
50,195,2.5349768816720726
50,196,3.310920413491128
50,197,2.617454434823492
50,198,2.88040246612763
50,199,2.8589068179717874
50,200,2.826226983848562
50,201,2.5722357721251794
50,202,2.641324772196218
50,203,3.7821004133014218
50,204,2.997953582189055
50,205,2.7849874489016675
50,206,2.8972548146369475
50,207,2.596969902492255
50,208,2.485972671507791
50,209,2.466145532806591
50,210,2.5177742096165994
50,211,2.593189895108446
50,212,2.695417834923958
50,213,2.72247362597573
50,214,2.473879920435515
50,215,2.7653572022759922
50,216,2.8777482791602615
50,217,2.6738069200914545
50,218,2.78294178966401
50,219,3.19646200701423
50,220,2.7206603505345375
50,221,3.0888680874835446
50,222,2.762871428370907
50,223,2.6660031257770815
50,224,2.7080134214312457
50,225,3.050007336475019
50,226,2.5335214462006013
50,227,2.7174560021694045
50,228,2.6389523231201477
50,229,2.527052953688293
50,230,3.1031226087519297
50,231,2.5585215093104092
50,232,3.3991958557095048
50,233,3.1685607548167796
50,234,3.2380423711022734
50,235,3.0894795518290863
50,236,2.6120451844769845
50,237,2.7176428301299094
50,238,2.493226620795198
50,239,2.927774267210575
50,240,2.608980793799798
50,241,2.637765195107283
50,242,2.622356606270746
50,243,2.527588587998839
50,244,2.572589992304749
50,245,2.724597368323966
50,246,2.6803052743349873
50,247,2.7354777713113023
50,248,2.9464867061018216
50,249,2.775095290182848
50,250,3.113192930158137
50,251,3.054980427558771
50,252,2.79509443487456
50,253,2.822852773900432
50,254,2.5958301092278453
50,255,2.869092018876422
50,256,2.8198719663194938
50,257,2.7886924608207155
50,258,2.5311459757508574
50,259,3.1451139267240213
50,260,2.550554222651438
50,261,3.1869518859150388
50,262,2.8732432092576596
50,263,2.7098321425430787
50,264,2.604136730636381
50,265,2.6349839607644467
50,266,2.6711538040457996
50,267,3.2200344566106383
50,268,2.66869919575784
50,269,2.5710947613577235
50,270,3.4108631523559034
50,271,2.5825660919103903
50,272,2.5951314500417917
50,273,2.639590752772324
50,274,2.904139127134861
50,275,2.614441169518186
50,276,2.7116805983389036
50,277,2.884600852247501
50,278,3.135914539677486
50,279,2.5646260269342873
50,280,2.962337811308485
50,281,2.6500220778149473
50,282,2.658579496959375
50,283,2.840150864783389
50,284,2.4728292747081007
50,285,2.7341941465938095
50,286,2.567721674473634
50,287,2.8386249858534116
50,288,3.120649228504298
50,289,2.539825473700279
50,290,2.873391472501759
50,291,2.455153030200557
50,292,2.5603586749905456
50,293,2.858874229188244
50,294,2.5954998861536427
50,295,2.762634140959557
50,296,2.556891346488745
50,297,2.6801213080271222
50,298,2.6011741100715895
50,299,2.5825925630132667
50,300,2.816523642402374
50,301,2.575386923346205
50,302,2.685165586324912
50,303,3.082782249965143
50,304,2.6755813458925566
50,305,2.806835815418404
50,306,2.6968206929922602
50,307,2.74309073945982
50,308,2.5682962150690245
50,309,2.728481340342934
50,310,3.586185575925698
50,311,3.0637208317143787
50,312,2.5611970334653167
50,313,2.6425302341454637
50,314,3.1575708397665117
50,315,2.6064468563483305
50,316,2.57373850436847
50,317,2.9254967482161622
50,318,2.6406627233243807
50,319,2.549428312524884
50,320,2.9577227502005448
50,321,2.88213061106817
50,322,3.026631474049643
50,323,3.095064791928762
50,324,2.6300710337013524
50,325,2.5228054306222134
50,326,2.5980909067014446
50,327,3.238491783553461
50,328,2.8498325038778978
50,329,2.6126524462652267
50,330,2.653641264714386
50,331,2.731005909528597
50,332,3.382706356007125
50,333,2.568810058776877
50,334,2.684534469918825
50,335,2.7593693887163777
50,336,3.227268823154534
50,337,2.5757958477686347
50,338,2.6747500758886273
50,339,2.9709163414413795
50,340,3.261925668363313
50,341,2.8644235051010214
50,342,2.7202921708111854
50,343,2.611295222882439
50,344,2.494544481588004
50,345,2.768671292557499
50,346,2.886582998717953
50,347,2.5119431524386937
50,348,3.6935837368358566
50,349,2.7777368874295236
50,350,2.568146639268792
50,351,2.693663686243317
50,352,2.7730315928803515
50,353,3.0677050110437563
50,354,2.658947001647815
50,355,2.621257293426048
50,356,2.628367093111589
50,357,2.9058786574773614
50,358,2.593245385503843
50,359,2.8434853425989233
50,360,2.5825206570145065
50,361,2.718106659370968
50,362,3.1642128808696426
50,363,2.726032081973142
50,364,2.6450367422330263
50,365,2.7572546290112236
50,366,2.8188981179429633
50,367,3.762230446247603
50,368,3.3390613290120528
50,369,2.928387137090508
50,370,3.664504514227114
50,371,2.7460340419126292
50,372,3.4886486503925895
50,373,2.582138630690348
50,374,2.8896200536313508
50,375,2.9586159764623305
50,376,2.5946554589865016
50,377,2.5731999005763098
50,378,3.110192089748991
50,379,2.7172407484860055
50,380,2.9191838603908997
50,381,2.621359872892221
50,382,2.4819551518362157
50,383,3.8461872719112207
50,384,2.8915101698202266
50,385,2.5663628714493947
50,386,3.0226028524358157
50,387,2.5841128145484964
50,388,2.771801128299803
50,389,3.1467057832036955
50,390,2.750506260081072
50,391,2.7363590036641963
50,392,2.6803231688588336
50,393,2.964829373325396
50,394,2.957367381354546
50,395,2.69870940184807
50,396,2.658554887426816
50,397,2.839362088017698
50,398,2.7996348201967685
50,399,2.696267183900826
50,400,2.652447904377224
50,401,3.608971383123935
50,402,2.823140514020179
50,403,2.6163598569591513
50,404,2.919153979803278
50,405,2.5789904335788925
50,406,2.943761210422433
50,407,2.698820707557285
50,408,3.705272671981235
50,409,2.671367301571025
50,410,2.528489858317828
50,411,2.589431939342231
50,412,2.9888006056540424
50,413,3.407604858198713
50,414,2.726623076185134
50,415,2.8383709193581423
50,416,2.599697170289118
50,417,2.791343140608656
50,418,3.4123243703315365
50,419,2.7449283790248553
50,420,2.6337254719360703
50,421,2.5834383213340923
50,422,2.747478473305939
50,423,2.617892142294685
50,424,3.8018462104981605
50,425,2.5807334721308237
50,426,2.767987625848755
50,427,3.1611213508993643
50,428,2.834693768281891
50,429,2.660642562755712
50,430,2.7610682644962115
50,431,2.892151573365021
50,432,2.5964004829374474
50,433,2.9328875332724484
50,434,2.8120290433370445
50,435,2.536898857934892
50,436,2.6259197520762276
50,437,2.897535503570676
50,438,2.582464517300348
50,439,2.6370950529813326
50,440,2.712061418384936
50,441,2.825806128837162
50,442,2.8730465844975197
50,443,2.8846437896118156
50,444,2.5828681495722985
50,445,2.576358423593567
50,446,2.61833119785379
50,447,2.5066895019793596
50,448,2.6734075037784137
50,449,2.842467407056182
50,450,2.4833924093820894
50,451,2.562746909849803
50,452,2.5334061158693424
50,453,2.6673895751711316
50,454,2.863987833228217
50,455,2.7555179757293407
50,456,4.786667324392004
50,457,2.8214746917689237
50,458,2.960763033139499
50,459,2.5355569864924266
50,460,3.0970405343838463
50,461,3.2596529413297968
50,462,2.66082225882628
50,463,3.190270205853613
50,464,2.5670944064409573
50,465,2.566754141190814
50,466,3.0084814383827565
50,467,2.797176992291666
50,468,2.7207628919931968
50,469,2.7885343970142005
50,470,2.812041071521554
50,471,3.0785444690413426
50,472,2.668039278438165
50,473,2.772504506887883
50,474,2.4855865253125433
50,475,2.9032468677864167
50,476,2.8858553332869374
50,477,2.697326345701967
50,478,2.8534698809934333
50,479,2.4565306448944835
50,480,3.0295605985889646
50,481,2.7380534481094694
50,482,3.231066428550541
50,483,2.609089555612949
50,484,2.6712069081994634
50,485,2.6631817017689743
50,486,2.7539355048361167
50,487,2.68391186815131
50,488,3.5579278364013094
50,489,2.574321525483811
50,490,2.778250500662419
50,491,3.542771305873179
50,492,2.7127540154329965
50,493,2.5466350796387593
50,494,2.8855662059692717
50,495,2.6271872171753157
50,496,2.786950567821015
50,497,3.090389533891561
50,498,2.785976192636344
50,499,2.589481560707039
60,0,2.708403729281865
60,1,2.514585192887022
60,2,2.5863898640601404
60,3,2.882490227811939
60,4,2.581188300597232
60,5,2.6259791709672147
60,6,2.6971749724530367
60,7,2.929298994814129
60,8,2.499424847566603
60,9,3.188000992675032
60,10,2.4949301357377007
60,11,3.6234687130619525
60,12,2.9846451643564302
60,13,2.9344096990565642
60,14,3.0464286236405345
60,15,2.989812408347677
60,16,2.775312823030669
60,17,2.613459161588981
60,18,2.988600344599177
60,19,2.9470541197034534
60,20,3.0432730110984885
60,21,3.386078492005602
60,22,2.6551822097349236
60,23,3.092807920207837
60,24,3.7393754987575214
60,25,2.751170747442764
60,26,2.942781469119107
60,27,2.8463762624385254
60,28,2.777975862894527
60,29,3.327522837393758
60,30,2.5483287985612875
60,31,2.5257712719847016
60,32,2.633818372400765
60,33,2.8213474162934373
60,34,2.9664818372531503
60,35,2.613126358655804
60,36,2.571058443317847
60,37,2.5789399650558997
60,38,3.381187610350231
60,39,2.999760113769587
60,40,3.1775493169724096
60,41,2.9622176362576234
60,42,2.6809571006297253
60,43,2.706895643233495
60,44,3.6797364100306846
60,45,2.765753515654691
60,46,2.7200088745400364
60,47,3.6707943733329698
60,48,3.330649890539696
60,49,2.9266341108985303
60,50,2.9590497915446203
60,51,2.7343756733959768
60,52,3.2029742203005713
60,53,2.955512312232517
60,54,2.937757801370127
60,55,2.6853435031202397
60,56,2.7924435840324846
60,57,2.574882334385596
60,58,2.813980799278224
60,59,2.9150315043426036
60,60,3.112279808994817
60,61,2.6072127628977513
60,62,2.7648474398899126
60,63,3.2596072673398395
60,64,4.3303893335999435
60,65,2.689666379747915
60,66,5.666684311800948
60,67,2.74451319801851
60,68,3.712271697674417
60,69,2.7192961223829513
60,70,4.34370456606174
60,71,2.9370193618359144
60,72,3.736488025799591
60,73,2.8477829940960735
60,74,2.8384206865338277
60,75,2.5760062776601376
60,76,2.552070740273525
60,77,2.9801683498076663
60,78,3.2581865821824603
60,79,2.616826013919364
60,80,3.423195238603918
60,81,3.8347878313915222
60,82,2.7342309714564896
60,83,2.8636849235145796
60,84,2.896440429608349
60,85,2.6090203787486375
60,86,3.1188501129570807
60,87,3.6859679324330687
60,88,2.61631858308464
60,89,2.8892089597171027
60,90,3.005212158142337
60,91,2.640395162368603
60,92,2.9970417381538432
60,93,3.055855686277561
60,94,2.6166043380945636
60,95,2.670131103688967
60,96,4.829829758319379
60,97,3.1620737832999706
60,98,3.128089410938615
60,99,2.7100301657723054
60,100,3.322988052924017
60,101,2.700633629554193
60,102,3.9009810299283085
60,103,3.6391543111121725
60,104,3.1457532206506924
60,105,2.9510916935465628
60,106,2.484703017744171
60,107,3.0108534517330057
60,108,2.57592150542803
60,109,3.9157014689337424
60,110,2.74294333679984
60,111,3.476369012671009
60,112,2.837034790045831
60,113,3.317607425395773
60,114,2.5615662166868733
60,115,3.9135542646173587
60,116,2.6062342134373795
60,117,2.755355450221978
60,118,2.578675916385977
60,119,2.93342933407083
60,120,3.092350140332483
60,121,3.2019050435366205
60,122,2.987542486787469
60,123,3.3912141838118663
60,124,3.0050983115329704
60,125,2.7156472220133865
60,126,2.6381722899696984
60,127,2.882610272314779
60,128,3.057063673615946
60,129,2.8632623801262964
60,130,3.1883429856778256
60,131,2.778830234909533
60,132,2.8060375632119205
60,133,3.5293725428588103
60,134,2.6721695326726795
60,135,2.70372309290985
60,136,2.6779052699315313
60,137,2.6730640053450454
60,138,3.3346604513338804
60,139,3.0674213129598544
60,140,2.9025190792543833
60,141,3.428589209050276
60,142,2.627389333879575
60,143,2.746948534350763
60,144,2.543295241563199
60,145,6.826659716193537
60,146,2.7916271378485007
60,147,2.956111460321157
60,148,2.7937623493365136
60,149,2.490989896671104
60,150,2.7811502096767753
60,151,3.015714306854865
60,152,3.0387893946197986
60,153,2.728981414100868
60,154,2.8566901612417315
60,155,2.4622916627604208
60,156,2.658719207532641
60,157,2.5522693609010783
60,158,2.5796074440653567
60,159,2.575496385536324
60,160,3.2467923122662388
60,161,2.6505514300949464
60,162,2.688371863930609
60,163,2.500571587665123
60,164,2.991784396575399
60,165,3.163297445827218
60,166,3.6229565468168667
60,167,2.9993027300354553
60,168,2.5257735050581966
60,169,2.6692660658441136
60,170,3.6882023901141783
60,171,2.5878894297861272
60,172,2.6086890820686603
60,173,2.793857024569713
60,174,2.8532933108396277
60,175,2.9645960411505348
60,176,2.8122073626577175
60,177,3.554071045509001
60,178,2.604642004953033
60,179,2.6122851011342
60,180,2.7358545988029097
60,181,2.993984593014895
60,182,2.6240613398393324
60,183,2.741002129632512
60,184,2.7207710608249744
60,185,2.842670215298848
60,186,2.5297612577337314
60,187,3.145016305661323
60,188,3.1067213503441415
60,189,3.465294896950782
60,190,2.5012038519259536
60,191,2.6048929988983076
60,192,3.3734187238504982
60,193,2.6865876656092995
60,194,3.7797370449851804
60,195,2.613674783877502
60,196,3.980282586310891
60,197,2.8285704056487733
60,198,2.721071911216332
60,199,2.731225011216779
60,200,2.466475094983707
60,201,2.7593820909743316
60,202,3.073949913326082
60,203,3.2373633480145583
60,204,2.635965984589699
60,205,3.181515449497889
60,206,3.1009655958161635
60,207,3.4395945552382763
60,208,2.601603621033296
60,209,2.7830984736527222
60,210,2.5438979059714057
60,211,4.013021806004671
60,212,2.7032843078527256
60,213,3.95155421582712
60,214,3.047561291784241
60,215,3.4052440327347715
60,216,2.4981608685549803
60,217,2.6020293015109086
60,218,2.62913834494627
60,219,2.8936159872261467
60,220,2.708405074343624
60,221,4.022179381996196
60,222,3.007644351168384
60,223,3.1057274397788968
60,224,3.033223062866754
60,225,2.5589521538912328
60,226,2.706948693734268
60,227,2.6102058270072
60,228,2.6244200797891977
60,229,2.7628375278122026
60,230,2.846401772619486
60,231,2.767648219946671
60,232,2.920040426614258
60,233,3.116327863885619
60,234,2.670320220480402
60,235,2.619949005783239
60,236,2.469330504930881
60,237,2.8375715984583327
60,238,2.6482019755862276
60,239,3.1250817322408597
60,240,2.728587966620023
60,241,2.5448613235287225
60,242,2.490606449708632
60,243,2.687191566255732
60,244,2.6356763794226716
60,245,2.7648275281311294
60,246,3.2406713882989684
60,247,2.6012991060373647
60,248,2.771967538296363
60,249,2.863138724669461
60,250,2.674381022550782
60,251,2.9701287696259286
60,252,2.787032664800282
60,253,3.116428600867708
60,254,2.555298321551415
60,255,3.160682650246641
60,256,2.702073937353131
60,257,2.5947171699442784
60,258,2.7505358744850406
60,259,3.297643813583174
60,260,3.312164826102416
60,261,2.8627935244424196
60,262,2.536489528664327
60,263,2.758082651955376
60,264,3.2139050647830647
60,265,2.511639682212463
60,266,3.2911710843163586
60,267,4.776804627083108
60,268,3.000108160524156
60,269,2.831295072792242
60,270,3.8629954263160715
60,271,2.578908748401139
60,272,3.1624030897355766
60,273,2.5976745666024352
60,274,3.178819608576866
60,275,3.292712373109171
60,276,3.7299504542346797
60,277,2.756107674248029
60,278,2.780916091749703
60,279,2.656576379482332
60,280,3.7894450548216794
60,281,2.686446258813363
60,282,2.9626416255217425
60,283,2.877684720858234
60,284,2.6569576410767577
60,285,3.2604247596014067
60,286,2.788233966120444
60,287,2.8918285914010005
60,288,3.111597308242237
60,289,3.085702991944113
60,290,3.222567996183617
60,291,3.4446843242485974
60,292,3.133584448697221
60,293,2.9214127522325155
60,294,3.1367327644328524
60,295,3.1489522816532896
60,296,3.6542441139269948
60,297,3.018819803331456
60,298,3.1051269176970844
60,299,2.7283441286009276
60,300,2.5673584050982803
60,301,3.4939755631161202
60,302,2.790288137213151
60,303,2.575912309988068
60,304,2.7269490805119356
60,305,2.649756411074363
60,306,2.862071533974893
60,307,2.856213105918406
60,308,2.8444791682402455
60,309,2.803665351523833
60,310,2.618526225460729
60,311,3.1319418145197586
60,312,3.570691276619854
60,313,3.1000360599874983
60,314,2.721324013936414
60,315,3.053314318083313
60,316,2.90646066413358
60,317,3.0471844969454627
60,318,3.3844364591297764
60,319,2.541393340836517
60,320,3.015947299021052
60,321,2.5803027895617188
60,322,3.2496484794832905
60,323,3.690067830275547
60,324,3.1349966421544533
60,325,2.8507147237933705
60,326,2.7813189476723075
60,327,2.5497053972326325
60,328,2.716024263073294
60,329,2.7319296159587427
60,330,2.59057449035021
60,331,2.7427043207925696
60,332,3.1158665639334866
60,333,2.6743777434311116
60,334,3.616404312656586
60,335,3.0971027136195386
60,336,2.9892620101637024
60,337,3.0649972225709274
60,338,2.620356140431467
60,339,3.169811581766393
60,340,3.306738694450919
60,341,2.927063007899222
60,342,2.536115356375963
60,343,2.9397138094570874
60,344,2.544576035999192
60,345,4.768892975075611
60,346,2.4745819316099893
60,347,3.7858236376979195
60,348,2.567731150743931
60,349,3.04072522632863
60,350,2.6118566832073355
60,351,3.047395006700252
60,352,2.9520689711842407
60,353,2.776982345515543
60,354,3.129577462918788
60,355,3.4257851253578666
60,356,3.170662519476371
60,357,3.5312226520128034
60,358,2.946840038671368
60,359,2.9592860272229204
60,360,2.6288585458803846
60,361,2.694375125713171
60,362,2.676867995493772
60,363,2.6254064331082363
60,364,2.820044961355132
60,365,3.1147740627421103
60,366,2.836265341817171
60,367,2.928907857281446
60,368,3.077172541142895
60,369,2.5564919135853024
60,370,2.5233504358795713
60,371,2.690689459626753
60,372,2.6570345533613975
60,373,2.9458478909649797
60,374,2.6343834766638454
60,375,2.7294977842465498
60,376,2.755236362236421
60,377,2.610248081369657
60,378,2.8477120170215593
60,379,4.752381346816336
60,380,2.5257337185706947
60,381,2.7852818713476712
60,382,3.0078637192854996
60,383,2.777150111211637
60,384,3.7913507183042086
60,385,2.882071106833237
60,386,4.290544864794047
60,387,2.8334856875981864
60,388,2.753336040635666
60,389,3.254610188353623
60,390,2.8815629315578315
60,391,3.2083090167889186
60,392,2.6393016532566222
60,393,2.892031284780166
60,394,2.876561762372792
60,395,2.674531291769175
60,396,3.021643573617267
60,397,2.7349958785505217
60,398,2.651559740063613
60,399,2.951303475237385
60,400,3.354736242397464
60,401,3.454390961566435
60,402,3.7233382520682063
60,403,2.724822487124828
60,404,2.759587576183494
60,405,2.5986396063642143
60,406,2.968921311213892
60,407,2.704161546289135
60,408,2.6961858906749865
60,409,2.6356579893547343
60,410,2.8360471933992586
60,411,3.4423325001419407
60,412,3.5168082550724864
60,413,2.7784769372230054
60,414,2.8356128756883274
60,415,2.774202526435216
60,416,2.9596907244663018
60,417,2.787018696965727
60,418,2.7114339133255703
60,419,2.955144082274559
60,420,2.737192135455848
60,421,3.076852233943645
60,422,3.1818641266227714
60,423,3.0564758952044557
60,424,2.7573880588460615
60,425,2.6544923201406667
60,426,3.2183213581577856
60,427,2.518675729978476
60,428,2.7144880304914425
60,429,5.0583017298516255
60,430,2.6325204248424807
60,431,2.598160666952928
60,432,2.7485975877184283
60,433,3.8695661798773853
60,434,2.8337103752175428
60,435,2.662294171331506
60,436,3.1042740626190057
60,437,2.728615122903773
60,438,3.604650836487567
60,439,2.4947220888793273
60,440,2.775393587762365
60,441,2.926965943445164
60,442,2.5998900114671075
60,443,2.901513374715564
60,444,2.7656311866510013
60,445,2.656546666515011
60,446,3.0215310271874705
60,447,3.9186357240988428
60,448,2.8549452761560468
60,449,2.911711196183742
60,450,2.995051960408919
60,451,3.3129954762608294
60,452,4.55901991309445
60,453,3.4347546294848814
60,454,2.6237952254208685
60,455,2.7413729466719823
60,456,3.489075289730532
60,457,2.641278072522
60,458,3.2029834626378
60,459,3.1643065931232557
60,460,2.6300372732495405
60,461,3.4374180740131037
60,462,3.1894754017316513
60,463,2.7265655060322196
60,464,3.1806032422212356
60,465,3.0802285943151237
60,466,3.025070064990325
60,467,2.728993121333064
60,468,2.6085912585686453
60,469,2.6113587870926205
60,470,2.9105361625440724
60,471,2.6263234608846977
60,472,3.1185762529576015
60,473,2.739330235361754
60,474,2.687105435909002
60,475,3.7757304509264618
60,476,2.9224994797945594
60,477,3.2767186251229217
60,478,2.8360750612903916
60,479,2.932705421887148
60,480,2.7963049189176625
60,481,2.626651382268877
60,482,2.6510228275383048
60,483,3.038680434307413
60,484,2.4904164860633147
60,485,2.992078646540259
60,486,3.097495026072915
60,487,2.8875160771241295
60,488,3.432382515830441
60,489,2.8707944314304426
60,490,2.9681720010368773
60,491,2.7853200483708385
60,492,2.5376023488017103
60,493,3.187758394635169
60,494,2.5879227813853976
60,495,2.7651828419519333
60,496,2.8080164490297768
60,497,2.8476838769096844
60,498,2.7772077690755355
60,499,2.795820536297567
70,0,3.9853311844931327
70,1,3.279425420885709
70,2,2.570554678593635
70,3,3.553686752568682
70,4,3.2899044112960723
70,5,2.6845039369670376
70,6,4.099721689340264
70,7,3.3914875433916927
70,8,3.2799477661726537
70,9,3.6894276494993634
70,10,2.6734252432758994
70,11,2.996759977227952
70,12,3.759716891838662
70,13,3.964058960867983
70,14,4.715272522455081
70,15,5.284215932938038
70,16,4.391809809095354
70,17,2.571770968178993
70,18,2.945806122361048
70,19,3.9581222413406576
70,20,3.229594192697015
70,21,2.5161941609962115
70,22,3.8150430308472565
70,23,3.1411657353540168
70,24,3.320882584310062
70,25,2.694758504433861
70,26,3.832664720766995
70,27,4.295376064066114
70,28,3.97046997768161
70,29,3.331793811503952
70,30,2.638237188979901
70,31,2.9649326820709967
70,32,3.1782273284373526
70,33,3.4190379259683543
70,34,2.8069301535446467
70,35,3.1720979600775414
70,36,2.692945165015656
70,37,2.86495889809641
70,38,4.378264512065236
70,39,3.5419183618032903
70,40,3.3539573983993485
70,41,3.550164021085137
70,42,3.999569557808161
70,43,4.2811354834032525
70,44,2.7114779251117564
70,45,2.7245019088225106
70,46,2.5867144265843747
70,47,6.209574396057861
70,48,3.717424483666043
70,49,2.765880273593238
70,50,3.2605190816588716
70,51,3.7330800902192505
70,52,2.6362721822705115
70,53,2.824573430972478
70,54,2.5749189932845016
70,55,3.2282221871158256
70,56,3.8207128453812538
70,57,2.760982929409485
70,58,2.7433054629847744
70,59,3.7628997175538044
70,60,2.7091272050899744
70,61,3.7296026201305637
70,62,2.715589717414756
70,63,4.8389754565883125
70,64,3.7144712375463844
70,65,4.228787156551796
70,66,3.9975824107019244
70,67,2.696990607692328
70,68,3.078315691722989
70,69,2.5445634018078835
70,70,3.3681028356438483
70,71,3.0085674361596655
70,72,3.139612987355768
70,73,2.657093911376005
70,74,3.3811243702854994
70,75,2.6247911469500314
70,76,2.5538048704778706
70,77,2.636455640755475
70,78,2.6612445715117348
70,79,3.3249938722358974
70,80,3.172375814953901
70,81,4.345600988877911
70,82,2.891089584016062
70,83,2.975832264370538
70,84,3.3078781657038276
70,85,2.6359209567182207
70,86,2.9163893755559243
70,87,2.6301852308971365
70,88,3.5111073324617816
70,89,3.152611268496905
70,90,3.9257525096973627
70,91,2.9085598104813974
70,92,3.4021963684304555
70,93,2.7143423019247686
70,94,2.6902054098280894
70,95,2.7920925583174023
70,96,3.5927422033016447
70,97,2.619609525951402
70,98,2.71993782531572
70,99,2.747404523062105
70,100,3.839584566262469
70,101,4.283651757815534
70,102,3.1231802741117027
70,103,2.5948845397115265
70,104,4.4340060558648995
70,105,3.0230790299829122
70,106,2.5311510453465833
70,107,3.6558881474897387
70,108,2.560765651359035
70,109,2.8025892242050072
70,110,2.7027050569781106
70,111,4.601894515659819
70,112,2.7257601515448595
70,113,3.2649860332878284
70,114,2.670552785616367
70,115,3.511276825619681
70,116,2.920734532721738
70,117,4.0831276750157315
70,118,2.8111396003597555
70,119,5.540108713151525
70,120,4.355367566856646
70,121,4.5589978992549405
70,122,2.8640111395710646
70,123,2.8388008675794514
70,124,2.766003328376388
70,125,2.5949381507069154
70,126,3.630184765315357
70,127,2.8257115178508587
70,128,4.363773650196626
70,129,3.3915101022481093
70,130,2.9549620605332967
70,131,2.53592441969683
70,132,3.1673056719891464
70,133,2.8409939591232978
70,134,2.7822886947852536
70,135,3.078733883904864
70,136,2.717765785345353
70,137,3.3962579149514043
70,138,2.834323082795878
70,139,3.6866763705247045
70,140,3.2240643833192357
70,141,4.2674158048626705
70,142,2.7886127821814544
70,143,3.6536488000072045
70,144,2.98327435658762
70,145,3.294321286077552
70,146,3.2594708891157103
70,147,2.618088472167397
70,148,4.433966588302255
70,149,2.949090684092771
70,150,3.5773915334034605
70,151,4.433893718244425
70,152,3.3045661297152984
70,153,2.5950086968564663
70,154,3.2325774238365006
70,155,3.1060250003187826
70,156,2.689138002086791
70,157,2.591650010197804
70,158,2.7514219562043505
70,159,3.372984237805282
70,160,2.6368026281963437
70,161,2.6600785612252547
70,162,5.576674358696805
70,163,3.254395710786946
70,164,2.7302077219769654
70,165,2.799992957363568
70,166,3.8856537682679044
70,167,2.8896998270494065
70,168,2.714246985646831
70,169,3.5299336911667503
70,170,3.854833645699084
70,171,2.8536807640542676
70,172,3.069697198089727
70,173,2.8717849615993023
70,174,3.3033909495503044
70,175,2.5615401289035837
70,176,2.931776445645623
70,177,3.158462475897832
70,178,2.708838757028362
70,179,4.498351614294608
70,180,2.9304890472918483
70,181,2.8039092343904555
70,182,2.5025443674381527
70,183,3.325970917531877
70,184,2.897287810329157
70,185,3.495324350565222
70,186,3.7192318540234455
70,187,3.5621696595728576
70,188,3.341017662622009
70,189,2.6339360795058244
70,190,3.0268544934345565
70,191,2.661818485683598
70,192,2.898262095604789
70,193,2.6165705020305126
70,194,2.651652020996683
70,195,3.3320393063872036
70,196,3.778503900157
70,197,2.6404969915871295
70,198,3.0986599058971436
70,199,2.653428737206517
70,200,2.7461537009873824
70,201,2.66204607755627
70,202,3.13816955196397
70,203,3.7095044402487436
70,204,3.476307221117747
70,205,3.0703878837551994
70,206,2.6510808051151327
70,207,2.846637092647885
70,208,2.9998889921457934
70,209,2.469977771564449
70,210,2.7717351320196646
70,211,3.300655952030129
70,212,2.823494746273826
70,213,3.362989640420183
70,214,2.893581486195561
70,215,2.8639717929919155
70,216,2.7421324387648425
70,217,3.344366534035144
70,218,4.453338139193092
70,219,4.425504755687648
70,220,3.358095063580827
70,221,2.6120521829665684
70,222,2.5325068754567472
70,223,2.543078013146744
70,224,2.627826869867931
70,225,3.059103668882591
70,226,3.027522367986069
70,227,2.870545130915079
70,228,3.102455582340854
70,229,3.1958328769270623
70,230,3.846835202088797
70,231,2.561211445694178
70,232,3.8761226507200615
70,233,2.7173170309637396
70,234,3.8386677989273674
70,235,2.8558932370375363
70,236,3.5359962219891745
70,237,2.5011797837051444
70,238,3.2354086099264423
70,239,2.6579990760772914
70,240,2.5285398523014124
70,241,2.8352106703642543
70,242,2.7570026884457173
70,243,3.7257139599229303
70,244,4.181415865323139
70,245,3.3232289770356864
70,246,3.3963915944103733
70,247,5.6916570321792435
70,248,3.9586162424465448
70,249,3.1141058470425653
70,250,3.3647942251557907
70,251,2.800153614846308
70,252,2.544995330909875
70,253,2.986105282814234
70,254,2.5567484116569474
70,255,3.4777370274033927
70,256,2.585197579269371
70,257,3.9777079099476143
70,258,4.381246694136097
70,259,4.712813013231015
70,260,2.7313798085774508
70,261,3.534455094566107
70,262,2.783524436750452
70,263,2.644926362894251
70,264,3.0797772394170195
70,265,3.2842310097412484
70,266,2.7951932019391648
70,267,4.5553560259371455
70,268,2.807152102251661
70,269,2.800595573187282
70,270,2.8663896813320635
70,271,3.384639832524991
70,272,4.684340062117202
70,273,3.0141971691264913
70,274,3.0079794741994017
70,275,3.1632398583601358
70,276,2.747864928557898
70,277,2.74931142102454
70,278,3.0462262502131114
70,279,3.4294389357226764
70,280,2.781229054260695
70,281,2.6578949631423083
70,282,2.653684272587488
70,283,3.0870417834218977
70,284,4.202365580518414
70,285,3.6247283380987128
70,286,2.8413601385872713
70,287,3.791331351614676
70,288,2.8068014889665855
70,289,2.7279402208469894
70,290,4.165156321515343
70,291,2.7174964458218764
70,292,2.5406201488301274
70,293,3.0809240850715027
70,294,2.8972601336485657
70,295,2.5149633541399403
70,296,3.1178158543598173
70,297,3.106046458816293
70,298,3.0476879023541987
70,299,3.3652607966991988
70,300,2.709521540665336
70,301,3.005905482469026
70,302,3.0364659053205454
70,303,2.743912278496045
70,304,2.727103907647973
70,305,2.866153415256237
70,306,2.621857624979729
70,307,2.5268569998014083
70,308,2.9630248285973675
70,309,2.7525993994921367
70,310,3.6206021121171554
70,311,3.6423208164957686
70,312,3.3289407186204647
70,313,3.0238152894505066
70,314,3.0239017016932586
70,315,2.6645887729809927
70,316,2.775775558013997
70,317,3.6110769635379016
70,318,3.2498873355397206
70,319,2.785205258407162
70,320,3.0174559209156304
70,321,3.2433336200958673
70,322,3.53521241703154
70,323,2.6332917359574193
70,324,3.2159571579841777
70,325,3.066007870253158
70,326,2.9122263199614555
70,327,2.5907976788058593
70,328,2.7731644972092426
70,329,2.7359236949095767
70,330,2.762289830401524
70,331,3.1182394065552996
70,332,3.275762025912453
70,333,2.79084998823348
70,334,3.643626909829223
70,335,2.8269980051817947
70,336,3.934540721187068
70,337,2.6299635463047415
70,338,4.05506039299645
70,339,4.640168914992826
70,340,3.5662480241853705
70,341,2.999854371182089
70,342,2.548109805736988
70,343,3.0398199229196647
70,344,2.9663396698711404
70,345,3.4881380325777385
70,346,3.342989454985891
70,347,5.290500008673232
70,348,5.23085489277866
70,349,4.553177366855279
70,350,3.2820049784222918
70,351,3.137871783703181
70,352,3.5872586130456403
70,353,2.8062133523339416
70,354,4.255052326893488
70,355,4.823200027467567
70,356,3.1245528971046075
70,357,3.0045058574224863
70,358,2.707034496041576
70,359,2.6503132583330262
70,360,5.049648542646563
70,361,4.030590587079958
70,362,3.851060735322557
70,363,2.7898279217539668
70,364,3.702305485136307
70,365,2.7572263951356284
70,366,2.5663553845854614
70,367,3.3306581091182785
70,368,2.9922192770193616
70,369,3.1514995450516468
70,370,2.7715663147387906
70,371,2.4532815288613143
70,372,3.4393474546124994
70,373,2.8823036504195056
70,374,5.57361803588626
70,375,2.849124166603355
70,376,3.0983190494202444
70,377,4.201864854476556
70,378,2.9323858482989222
70,379,3.304735260421961
70,380,6.611247328972504
70,381,4.106094718281191
70,382,2.7270833388409454
70,383,2.88250570177454
70,384,2.7926301858943314
70,385,2.737384893892486
70,386,2.9738703504532187
70,387,3.419459800599919
70,388,3.1785510297031463
70,389,2.892730670610729
70,390,3.3055553271274207
70,391,3.2338874915878404
70,392,4.947564639064677
70,393,3.6653188287997645
70,394,3.330218561150985
70,395,3.0071817531508835
70,396,2.588214528681563
70,397,2.574070648131672
70,398,3.4150384853701983
70,399,2.76690099117309
70,400,2.4615148866848315
70,401,2.6622084269168167
70,402,2.7311532124228837
70,403,3.2575049857757024
70,404,2.816845232241812
70,405,4.2037798538001026
70,406,3.408053469208672
70,407,4.109559515964133
70,408,2.9347788887271697
70,409,2.7192363333852945
70,410,3.2484227100634384
70,411,3.9096666647865588
70,412,2.6229613293166794
70,413,2.9307568891833116
70,414,3.2371929241475113
70,415,4.313708344592447
70,416,4.236047860106182
70,417,5.548879882516534
70,418,3.174695884759126
70,419,3.9079295708832302
70,420,2.7189597454915035
70,421,3.053011409023093
70,422,4.975186579860849
70,423,2.6143076738290953
70,424,9.744016269408132
70,425,3.4316656403076338
70,426,3.288106183994274
70,427,4.172964088525633
70,428,2.588190697609806
70,429,2.982288904061569
70,430,2.6438037322102708
70,431,2.968254724206319
70,432,3.0867590945709185
70,433,2.7821924716952204
70,434,4.059119137550556
70,435,2.8701007016806046
70,436,3.6970890578822395
70,437,4.658875751322477
70,438,3.006504620707345
70,439,2.555292503437026
70,440,2.6096065073401173
70,441,2.8359574187339986
70,442,2.6698915961169982
70,443,2.5768141649532423
70,444,3.7826900218252444
70,445,3.2483963478055204
70,446,3.071277665665168
70,447,2.7443329580884845
70,448,2.7924928821870445
70,449,3.4969672335121573
70,450,4.332903902764493
70,451,3.2730094063155306
70,452,2.930886825005261
70,453,5.436478217831327
70,454,4.305500178047193
70,455,2.765538792571585
70,456,2.7721236267706377
70,457,2.5470743669924674
70,458,2.763216092541944
70,459,3.295638459694632
70,460,3.9563101465728563
70,461,3.5071448042224906
70,462,5.470483553321136
70,463,3.544369509065207
70,464,4.575023201386308
70,465,2.644521063091417
70,466,4.275089010304168
70,467,3.0272125254063678
70,468,2.6326363462526885
70,469,3.797204791037895
70,470,2.6832823015215763
70,471,2.860588976347898
70,472,3.235630882541292
70,473,2.7984572703188655
70,474,2.640070724674249
70,475,2.577710700281728
70,476,3.53742628786563
70,477,4.167410618556239
70,478,2.8654460885039232
70,479,2.8489687319383936
70,480,2.7167910453365676
70,481,3.0079119822811564
70,482,3.5200408958775165
70,483,3.5451545826431135
70,484,3.199314957708076
70,485,4.4311090891901666
70,486,4.8537871277363625
70,487,3.5628276395008607
70,488,2.54619913783348
70,489,3.317879743767169
70,490,3.9504498263373007
70,491,2.855205898527833
70,492,2.8931332979758584
70,493,3.4733646149010777
70,494,2.5186014973719533
70,495,3.036461546343777
70,496,3.5869540260189052
70,497,3.1279508404703322
70,498,3.5123205960025454
70,499,2.808119543148513
80,0,5.341849279952691
80,1,3.4626032713068917
80,2,2.984443578614698
80,3,4.0518267263943715
80,4,2.662967324586158
80,5,3.7566094719431207
80,6,5.832427292816982
80,7,2.6665371375031452
80,8,6.387774842236889
80,9,3.483967901092937
80,10,7.358463549563101
80,11,2.7421186150950096
80,12,3.444325211853382
80,13,3.896251566182452
80,14,5.880112998761438
80,15,4.545361479876301
80,16,3.463416969496064
80,17,3.4066766565706086
80,18,3.1680971595224054
80,19,2.5619593807501397
80,20,2.8835565643256595
80,21,2.7187106271649304
80,22,3.117202312724312
80,23,3.6117449400307424
80,24,4.5533099839013245
80,25,2.6186890337892974
80,26,5.575823251468317
80,27,4.123656156860827
80,28,4.295687187644009
80,29,3.229178858055103
80,30,4.18475972833238
80,31,5.6703493014356505
80,32,10.095947129313187
80,33,4.397891784892993
80,34,9.334581795412971
80,35,5.674891962609317
80,36,8.503523687054125
80,37,3.0924028200911633
80,38,3.0732466837127537
80,39,4.475747168684643
80,40,2.610082734989103
80,41,5.93272606761766
80,42,3.483625313216461
80,43,3.819527223164061
80,44,6.87816877693146
80,45,2.7651131906248216
80,46,2.7462017589334615
80,47,4.09429448869879
80,48,3.1978075718032626
80,49,2.760670308789797
80,50,3.1153352787532684
80,51,3.3441383683843418
80,52,5.1190706826008165
80,53,2.6645188720100186
80,54,5.551886499849706
80,55,3.562179761449656
80,56,3.2188207210665265
80,57,2.669442561925348
80,58,5.618992760327961
80,59,6.0042778114169995
80,60,8.467155281983198
80,61,6.735219785247426
80,62,2.8537176390376535
80,63,2.8365089327817743
80,64,2.866240919686688
80,65,2.825926491277961
80,66,4.445921262509623
80,67,3.2757066812388556
80,68,3.092097047556441
80,69,4.000691334229965
80,70,5.048445436716637
80,71,2.7553817713565545
80,72,3.533336606672707
80,73,6.556031860206434
80,74,4.332267775959815
80,75,3.98039573642162
80,76,4.458054012404146
80,77,4.827080063856063
80,78,3.7426824458777275
80,79,7.375813013333027
80,80,3.793385193120305
80,81,3.750712297808482
80,82,7.296365873613342
80,83,2.7391791384511173
80,84,4.637673779622096
80,85,6.456648644725063
80,86,3.397487788121368
80,87,7.316569562217075
80,88,2.6264220724393725
80,89,3.6859066748730154
80,90,4.460420706058774
80,91,3.0005027528632477
80,92,3.090470066663283
80,93,3.164587402917788
80,94,3.0393857782302067
80,95,2.7010012951255375
80,96,2.8739183560680193
80,97,4.9785204181199205
80,98,3.6161023732886055
80,99,4.930613428458815
80,100,2.5761743744392986
80,101,10.315215735354599
80,102,3.020538934377411
80,103,4.3813017167229695
80,104,3.9918296457000095
80,105,2.8183846295899033
80,106,2.5481602895641533
80,107,3.225665213975662
80,108,2.743877728860224
80,109,3.179955919349913
80,110,4.110257589876629
80,111,4.141344280780699
80,112,5.621995145984675
80,113,2.7144616877070384
80,114,5.130777743837829
80,115,3.6354778964494985
80,116,3.6292394799555328
80,117,3.7996173332184897
80,118,4.076898570083656
80,119,3.9111408763368525
80,120,7.667992147894734
80,121,3.642445893713439
80,122,7.284074617552834
80,123,4.44250858133214
80,124,8.741447713776697
80,125,5.4702315379579725
80,126,3.473578601069015
80,127,5.934821257179657
80,128,3.2573026653004655
80,129,3.817528541492122
80,130,4.073122154250752
80,131,2.740628629034188
80,132,6.58306913099586
80,133,2.9272365536820035
80,134,5.96672796363809
80,135,2.7423124828411143
80,136,2.692190156025442
80,137,3.044008986567209
80,138,2.7615131290966706
80,139,7.558807588278708
80,140,3.2774233024798307
80,141,2.9341885896953226
80,142,3.446847438982239
80,143,2.653695473020756
80,144,6.548645506306497
80,145,4.16257893863998
80,146,5.401908617515234
80,147,4.870864828509556
80,148,3.7846676698773782
80,149,3.0254986437417863
80,150,5.171489956309781
80,151,3.0201647249058077
80,152,3.382131306043842
80,153,4.390095817048983
80,154,2.5655563927591665
80,155,2.9720773404036724
80,156,3.5981483843185393
80,157,4.846511258665976
80,158,2.6753601798146005
80,159,4.7445477283534725
80,160,4.913006861049388
80,161,4.600549107013114
80,162,2.626247480887282
80,163,6.710968311754251
80,164,3.5730823927610467
80,165,10.657755259110978
80,166,4.029800343602921
80,167,4.121226844866756
80,168,2.7955571716603287
80,169,2.9426003634875513
80,170,4.511473275504048
80,171,2.9225036664057753
80,172,2.7169594580723513
80,173,3.8931253376285837
80,174,3.9986816332610093
80,175,2.884490522989129
80,176,4.2692660753696
80,177,4.34331644648362
80,178,2.7814478940551024
80,179,2.6508436414596748
80,180,3.0501247253147796
80,181,4.45121398110564
80,182,4.898588899749438
80,183,3.0138132946414475
80,184,2.7869441805767328
80,185,4.2255358525515865
80,186,3.650328020952817
80,187,2.959941128054415
80,188,4.900192133748531
80,189,3.761414218424751
80,190,3.1203534469669623
80,191,3.01812433865831
80,192,5.309739644055859
80,193,2.5953251682793517
80,194,4.175610410642776
80,195,7.416808535480326
80,196,2.713264505786216
80,197,6.8420238981082875
80,198,3.1903533240102098
80,199,2.7083960134098395
80,200,3.0252344713090342
80,201,6.5422324104921294
80,202,3.5349326906492506
80,203,2.5155022614936002
80,204,3.0712545665462296
80,205,7.828750533920208
80,206,5.581830673017713
80,207,4.545187475419467
80,208,3.839061471300788
80,209,2.9981142202811943
80,210,4.786530101192338
80,211,5.201424503402471
80,212,3.059775122396825
80,213,5.8897571320052515
80,214,3.4018714365943143
80,215,3.7928682321499068
80,216,3.9322036401686105
80,217,3.588231435336964
80,218,4.3524948755509465
80,219,3.3279892124049475
80,220,4.879404234248441
80,221,3.3048398807058454
80,222,3.3396204994388663
80,223,2.869538848361272
80,224,3.4295424386984523
80,225,4.377578999388232
80,226,3.6875727163095613
80,227,4.6322360969892005
80,228,4.016274069428828
80,229,4.946613698705734
80,230,5.018874439299008
80,231,3.6163025105594304
80,232,3.0172440864976378
80,233,5.157117235005063
80,234,3.1351450574713495
80,235,10.456460760747387
80,236,3.3373765098974095
80,237,4.588217302722325
80,238,3.1130132487239464
80,239,3.222898745699721
80,240,5.003811771149243
80,241,7.230938197326361
80,242,3.8706459360065897
80,243,3.6217213052687347
80,244,3.2386235742442544
80,245,2.961875464291826
80,246,5.524826767793395
80,247,3.99512093127574
80,248,2.760216301491568
80,249,4.138585658952845
80,250,3.021658684215064
80,251,4.740793991738213
80,252,5.833648636561044
80,253,4.6047175430092055
80,254,2.700840404318586
80,255,2.831478038460253
80,256,3.530237969727355
80,257,4.27395000912789
80,258,3.234158243143973
80,259,3.5951653210864007
80,260,3.1532529509074267
80,261,3.815425789244568
80,262,3.098744886125475
80,263,3.78638333531029
80,264,5.757014556541659
80,265,4.020327212600477
80,266,3.6797271752886576
80,267,2.625212089354368
80,268,5.89231333424416
80,269,3.010116303930889
80,270,3.300975157968433
80,271,3.956050848849611
80,272,2.9076710959429
80,273,4.496027355238831
80,274,6.034843241367632
80,275,2.878136210212751
80,276,4.487151497680045
80,277,2.906673286576547
80,278,3.0096777563055475
80,279,8.607330880024083
80,280,4.730538485509466
80,281,6.35503428488507
80,282,3.9915108432191486
80,283,2.834471729015665
80,284,4.230285624695382
80,285,2.674970363262093
80,286,4.919985520446171
80,287,3.9891589316741896
80,288,2.495940400912797
80,289,3.215870044239632
80,290,2.4311526991469607
80,291,3.6238255838232516
80,292,5.379445591874846
80,293,3.001384173654382
80,294,2.9232089422869003
80,295,2.816652965826569
80,296,4.5872811770799
80,297,3.271601095855965
80,298,2.459587282754906
80,299,3.5515897576750675
80,300,6.355242480976442
80,301,4.470968219906243
80,302,3.4543117502520233
80,303,5.570858872535386
80,304,3.2809351470635297
80,305,3.1203130981578298
80,306,4.055896311055408
80,307,2.9884008320146567
80,308,2.7626260951187436
80,309,4.461742040392367
80,310,3.2465574721528516
80,311,3.6641979252210795
80,312,3.375719517374232
80,313,2.6543712419637076
80,314,3.5942843468865977
80,315,4.43922901256154
80,316,3.0333552392668324
80,317,3.501039925248712
80,318,3.6290831169894004
80,319,5.400542136561724
80,320,2.854858317045924
80,321,4.121943163276917
80,322,4.2890511498393975
80,323,2.85495500191907
80,324,3.360160879647748
80,325,4.925415574147539
80,326,2.5933864922281336
80,327,3.0403431727344734
80,328,7.070168906032243
80,329,3.4555466123745187
80,330,2.7809037291213694
80,331,3.3389337890470046
80,332,8.996017399727208
80,333,4.806937850386951
80,334,3.245652741431249
80,335,4.59587905102771
80,336,2.7603836109681947
80,337,2.72374869436207
80,338,6.47369282291283
80,339,3.061799090879476
80,340,4.6257821578686436
80,341,2.9729844952391784
80,342,4.7802144345464965
80,343,5.734317279519904
80,344,3.220616575269557
80,345,2.8340546854748085
80,346,2.8398392151131953
80,347,3.0745061973573193
80,348,4.563613206498525
80,349,3.390645507866038
80,350,7.223919529589284
80,351,4.495847609286353
80,352,8.926313641472834
80,353,5.191169204840379
80,354,4.196159839865596
80,355,3.0168394091888953
80,356,7.0259500592666395
80,357,3.9742325774118594
80,358,3.680088358279508
80,359,4.070744330417005
80,360,4.92410695148189
80,361,2.5130404269970885
80,362,2.5195570106387026
80,363,3.9282525294187263
80,364,3.7941621057446655
80,365,2.571874703542467
80,366,4.257282536322043
80,367,3.3886535226995766
80,368,5.036880988341442
80,369,9.352083493793838
80,370,3.706492621994511
80,371,6.973791305365516
80,372,2.6713888938982406
80,373,3.0045129662383685
80,374,3.073021286886206
80,375,5.084966781485576
80,376,6.27006980626971
80,377,3.0827023033917813
80,378,7.304530693152698
80,379,4.4793405136671405
80,380,2.8869089321599315
80,381,4.4777681015849335
80,382,3.00555553912301
80,383,3.2717005757304958
80,384,5.292608647877063
80,385,4.7249567263305075
80,386,2.678969986534164
80,387,4.967175791890465
80,388,6.661520616402194
80,389,3.6589740782845883
80,390,3.3979228005149964
80,391,3.516946909320332
80,392,3.46350690825922
80,393,2.5170793393965125
80,394,4.4858162777236865
80,395,5.146005143935789
80,396,2.6373941730042523
80,397,3.229712695766151
80,398,2.8351314800422416
80,399,2.881280245572176
80,400,4.316043482104638
80,401,2.593646010438223
80,402,3.0834290283142085
80,403,3.167346234910278
80,404,3.033816162450883
80,405,2.604617021432662
80,406,4.019930068936768
80,407,2.6345728644021675
80,408,2.448037391410888
80,409,5.500306599452769
80,410,7.826368596439762
80,411,6.224030682041957
80,412,3.2040859275673
80,413,2.72447936035598
80,414,3.8834832952877583
80,415,4.322704847700648
80,416,2.800096797278427
80,417,3.798621400519253
80,418,4.635133212278437
80,419,7.67979732514971
80,420,3.494935802335031
80,421,3.356270099639698
80,422,5.033891545635352
80,423,2.9079959444921677
80,424,3.339457740447446
80,425,3.251969114087545
80,426,3.543080814357975
80,427,3.73355094440262
80,428,4.111419800129629
80,429,3.946841348249565
80,430,2.5408258877483063
80,431,2.677401276327472
80,432,3.3761122863185995
80,433,3.1244115779203048
80,434,4.274348345256371
80,435,3.369573410823864
80,436,4.631932972950269
80,437,3.666794232908232
80,438,4.418637877297717
80,439,4.677232225774175
80,440,2.9659870217827358
80,441,4.36181252398967
80,442,2.6482392380247295
80,443,3.7282728202444897
80,444,3.067310115502717
80,445,4.5052978721922745
80,446,2.567575800469719
80,447,3.15975330068221
80,448,6.104057903832504
80,449,3.110253430624816
80,450,8.351122630924042
80,451,5.54631916783996
80,452,2.6809582760483
80,453,2.581538505900062
80,454,3.019884961294372
80,455,2.7798665034979924
80,456,4.666639844397681
80,457,3.8677975821762884
80,458,3.750766522106111
80,459,2.6832219672029765
80,460,3.056017164123682
80,461,6.134034979691514
80,462,3.867900463902888
80,463,4.4671365276887265
80,464,5.788571932414865
80,465,2.6756739964239893
80,466,3.0283838674280865
80,467,6.453140265022329
80,468,7.97314579115289
80,469,3.396335491792965
80,470,4.567190725952647
80,471,4.954330597538639
80,472,3.055420315070578
80,473,2.572203814506607
80,474,3.5598995577761867
80,475,3.7736573823399175
80,476,3.0088616988240053
80,477,2.9400345883072245
80,478,2.952339571220709
80,479,3.5030718164212424
80,480,2.9544452643824415
80,481,3.2642007430442677
80,482,4.197188841103823
80,483,2.820818267557391
80,484,6.175107093464809
80,485,4.428067132008394
80,486,3.1583711252569455
80,487,4.094803882580426
80,488,4.685543140922775
80,489,3.0094471686678297
80,490,4.484295604162359
80,491,3.477987298944444
80,492,2.9321692899991953
80,493,2.877959134045732
80,494,4.918056693019554
80,495,7.410961454329299
80,496,4.143568125382167
80,497,3.0960891072836576
80,498,3.365641004917384
80,499,3.244906198618052
90,0,11.090176507982456
90,1,6.307798398641793
90,2,4.094297113242966
90,3,13.422624313603935
90,4,3.794236227751683
90,5,4.6974394884271735
90,6,15.177339275397392
90,7,5.995563071600439
90,8,4.792621346928059
90,9,6.190272925131952
90,10,4.084730678877994
90,11,4.957014975107483
90,12,3.321608114900299
90,13,9.261706675956486
90,14,7.337019534214849
90,15,21.28438159998045
90,16,2.8518794100445786
90,17,3.171122780018944
90,18,20.677042178404985
90,19,9.331045017822943
90,20,2.7160926527751963
90,21,8.382077676139145
90,22,13.02571291241164
90,23,3.361379240004055
90,24,10.414405839895306
90,25,2.5532502049734584
90,26,16.362980587046746
90,27,3.4689935268263867
90,28,5.907302817270465
90,29,4.346526234354238
90,30,7.749112640835332
90,31,21.553496759986956
90,32,7.905713926137652
90,33,4.400623406255203
90,34,8.916927435433909
90,35,4.798460801981785
90,36,7.021698061262742
90,37,16.033233246906384
90,38,8.874490046484167
90,39,6.686314213753077
90,40,8.876095452549993
90,41,5.364563340582588
90,42,3.2036176503795817
90,43,6.600559931590133
90,44,15.414104532753758
90,45,8.123020169532872
90,46,5.2087118748239005
90,47,3.869968500625608
90,48,3.01322089488393
90,49,6.19538201378927
90,50,6.05126959688435
90,51,3.4327895469040577
90,52,8.300270527421066
90,53,2.9440904324212362
90,54,2.5060777778001895
90,55,4.9550881391907655
90,56,11.45546648993334
90,57,7.259111414226756
90,58,6.127807878587754
90,59,2.603319527010759
90,60,4.401148030751885
90,61,4.238401844022127
90,62,14.345629479178195
90,63,4.592491167608656
90,64,3.1550688913298726
90,65,2.8255367707561416
90,66,9.022328883937845
90,67,3.8055929504704555
90,68,11.20499639554033
90,69,13.284018397152465
90,70,7.194093256891317
90,71,12.009777949657748
90,72,7.602800225786517
90,73,26.33322108545613
90,74,7.203861682597656
90,75,10.43795174598457
90,76,5.329366864640157
90,77,8.333301196317827
90,78,3.498836256684174
90,79,12.74546096645653
90,80,8.994631774294898
90,81,3.1542168785571936
90,82,5.502355789196343
90,83,4.785956117985573
90,84,13.334138603612399
90,85,4.798993912300853
90,86,5.302496382849911
90,87,7.808102795487349
90,88,4.1393840374339685
90,89,3.215955782363703
90,90,4.45550300517479
90,91,22.16301429086781
90,92,6.605929906938796
90,93,3.000416316133448
90,94,4.3325593668554445
90,95,3.6309265451511794
90,96,3.256156818959215
90,97,3.344187192006789
90,98,7.903019715340104
90,99,3.016684707148914
90,100,3.7716360853775157
90,101,5.476782025200945
90,102,16.88705992308511
90,103,35.190574584774204
90,104,5.376135863697154
90,105,2.6622884093087147
90,106,10.076488292292824
90,107,9.737473812700893
90,108,3.8305920762150096
90,109,12.202702141772937
90,110,5.951002887763151
90,111,7.954651533125908
90,112,2.7818643062072317
90,113,7.869050727271926
90,114,2.856334282432222
90,115,6.735796503493347
90,116,11.077728608080887
90,117,4.245032191497685
90,118,8.122970711007104
90,119,5.445884969888547
90,120,9.50471065272655
90,121,9.629377814778506
90,122,2.599265431925356
90,123,6.947981326808589
90,124,7.656121623870569
90,125,12.70334883448526
90,126,6.27030278988954
90,127,4.147248319730511
90,128,11.890441476767924
90,129,8.988581163743657
90,130,9.89083325325964
90,131,9.228163823411759
90,132,10.382462735362767
90,133,4.795370470848397
90,134,4.372134919964111
90,135,8.370462485292949
90,136,14.044713120945291
90,137,8.540900976158188
90,138,5.015297372760616
90,139,4.393097029798024
90,140,10.420906821134995
90,141,3.427884300371861
90,142,4.827087619817251
90,143,10.75367771306413
90,144,6.844947304649176
90,145,9.736850959347406
90,146,2.990249349394766
90,147,14.546036005601156
90,148,3.009104480640857
90,149,8.968893809682196
90,150,2.689831505184517
90,151,12.430563037594457
90,152,6.117587299155571
90,153,4.574676442664333
90,154,7.279953797792402
90,155,2.530446886720387
90,156,3.918323741383546
90,157,9.265589823145492
90,158,8.201239429144634
90,159,2.941998333199636
90,160,6.909681161871058
90,161,3.4171662783644945
90,162,2.791738257737299
90,163,4.199039715713392
90,164,8.590755622229443
90,165,12.132742884954332
90,166,4.623115438946146
90,167,12.12658403654045
90,168,5.739172101657729
90,169,2.705112691100601
90,170,7.509045399047867
90,171,7.071559874457952
90,172,3.68330654911161
90,173,4.94285839746259
90,174,8.478921266471891
90,175,14.301006173340646
90,176,6.07051632028888
90,177,3.0004982118864283
90,178,11.906401525097309
90,179,10.183981255233382
90,180,6.088977375518265
90,181,9.395678810909498
90,182,12.46896238087305
90,183,4.658567556533193
90,184,16.7437098744159
90,185,3.6146636592253407
90,186,14.412930385429137
90,187,7.630636105197994
90,188,3.621446572590163
90,189,6.110311570730838
90,190,3.2783652175088256
90,191,6.039568233320795
90,192,3.447215869933695
90,193,9.648591907695337
90,194,4.0709688135874735
90,195,6.278660044856446
90,196,6.032127213009537
90,197,3.8512757971835687
90,198,6.681514631559884
90,199,14.92200884440104
90,200,5.12273832979346
90,201,6.876762664768973
90,202,6.584595977184424
90,203,4.705842316803368
90,204,4.23099287800087
90,205,6.553082237638606
90,206,10.356959578304874
90,207,6.97331709959514
90,208,3.129751953677439
90,209,10.507681953572929
90,210,5.304593301009767
90,211,6.17711831855916
90,212,2.9973151124062367
90,213,5.250237452219123
90,214,7.699514089419001
90,215,3.228021801642538
90,216,20.218211842644433
90,217,4.211538653442521
90,218,6.4221843236577385
90,219,4.600055273343751
90,220,9.310097636154921
90,221,5.151818651157885
90,222,9.707475608614024
90,223,9.904736460955096
90,224,3.0543051587367587
90,225,8.614045716921233
90,226,4.432745793132789
90,227,8.898190352298267
90,228,3.7648214282194803
90,229,2.7232391375983336
90,230,16.67776508207278
90,231,27.961352581212584
90,232,9.217267652569584
90,233,3.430264389598998
90,234,5.857143096859329
90,235,8.811641940382378
90,236,14.629941137308602
90,237,3.7250504578487442
90,238,8.344584751711174
90,239,14.517338606847968
90,240,14.747200981580802
90,241,8.291761842434505
90,242,2.9258896566733243
90,243,7.6226570570611205
90,244,4.261781893089214
90,245,6.08033880209439
90,246,2.645584641986463
90,247,3.472947767703902
90,248,4.436755478334162
90,249,24.007366852455547
90,250,7.525864873764034
90,251,12.83284978972892
90,252,6.3102498798067685
90,253,2.85715098473033
90,254,9.371558446701236
90,255,7.166677585671213
90,256,10.736059747626603
90,257,13.641202255502542
90,258,11.114947246387528
90,259,2.986721954418275
90,260,3.537081800467847
90,261,4.58617748273389
90,262,4.747189248204272
90,263,16.54179168480955
90,264,6.714828086913684
90,265,4.7072799223732895
90,266,3.000617790706122
90,267,5.428519418502625
90,268,2.598167090370702
90,269,3.1190480670821645
90,270,9.241098231424052
90,271,2.5384353942307682
90,272,6.404426436539991
90,273,4.077233201237397
90,274,3.4521065817156664
90,275,5.467865578540732
90,276,3.7038540062666807
90,277,7.905417956935669
90,278,13.084746206609138
90,279,3.1173035244509135
90,280,4.062602006523934
90,281,3.7525361585406
90,282,3.0005495556433024
90,283,3.60332880772087
90,284,8.802660976258478
90,285,3.780030672784248
90,286,13.05301461368315
90,287,2.763099948045659
90,288,3.5552745866796074
90,289,5.152815493201389
90,290,11.315463417196705
90,291,20.78488816907066
90,292,8.568935603545484
90,293,19.89919845614059
90,294,7.52694837344243
90,295,2.7314884240893424
90,296,2.5558911627387633
90,297,3.6330183726661542
90,298,4.338733158902732
90,299,5.981580458695157
90,300,5.130599314379015
90,301,4.840027686559093
90,302,11.178164389503738
90,303,4.981973508062442
90,304,10.494915047119408
90,305,4.571611892134671
90,306,10.461875828098075
90,307,2.562700544184578
90,308,7.758407720457762
90,309,3.7287271411426324
90,310,14.133393547065307
90,311,11.49861725985908
90,312,15.309041912356228
90,313,14.555081466670185
90,314,4.6856682588569365
90,315,11.446432405321406
90,316,4.751843067328967
90,317,2.5652004664979287
90,318,5.0898005380280384
90,319,6.7409366092099
90,320,3.4941792703203567
90,321,10.631639360628233
90,322,5.780214714450522
90,323,5.630005415749321
90,324,3.589406115413051
90,325,4.577901137517324
90,326,6.29206404904223
90,327,3.4011055954594736
90,328,15.14875699406055
90,329,4.5765228402576685
90,330,6.984242688734258
90,331,4.925448626900198
90,332,23.382188962598786
90,333,6.867667483268945
90,334,8.017787726787454
90,335,7.663828028880615
90,336,3.463433688478285
90,337,2.7696975700772124
90,338,3.5829963013213937
90,339,12.461229870763004
90,340,2.812176719566616
90,341,4.230749500804742
90,342,17.90632582167324
90,343,6.515724264953925
90,344,5.40925733349292
90,345,6.416586379570744
90,346,3.398236368745949
90,347,2.684243565215366
90,348,4.100200797071306
90,349,14.641842118952031
90,350,4.916336656547834
90,351,4.2241538813506985
90,352,5.8416238406854175
90,353,2.6575270152634776
90,354,4.624429169353165
90,355,3.441641144765211
90,356,16.334370372118794
90,357,2.5920128998701797
90,358,5.192401721110739
90,359,24.225202616765895
90,360,5.383635036276489
90,361,2.8918746800924886
90,362,3.430370892054645
90,363,6.613484568632042
90,364,4.534919045015327
90,365,5.323501663566911
90,366,4.0135314575905285
90,367,11.663321787610087
90,368,6.021539006709507
90,369,5.898756086619147
90,370,10.574766740756905
90,371,2.8901539805424665
90,372,8.374771680638199
90,373,10.717542309054966
90,374,2.772816237386806
90,375,15.416870706380701
90,376,3.6529242291433803
90,377,2.808805869034422
90,378,3.1154604785208004
90,379,4.355489848090859
90,380,8.65087873827551
90,381,3.4670933134793107
90,382,5.385117186805014
90,383,14.38890691167286
90,384,3.019789452148177
90,385,11.981006588937237
90,386,4.36761702603058
90,387,9.990624733400171
90,388,2.6752543546603578
90,389,11.218187497706634
90,390,3.1934746958279936
90,391,2.560730360193423
90,392,9.48614707363972
90,393,2.7879732742118484
90,394,5.787214994809837
90,395,7.372398900486401
90,396,14.313378654615132
90,397,3.53372442433726
90,398,3.9971425717330367
90,399,4.783191882356422
90,400,15.056844489815044
90,401,7.261137197511473
90,402,7.526837384426361
90,403,2.5630309611704853
90,404,5.395638268368064
90,405,7.418159030817061
90,406,2.9294853170236324
90,407,2.7610939963290257
90,408,6.353807332177456
90,409,5.406391156363708
90,410,8.259216448874493
90,411,14.483801581178692
90,412,6.530691305898183
90,413,4.109461303640477
90,414,3.5798406539926484
90,415,2.578625838382507
90,416,6.08911006929144
90,417,3.735377425175728
90,418,3.081735554957418
90,419,3.0419831860207953
90,420,10.213428352286906
90,421,22.3887169633268
90,422,4.504713579042466
90,423,11.785807827643687
90,424,2.7684358957753483
90,425,3.0761772249123633
90,426,9.001222804906602
90,427,3.913833128178928
90,428,3.033413898609685
90,429,10.021733267566134
90,430,27.08048014832139
90,431,4.13726167554978
90,432,4.335005211444092
90,433,2.741757798076394
90,434,3.8830763900739136
90,435,3.4491138678442548
90,436,3.744486767125144
90,437,14.83793351308864
90,438,3.702128563566338
90,439,4.084927349896123
90,440,9.638789816946078
90,441,7.870162336544289
90,442,40.75048245717497
90,443,4.56024769821186
90,444,6.907064075888346
90,445,3.2781517356442595
90,446,8.419734679506137
90,447,12.753892388350323
90,448,8.48422578170751
90,449,4.5599210368183405
90,450,10.44821591218902
90,451,23.092343396085152
90,452,7.177118058887068
90,453,8.172235247061709
90,454,29.355559044009947
90,455,4.328895527614059
90,456,3.110652889927451
90,457,9.341512617271514
90,458,6.788328976738371
90,459,9.137520789174324
90,460,4.419135981511401
90,461,3.1275150916115217
90,462,2.7281921220921745
90,463,5.29165152322241
90,464,9.759177219380513
90,465,10.083487745205732
90,466,6.093103466137552
90,467,12.973096394722402
90,468,11.472017388472295
90,469,4.923435150462651
90,470,4.963724707507519
90,471,2.494492198914085
90,472,8.201199462337131
90,473,6.192266943335267
90,474,17.10946699497474
90,475,3.509267522227568
90,476,4.923588816554881
90,477,2.966781811536433
90,478,5.280439374430651
90,479,15.53763356040321
90,480,26.562047903055003
90,481,4.755566599826474
90,482,6.50179700595876
90,483,12.988502811673445
90,484,13.280974829615035
90,485,6.739610591145853
90,486,3.5698987144379277
90,487,35.22740681492737
90,488,18.269820120552783
90,489,3.1780329884585767
90,490,9.269318797087408
90,491,3.5287377448012056
90,492,5.4231658785963655
90,493,7.182095259356191
90,494,6.419087169564317
90,495,8.024411418870011
90,496,6.612151557447758
90,497,9.39500804376008
90,498,13.550906345533207
90,499,9.809070964849424
100,0,10.043205330810038
100,1,17.35347985149511
100,2,5.840663200666819
100,3,4.523779478357699
100,4,9.669791113611845
100,5,15.178399172560788
100,6,9.55373379667933
100,7,6.783562685435262
100,8,7.409554977076324
100,9,3.987154992534151
100,10,5.824915966489425
100,11,4.299562956986905
100,12,2.9871346537891164
100,13,4.198797840239665
100,14,2.8294705449715005
100,15,4.2359422237741535
100,16,2.5078801950778375
100,17,4.784409302995889
100,18,2.9741419695995748
100,19,9.352113802685043
100,20,13.675553470484552
100,21,7.667350322027392
100,22,5.754332386278329
100,23,9.015984499055039
100,24,9.778085336708813
100,25,2.8818401897872197
100,26,11.605071578035522
100,27,6.508744298800002
100,28,2.8788858414285237
100,29,6.868404604640143
100,30,4.828603542558279
100,31,2.9780855643642505
100,32,13.129408196089006
100,33,3.302443627738998
100,34,4.824012090681495
100,35,17.535871640048185
100,36,2.9887775660463842
100,37,3.1013846531330787
100,38,14.339727893380989
100,39,5.040883295520317
100,40,7.311201585958804
100,41,9.019919003358977
100,42,15.782082698003856
100,43,6.716987909658278
100,44,9.91705708055196
100,45,10.916556499537585
100,46,8.060655406940299
100,47,18.444608726196265
100,48,6.573340230400938
100,49,18.16445837533795
100,50,2.718768922285121
100,51,4.293190863600206
100,52,6.199248776851481
100,53,6.571291432732828
100,54,11.295306366111422
100,55,5.433714935662974
100,56,13.938521724562767
100,57,3.838036974894767
100,58,4.300134442786134
100,59,2.6755771466092897
100,60,5.657658298905993
100,61,5.197978117266629
100,62,5.250720613574885
100,63,5.988332381180239
100,64,3.0912869716965945
100,65,16.81398385417048
100,66,5.788261869372916
100,67,14.434107109447776
100,68,8.509359257454358
100,69,11.133264587959138
100,70,3.712988004511572
100,71,9.82587457736576
100,72,13.244948547700364
100,73,5.648180234826141
100,74,15.338779943313266
100,75,3.812393177840987
100,76,9.546409380666216
100,77,3.9011118875547344
100,78,3.020534224992298
100,79,6.433372563106987
100,80,29.747187478468557
100,81,5.568595076710208
100,82,6.193177579809002
100,83,12.836716212321852
100,84,9.509605134775372
100,85,7.4279940826559905
100,86,3.785995404729668
100,87,7.9390517856098635
100,88,2.8511413063887185
100,89,7.146009984936786
100,90,5.748431824780353
100,91,20.02895304324901
100,92,2.669059995876646
100,93,3.033423525770685
100,94,5.692318961345669
100,95,4.218795442284472
100,96,3.2676446638341248
100,97,4.127145073316095
100,98,18.655726607263325
100,99,4.0340464291279865
100,100,5.5647423810494665
100,101,5.916504779742277
100,102,3.361173431100462
100,103,3.316718543359548
100,104,7.349485678173975
100,105,4.442064320679882
100,106,4.438576441889338
100,107,3.2776587753969046
100,108,12.410630079527817
100,109,8.118651601711747
100,110,3.5209864867423293
100,111,3.971405109612569
100,112,2.5458653275042082
100,113,2.7798043215432635
100,114,7.92667854001215
100,115,8.207805070151595
100,116,14.231544819773067
100,117,20.988935708864478
100,118,5.957853712814945
100,119,6.327959898890762
100,120,4.111626840863764
100,121,5.194272754877406
100,122,7.136313610077009
100,123,5.737689097910646
100,124,2.6363525938773105
100,125,4.822871896412109
100,126,7.467084540754634
100,127,4.017005732608963
100,128,2.6736966708768195
100,129,7.4340214965651015
100,130,4.844442290056673
100,131,7.282182443641592
100,132,4.038949397094058
100,133,9.288657460421483
100,134,7.672383839418092
100,135,4.285926802284752
100,136,2.911929438277577
100,137,12.035050895282367
100,138,3.88328988651512
100,139,7.166854500631709
100,140,4.617424010649227
100,141,2.9914484698977057
100,142,4.9212786695430095
100,143,5.862557108637868
100,144,3.6600157009768046
100,145,28.34471332679372
100,146,8.02070749125538
100,147,10.288715951704132
100,148,13.071933438993753
100,149,8.59150227950734
100,150,2.8332364232305665
100,151,5.436007469404327
100,152,10.521344966307284
100,153,5.238351598476366
100,154,5.634944196011813
100,155,7.523815273142586
100,156,3.460520771493376
100,157,3.6515221190137055
100,158,8.405659820873954
100,159,22.861391842618854
100,160,4.02196101007668
100,161,10.135402681999869
100,162,4.645029473198048
100,163,13.176329905030336
100,164,7.836746008974608
100,165,11.887081309383186
100,166,8.166082919807632
100,167,3.5252542995385157
100,168,9.91867329385928
100,169,8.723429489149161
100,170,11.2279423786978
100,171,3.4343139093570123
100,172,4.492178454499531
100,173,12.668639408140152
100,174,5.725346483148604
100,175,21.558278967293948
100,176,4.291403525410357
100,177,6.397799217812824
100,178,6.796269133531797
100,179,7.92233501432284
100,180,9.183317654522703
100,181,7.201054851232905
100,182,7.318980609076314
100,183,8.263187077600914
100,184,2.6730874424040225
100,185,3.1997848093262147
100,186,2.8393318783523807
100,187,5.915619718488059
100,188,3.046822498729152
100,189,20.30979144313585
100,190,3.2015545345805987
100,191,6.689846295726122
100,192,14.848148241286662
100,193,18.333920830637293
100,194,10.857507842757293
100,195,4.2076374904800895
100,196,3.767675652887861
100,197,12.196556254164928
100,198,3.253091019220576
100,199,6.717561826249504
100,200,4.667511576653718
100,201,4.949390637987072
100,202,4.509842220276226
100,203,5.410591770880512
100,204,3.7641984498756518
100,205,7.937763230764901
100,206,4.585595072188616
100,207,4.9933270218065156
100,208,6.1148132786674125
100,209,5.370275905361725
100,210,7.807019609677414
100,211,7.447032248318726
100,212,5.488411744141995
100,213,17.826520990390122
100,214,16.122341259980313
100,215,19.665462381980852
100,216,6.940527858127144
100,217,3.861165506874055
100,218,9.634226097278598
100,219,5.765887512205241
100,220,4.705263200557114
100,221,3.0634701869467342
100,222,6.161381805079705
100,223,5.508745324424459
100,224,4.684859540013474
100,225,3.631577333156669
100,226,9.176403504983172
100,227,8.867689265782694
100,228,7.7237821060233065
100,229,3.6588908773844926
100,230,4.193458910467462
100,231,10.701953053415076
100,232,21.745937131603718
100,233,5.782327432091142
100,234,3.9020909948080225
100,235,5.363535927899692
100,236,11.318559799102262
100,237,17.430673688590165
100,238,2.996006446760421
100,239,3.335881483574608
100,240,3.3393792731660685
100,241,9.350567968734968
100,242,2.6339135759165937
100,243,2.8597479423023437
100,244,12.995573839860153
100,245,3.639259814069047
100,246,9.04623419390807
100,247,12.704923524607752
100,248,4.752125973530093
100,249,5.0941540456111865
100,250,8.715748855504826
100,251,6.644974810957626
100,252,11.792012135592564
100,253,10.23779231629614
100,254,5.146459613811868
100,255,7.1450334599322085
100,256,12.705356166428226
100,257,10.819222857610663
100,258,5.41513904850342
100,259,11.318645450388008
100,260,3.8428290117824986
100,261,10.99937401818236
100,262,6.702262992996312
100,263,3.6493179941881384
100,264,6.764443641238507
100,265,14.51693304335639
100,266,9.038820385824678
100,267,2.7014719062773347
100,268,5.616699878744311
100,269,4.203389565279068
100,270,8.451858986133718
100,271,3.0170970874911474
100,272,6.2206999772032825
100,273,5.633463979872492
100,274,8.497309881374228
100,275,3.2533649620252136
100,276,10.670523582796738
100,277,4.2742893897590255
100,278,2.968415555728079
100,279,5.652997663787929
100,280,6.299281577778112
100,281,5.807818207382002
100,282,3.3508407533310516
100,283,13.469861802598679
100,284,8.815859441660049
100,285,5.31415889352594
100,286,4.1100984228981385
100,287,8.093621797141184
100,288,3.4425674213914697
100,289,10.353957575962346
100,290,4.956649255743758
100,291,7.5747233625407935
100,292,8.822923198221343
100,293,18.699365205854587
100,294,11.440174234076348
100,295,4.052778344691818
100,296,8.81956098014331
100,297,3.4836944241905576
100,298,5.0784851431380185
100,299,5.2932119953657075
100,300,5.4596580933214405
100,301,8.18732462694203
100,302,5.729963395739278
100,303,3.98133580796009
100,304,10.055492002882707
100,305,9.999439839264916
100,306,10.186651054983736
100,307,2.7656180770036625
100,308,7.54343494463785
100,309,3.2091748040556998
100,310,7.8817571376719995
100,311,18.282648503996356
100,312,11.926126824198805
100,313,2.6391428966214585
100,314,5.797792966135846
100,315,9.463232218619261
100,316,7.91007908114916
100,317,8.519908110473507
100,318,7.412874733545363
100,319,5.11625278847846
100,320,3.412238531869319
100,321,14.658211037070286
100,322,6.456212060672755
100,323,8.705816690551252
100,324,5.820022249521532
100,325,8.414929009639797
100,326,2.845232991790056
100,327,5.259378542663663
100,328,5.354684981349987
100,329,9.877104393278366
100,330,7.452630160660094
100,331,9.612360168797093
100,332,6.908627524191202
100,333,6.048420154646907
100,334,22.3030877147199
100,335,6.388583347376919
100,336,3.4582354375680837
100,337,4.6163419180280325
100,338,9.592011086355072
100,339,3.9996720157787964
100,340,16.570973761919024
100,341,3.0896518546568723
100,342,2.6632633389837324
100,343,4.779154499174216
100,344,5.255137930311667
100,345,3.951201061766618
100,346,16.652903134023468
100,347,6.251890456535947
100,348,2.7822794065711123
100,349,3.7924454187073793
100,350,6.173294050235919
100,351,6.047882241523959
100,352,4.507987073300256
100,353,4.045268369525207
100,354,10.301699192798141
100,355,6.192305232877469
100,356,15.324517909012265
100,357,10.839308320844715
100,358,4.59207202134028
100,359,8.243538848849996
100,360,3.3819344768871042
100,361,18.390167709958146
100,362,4.078523999574055
100,363,4.9360441915731945
100,364,7.947925550124221
100,365,15.764578511971798
100,366,8.600725484077781
100,367,7.7987196119875755
100,368,3.7035749706337215
100,369,5.136457361862154
100,370,2.9888613580077434
100,371,3.386815885207107
100,372,3.3148820775781096
100,373,5.153476966282395
100,374,2.6912888883527866
100,375,9.184146721911771
100,376,4.7770345103177165
100,377,5.722860120480797
100,378,3.571766677059585
100,379,11.754909197517197
100,380,9.676573356858075
100,381,4.8352793812829225
100,382,2.8453104009049794
100,383,6.504455877093889
100,384,4.801785601966244
100,385,3.838623570900747
100,386,3.765479833664559
100,387,6.97224889871947
100,388,4.260676016060879
100,389,9.09071308091007
100,390,3.2760664329861666
100,391,5.204340361384205
100,392,5.192370423162363
100,393,5.942523130705289
100,394,7.327216038556563
100,395,4.977021597608248
100,396,13.153219097570375
100,397,3.0966781391619587
100,398,9.571158193671112
100,399,3.8257175180391334
100,400,3.5171469915706908
100,401,3.546831811193834
100,402,15.101448864411866
100,403,3.00097454659455
100,404,7.3190143540460095
100,405,2.9324343709655913
100,406,6.8576162345915845
100,407,11.613986621042105
100,408,8.12624566007381
100,409,9.448533001560637
100,410,10.281423641681094
100,411,9.28845864390928
100,412,4.796441567182281
100,413,9.977850267417411
100,414,4.402232605298568
100,415,3.7312082429794526
100,416,17.39777910841868
100,417,12.29584607945422
100,418,6.589807198343481
100,419,8.791030835297219
100,420,18.613067948084307
100,421,6.834939316731877
100,422,19.405903967963255
100,423,12.646374386330736
100,424,4.063438237949968
100,425,13.588783306053632
100,426,7.004999422711773
100,427,7.72403307731376
100,428,5.291620467025501
100,429,3.809941951685303
100,430,4.794724914494017
100,431,13.030054521812612
100,432,4.481004078759363
100,433,10.905302279107016
100,434,2.8169653192681463
100,435,19.78234643551192
100,436,5.861387351107559
100,437,3.3073867429088497
100,438,12.243221764284067
100,439,5.13870645659688
100,440,2.8697333505617997
100,441,14.935214542009138
100,442,3.8176052608183957
100,443,21.23957140528912
100,444,15.49986638914482
100,445,4.09936007350448
100,446,3.767698485976574
100,447,7.024661057143068
100,448,8.382335133954426
100,449,13.8654380757259
100,450,2.830565392982473
100,451,8.251920153107926
100,452,6.910565158531912
100,453,3.6331832438234897
100,454,3.197920955709136
100,455,4.377208910182871
100,456,3.181065733623329
100,457,5.667445034722671
100,458,5.910972921324455
100,459,11.361111705200404
100,460,7.5481666113082735
100,461,5.772502319763593
100,462,9.09087933207834
100,463,5.672236679476094
100,464,28.687307867099367
100,465,9.133130777345933
100,466,12.936418312539976
100,467,19.562992592075
100,468,6.262298640619769
100,469,2.5511791583887526
100,470,2.973015640032163
100,471,2.678664320336423
100,472,8.2156914733242
100,473,19.745751887370048
100,474,8.772933513155795
100,475,3.969593892920429
100,476,7.083766995125977
100,477,18.586147916114193
100,478,3.2355645387156295
100,479,5.9524945323019365
100,480,5.990608866144531
100,481,3.288287503385901
100,482,8.024907902936997
100,483,2.6386481954402226
100,484,6.704296673352793
100,485,3.3513820927777234
100,486,6.665305124251629
100,487,6.0025966139748475
100,488,13.29444627068564
100,489,2.7254017811269247
100,490,9.299875381915433
100,491,5.591562727684178
100,492,11.473301935794508
100,493,5.049136705586866
100,494,4.201325509455243
100,495,5.812802800066404
100,496,3.5667825765081878
100,497,5.224283335370198
100,498,3.8235507397577524
100,499,4.726037584853614
