swarm_size,trial,handshake_latency_ms
10,0,2.5890022968444684
10,1,2.5836187442649137
10,2,2.4929845709730936
10,3,2.4901411441771617
10,4,2.4959602956525355
10,5,2.5951183986354507
10,6,2.6562232661210703
10,7,2.567367737786942
10,8,2.593046349447068
10,9,2.7221940417108956
10,10,2.5950602945969408
10,11,2.684673610663963
10,12,2.499310851471804
10,13,2.5463335242617657
10,14,2.6886874342883367
10,15,2.5757464867478492
10,16,2.5515844331581157
10,17,2.75832459183833
10,18,2.593171760308627
10,19,2.618382020734933
10,20,2.6594324088223105
10,21,2.451411910436982
10,22,2.612996187971446
10,23,2.595848548390807
10,24,2.58323510019647
10,25,2.5767088740370316
10,26,2.672026417676906
10,27,2.6689232112172165
10,28,2.4730240825401935
10,29,2.538625467006623
10,30,2.669468253752201
10,31,2.5402101483749173
10,32,2.6117554781579924
10,33,2.5304975548340067
10,34,2.5529355474578397
10,35,2.544000588301425
10,36,2.6090675633606857
10,37,2.596124655202011
10,38,2.4460961466264948
10,39,2.535428590124657
10,40,2.631631894130004
10,41,2.6739787842217924
10,42,2.7183929719448363
10,43,2.444286267562931
10,44,2.525967657895692
10,45,2.6078243410243043
10,46,2.5441644870346583
10,47,2.4123104239096658
10,48,2.6152080468853467
10,49,2.5478077361398483
10,50,2.535607660367203
10,51,2.6008772268307787
10,52,2.46704963172185
10,53,2.6859703984377883
10,54,2.358782357744855
10,55,2.5510251181975727
10,56,2.491176745516141
10,57,2.5978408643440356
10,58,2.448078125792966
10,59,2.5390523517466224
10,60,2.52750613680184
10,61,3.506265951286934
10,62,2.4990770126401185
10,63,2.5649006878997542
10,64,2.5660998419845664
10,65,2.57873281321592
10,66,2.4908690503694206
10,67,2.5761253535612685
10,68,2.5513527551523634
10,69,2.602306497329164
10,70,2.668026455502344
10,71,2.5967242769412726
10,72,2.628089357073913
10,73,2.601288118580529
10,74,2.6683152338869256
10,75,2.525348176506688
10,76,2.503088502245721
10,77,2.4935276447137125
10,78,2.5769310344378713
10,79,2.664636074519088
10,80,2.439809799720083
10,81,2.540507109320015
10,82,2.548379952556698
10,83,2.5574314922902603
10,84,2.5977121053747076
10,85,2.583557121253533
10,86,2.5327027755195872
10,87,2.5109787459381816
10,88,2.568212654365633
10,89,2.580059628290363
10,90,2.560222398621026
10,91,2.5656518523241583
10,92,2.622321551419419
10,93,2.553723936288772
10,94,2.4793780244035197
10,95,2.5614314918581864
10,96,2.4586398024611817
10,97,2.6120396745320997
10,98,2.5091281576322246
10,99,2.540377972483569
10,100,2.565214712054697
10,101,2.5687003816888954
10,102,2.4932918274433877
10,103,2.611971602399982
10,104,2.6052031453536397
10,105,2.556502033302775
10,106,2.6408232794138753
10,107,2.571799902649963
10,108,2.5211761709105565
10,109,2.6549558627456746
10,110,2.690248944580178
10,111,2.599133348348461
10,112,2.6085173830065336
10,113,2.619436760323635
10,114,2.565176852549349
10,115,2.6606575645141413
10,116,2.603880492898392
10,117,2.644941509157048
10,118,2.6217077824902066
10,119,2.5464238444782357
10,120,2.6511723393236517
10,121,2.559599021246969
10,122,2.679587381944795
10,123,2.410487076938565
10,124,2.56767553782942
10,125,2.504826414732976
10,126,2.6618469737528123
10,127,2.6035777992024682
10,128,2.6008892154637366
10,129,2.670600680449442
10,130,2.5444304862053837
10,131,2.5361912928730104
10,132,2.702944818265217
10,133,2.5652043136796396
10,134,2.6675201349340614
10,135,2.553413444097201
10,136,2.5415187422727827
10,137,2.5783023831129666
10,138,2.6473483498215256
10,139,2.670769120119022
10,140,2.515964245148907
10,141,2.620898790025593
10,142,2.584525066692805
10,143,2.544678941495233
10,144,2.6930417031118665
10,145,2.5267312968903033
10,146,2.6573982546857318
10,147,2.6948651536023482
10,148,2.660924116396747
10,149,2.5838094619630882
10,150,2.691876009236277
10,151,2.704359658658165
10,152,2.567790789678425
10,153,2.6104071901990467
10,154,2.6515683774743346
10,155,2.5425779287235364
10,156,2.7445111102032422
10,157,2.7703367561332723
10,158,2.564288316592983
10,159,2.550583415362425
10,160,2.6051382038795015
10,161,2.5780151364366324
10,162,2.605015651874711
10,163,2.5245868903830324
10,164,2.5788473314321094
10,165,2.6350087329775307
10,166,2.503892830781736
10,167,2.5009176408926796
10,168,2.6221621685525425
10,169,2.580624648279751
10,170,2.5657456234550335
10,171,2.556337030512937
10,172,2.5825823918524646
10,173,2.680702166069986
10,174,2.540192347038174
10,175,2.46311921377639
10,176,2.5410277933939476
10,177,2.4843316206459014
10,178,2.6561534918896568
10,179,2.402568032718226
10,180,2.6563392601360563
10,181,2.585186485015775
10,182,2.44715043959368
10,183,2.669592451513584
10,184,2.4658062500871534
10,185,2.5732450745823074
10,186,2.632001897753834
10,187,2.6497986374410805
10,188,2.5781071100502295
10,189,2.469745641508977
10,190,2.641881765116064
10,191,2.6073365784218185
10,192,2.5739160379452315
10,193,2.6025457399737033
10,194,2.622655024582796
10,195,2.6356853035788386
10,196,2.515737728625543
10,197,2.4988041641824874
10,198,2.5531339301332245
10,199,2.575026817315072
10,200,2.590344568472741
10,201,2.6123463886119564
10,202,2.5786004128087634
10,203,2.531293524757224
10,204,2.5238478666024253
10,205,2.7183052127959413
10,206,2.6527281394579076
10,207,2.547949443095833
10,208,2.669253906167208
10,209,2.4699766981221227
10,210,2.5694481112062255
10,211,2.4391269800405904
10,212,2.578615732104379
10,213,2.4876201600133325
10,214,2.5624176590153387
10,215,2.570563536871306
10,216,2.503202438972097
10,217,2.6325380061026173
10,218,2.5267496840982324
10,219,2.51176407132381
10,220,2.6741869920462062
10,221,2.6330589067463634
10,222,2.4592651967004437
10,223,2.599820950460246
10,224,2.5318995921396783
10,225,2.5743101748748924
10,226,2.3960832689431224
10,227,2.642438644035425
10,228,2.605358171861744
10,229,2.5302581079166737
10,230,2.581672808682974
10,231,2.549785997048107
10,232,2.639928441856486
10,233,2.490339416377975
10,234,2.5091504512788356
10,235,2.5756478313534883
10,236,2.467203800225657
10,237,2.6380255939203363
10,238,2.655836796634067
10,239,2.434982626855321
10,240,2.602354312363959
10,241,2.560445656497016
10,242,2.654272605735322
10,243,2.67896830525676
10,244,2.5194517302172357
10,245,2.58958411566774
10,246,2.581816157081569
10,247,2.646087244117079
10,248,2.546314586549348
10,249,2.6150089200886244
10,250,2.6389246896868115
10,251,2.679421018353654
10,252,2.608319402071015
10,253,2.6179854486342644
10,254,2.561558481807783
10,255,2.5029238532198486
10,256,2.586977147525354
10,257,2.739629015076168
10,258,2.612393710672398
10,259,2.48901617491619
10,260,2.4809219028898006
10,261,2.565573752513602
10,262,2.5986933492867945
10,263,2.6565271600674296
10,264,2.4766829083995487
10,265,2.642339335411576
10,266,2.553049845177712
10,267,2.5556496238630406
10,268,2.6486823531420653
10,269,2.4779860517226324
10,270,2.581008074890821
10,271,2.6002995849850454
10,272,2.5159730552984274
10,273,2.6770553620304525
10,274,2.6449447123472885
10,275,2.622616127214977
10,276,2.5847245226823725
10,277,2.4959671480800143
10,278,2.525142533924743
10,279,2.6136624186085347
10,280,2.522910252200367
10,281,2.5769322580950775
10,282,2.5598875672517147
10,283,2.5325663421247517
10,284,2.6098460124050376
10,285,2.538419185142379
10,286,2.6097017249232235
10,287,2.4344359414672025
10,288,2.526756262880483
10,289,2.5423237632085254
10,290,2.517983475397602
10,291,2.6092882691144785
10,292,2.5656337351296914
10,293,2.5902217910733345
10,294,2.5923273981039556
10,295,2.58728001202942
10,296,2.5803474937158684
10,297,2.5186026162251385
10,298,2.5904265986870083
10,299,2.644290870227203
10,300,2.669375776427364
10,301,2.517959404533517
10,302,2.6184249859119983
10,303,2.6418829780054987
10,304,2.6902917516800966
10,305,2.605480807884177
10,306,2.5277969140755285
10,307,2.765833391255499
10,308,2.6566352897655077
10,309,2.5150653435658286
10,310,2.589817966014108
10,311,2.4998810065641224
10,312,2.7275055699017203
10,313,2.6219355609663633
10,314,2.5564999972791664
10,315,2.5594363168356193
10,316,2.4827484862842595
10,317,2.6851761633866014
10,318,2.5584598822363187
10,319,2.5399342998013354
10,320,2.476941027567881
10,321,2.568381867176174
10,322,2.6282376905266243
10,323,2.6343666447191634
10,324,2.5494286973917952
10,325,2.558012394614762
10,326,2.6426354750645897
10,327,2.5949091923490037
10,328,2.53958374045274
10,329,2.503228702442068
10,330,2.570459921121756
10,331,2.662131494227445
10,332,2.506800188148957
10,333,2.462780593796081
10,334,2.6168891012343085
10,335,2.4682335441441863
10,336,2.525989158168933
10,337,2.6566675920279113
10,338,2.4771452238286176
10,339,2.510565264764824
10,340,2.5104422082910762
10,341,2.591965658110091
10,342,3.629371301373904
10,343,2.7159660972921893
10,344,2.5318662337959865
10,345,2.3863198082996804
10,346,2.732142965815573
10,347,2.5907217028603164
10,348,2.671846510253524
10,349,2.589172737061772
10,350,2.655623721556965
10,351,2.6782682123408574
10,352,2.5020831755293576
10,353,2.583649475726222
10,354,2.6064488122982015
10,355,2.590699573856479
10,356,2.4376641786157687
10,357,2.654579279964379
10,358,2.6140809288555573
10,359,2.455931327144389
10,360,2.5751218767903556
10,361,2.4586719824208694
10,362,2.7410474818826223
10,363,2.5840906376190835
10,364,2.6034552130974324
10,365,2.6690197511198557
10,366,2.4533189638530764
10,367,2.51991924854111
10,368,2.5211579065463763
10,369,2.536318823048061
10,370,2.651082395917245
10,371,2.5921487699181327
10,372,2.5348758010479107
10,373,2.595753035642254
10,374,2.5859240751518118
10,375,2.685256382944744
10,376,2.6605788421848913
10,377,2.6517584800313587
10,378,2.560559870233973
10,379,2.6588916520988306
10,380,2.384388357810549
10,381,2.5475249496497003
10,382,2.5388212130809418
10,383,2.504846120896882
10,384,2.5847348190754373
10,385,2.6219502364786798
10,386,2.570885407220499
10,387,2.6670845954120295
10,388,2.666502953473265
10,389,2.599726563669685
10,390,2.6474897129482313
10,391,2.556235116089935
10,392,2.669255614269658
10,393,2.526442995899284
10,394,2.6078822125346384
10,395,2.5625253041651623
10,396,2.5329788552790347
10,397,2.5522481591058086
10,398,2.578577429805526
10,399,2.4486663880353734
10,400,2.59216515488185
10,401,2.6700570553445027
10,402,2.6114949826326486
10,403,2.660285025712682
10,404,2.4925005634246906
10,405,2.540750908966244
10,406,2.677765785210856
10,407,2.556645942126276
10,408,2.632213554736026
10,409,2.4793890794869387
10,410,2.6407189908242645
10,411,2.6116785196017953
10,412,2.548651347621905
10,413,2.633428490007922
10,414,2.598242135458541
10,415,2.532112923266999
10,416,2.5716618168114977
10,417,2.738386823777141
10,418,2.5174611640637665
10,419,2.485893275837143
10,420,2.647538349271346
10,421,2.5898901036345046
10,422,2.6329445648526066
10,423,2.5260542109874415
10,424,2.6283559124429203
10,425,2.7139599364181404
10,426,2.6737946612183485
10,427,2.6243830526277265
10,428,2.641128900254397
10,429,2.506077546881539
10,430,2.6626815525052834
10,431,2.6393022137550237
10,432,2.606279369035199
10,433,2.6518973082405553
10,434,2.5663165266759655
10,435,2.5875859969338744
10,436,2.486069524200966
10,437,2.522941725731549
10,438,2.663692416207167
10,439,2.558494805459975
10,440,2.560389779846997
10,441,2.4957823192020685
10,442,2.6346824537478395
10,443,2.487479805884825
10,444,2.447458857835163
10,445,2.645794245061935
10,446,2.6537816248908612
10,447,2.5558986409333304
10,448,2.614014687569415
10,449,2.6508226485941946
10,450,2.4866141085183244
10,451,2.516601541803318
10,452,2.6452909475604933
10,453,2.685652175654265
10,454,2.6181625433093236
10,455,2.4882757956015293
10,456,3.5809048818816707
10,457,2.5414709760379712
10,458,2.791677423015909
10,459,2.602092355521595
10,460,2.6489987966160684
10,461,2.4625850181233226
10,462,2.4664065215730946
10,463,2.623866859898364
10,464,2.6737887073895004
10,465,2.610361523991649
10,466,2.62115834640444
10,467,2.457784431526419
10,468,2.6264439509144113
10,469,2.6583234413193733
10,470,2.4407408874078413
10,471,2.507040123671516
10,472,2.5117691196488305
10,473,2.6294588473185283
10,474,2.681160068879965
10,475,2.516160023514928
10,476,2.5922085271060125
10,477,2.5723776154022966
10,478,2.559652021330671
10,479,2.468146580911735
10,480,2.5453621621471694
10,481,2.581753098983989
10,482,2.7057010622230226
10,483,2.6312203750014107
10,484,2.472748667757669
10,485,2.6031967728562435
10,486,2.6093727103632296
10,487,2.620332997827222
10,488,2.5384714028493924
10,489,2.4724520024698258
10,490,2.5823288455884614
10,491,2.541789097065156
10,492,2.538956956321455
10,493,2.52590158663674
10,494,2.5124675228858986
10,495,2.54602349106699
10,496,2.504086078045328
10,497,2.7101789509392202
10,498,2.5970747625584463
10,499,2.654849429691728
20,0,2.737440925269792
20,1,2.6474054875659405
20,2,2.6456010481674452
20,3,2.539656344571862
20,4,2.5855809336698248
20,5,2.4710951993763732
20,6,2.8298193657915265
20,7,2.615586012379107
20,8,2.621761605398337
20,9,2.74682969587641
20,10,2.589375295177074
20,11,2.524273329723015
20,12,2.6757040286130516
20,13,2.543985471849934
20,14,2.7052516311950465
20,15,2.645443307448548
20,16,2.698400128913337
20,17,2.618475931843292
20,18,2.598276290679174
20,19,2.699189451601896
20,20,2.626000975190162
20,21,2.6247400384082034
20,22,2.3977963753535474
20,23,2.6233913081969527
20,24,2.600483785776743
20,25,2.6088286448954996
20,26,2.558262453952527
20,27,2.60573311799077
20,28,2.6580456841594473
20,29,2.7658461436676034
20,30,2.7859809087397207
20,31,2.6103121931208886
20,32,2.4647381592355573
20,33,2.724808342242485
20,34,2.6511200195499067
20,35,2.6573454062995854
20,36,2.5859946332980153
20,37,2.5789207271060626
20,38,2.5721465918038593
20,39,2.7035921768758806
20,40,2.6389394322036206
20,41,2.6357805647372152
20,42,2.591567044848265
20,43,2.604776861591393
20,44,2.6256381078698805
20,45,2.534186710536974
20,46,2.5329292193937185
20,47,2.7126557328984156
20,48,2.5303535604610534
20,49,2.509105267168402
20,50,2.593959855240597
20,51,2.629034981210467
20,52,2.5968021055553696
20,53,3.5217977451057734
20,54,2.540659871425145
20,55,2.554360600233825
20,56,2.673506479068254
20,57,2.634171127342372
20,58,2.5659208798615305
20,59,2.704238944815277
20,60,2.7035337338981917
20,61,2.6310935181395734
20,62,2.577726909988453
20,63,2.584712372018291
20,64,2.7841592321298148
20,65,2.6156163857509607
20,66,2.5563484920352613
20,67,2.5565585074617725
20,68,2.7275217964548224
20,69,2.5501678544154975
20,70,2.4295744601087494
20,71,2.629171882425842
20,72,2.5196282189283887
20,73,2.826116994347647
20,74,2.658775343995694
20,75,2.5612676012146394
20,76,2.5260970206153917
20,77,2.5600803622529833
20,78,2.597228367945948
20,79,2.665845360218699
20,80,2.5835204207969626
20,81,2.7002396070517243
20,82,2.5869037000491923
20,83,2.529267246188734
20,84,2.722078395918379
20,85,2.707848185464175
20,86,2.5016705761258846
20,87,2.612224432106462
20,88,2.569706599140549
20,89,2.5342310316777015
20,90,2.572481673632371
20,91,2.609713775670587
20,92,2.6419401362334383
20,93,2.618062902991656
20,94,2.6825352457731935
20,95,2.6925403218202577
20,96,2.6734881146226828
20,97,2.630944732282329
20,98,2.5193914849386205
20,99,2.5900989176517197
20,100,2.572220068428107
20,101,2.6506425565418117
20,102,2.566965878966201
20,103,2.6397341876709675
20,104,2.4935543431359086
20,105,2.546357969217409
20,106,2.6804348240755993
20,107,2.585136131285356
20,108,2.632743093272072
20,109,2.676196557689684
20,110,2.716676010141512
20,111,2.7210861674266624
20,112,2.56581852487403
20,113,2.484445640994419
20,114,2.540665818603259
20,115,2.6415871497793226
20,116,2.7809055647142222
20,117,2.5976247602591482
20,118,2.5661746602059363
20,119,2.5005919418795846
20,120,2.587656829574793
20,121,2.626455592560503
20,122,2.54574903232734
20,123,2.5947563535297844
20,124,2.6254170466870037
20,125,2.559168025554437
20,126,2.482323739330778
20,127,2.7140921052000184
20,128,2.658694909199008
20,129,2.572968505705156
20,130,2.4219243728970956
20,131,2.5846859139846092
20,132,2.7105095035180993
20,133,2.5280138181291614
20,134,2.740186651032347
20,135,2.6894209575311745
20,136,2.4557766394299865
20,137,2.6587963934733807
20,138,2.639052605301675
20,139,2.4401286577860923
20,140,2.69198335003272
20,141,2.621202533848095
20,142,2.565654631123287
20,143,2.6156300829274404
20,144,2.534829081281855
20,145,2.544873378208853
20,146,2.7172456903970352
20,147,2.6310617962929563
20,148,2.6601792822385786
20,149,2.6223208045107578
20,150,2.7385841789322662
20,151,2.665912118576943
20,152,2.549412816494984
20,153,2.562573330015119
20,154,2.7699827254636245
20,155,2.7094472451352885
20,156,2.6527968231409913
20,157,2.5730307952077354
20,158,2.6561864427064044
20,159,2.468717139567658
20,160,2.667330253540047
20,161,2.6766977508275382
20,162,2.546090992698837
20,163,2.727755250836123
20,164,2.591838167440501
20,165,2.599866317833436
20,166,2.5977648619677396
20,167,2.6330257440626603
20,168,2.5821434272162085
20,169,2.6817904727663207
20,170,2.6165472448352474
20,171,2.560168954235248
20,172,2.6384445312994287
20,173,2.6152640746069804
20,174,2.4950218065392686
20,175,2.6176735198520986
20,176,2.532760400316163
20,177,2.7558722222695873
20,178,2.589228357385562
20,179,2.6997127078754493
20,180,2.571135593890265
20,181,2.649800187045827
20,182,2.684137256492863
20,183,2.5553931164838666
20,184,2.701814209120641
20,185,2.686075863946874
20,186,2.696040139639551
20,187,2.6206004021508162
20,188,2.5582175262701816
20,189,2.498761402516535
20,190,2.6013348565623056
20,191,2.6732443454792483
20,192,2.510935628032016
20,193,3.6574695047607673
20,194,2.6022506482994596
20,195,2.698370984483289
20,196,2.574014077435269
20,197,2.5764805737029146
20,198,2.6059362876410272
20,199,2.515103591593774
20,200,2.519349553861639
20,201,2.605204120215698
20,202,2.663465084145111
20,203,2.601929956951453
20,204,2.5520704411813377
20,205,2.6554145363014396
20,206,2.942772059633534
20,207,2.72039782916788
20,208,2.6675246509343125
20,209,2.6094725198895525
20,210,2.682645662499649
20,211,2.6122919184693125
20,212,2.529927995337911
20,213,2.610955330675018
20,214,2.5538292859246177
20,215,2.546902546394662
20,216,2.693709052737228
20,217,2.6654239933857697
20,218,2.7274874980490336
20,219,2.896717712148889
20,220,2.659361276757734
20,221,2.5540569212125748
20,222,2.550475003755787
20,223,2.6514886841434127
20,224,2.5900151036726986
20,225,2.597665847400943
20,226,2.75793227238839
20,227,2.51836125822353
20,228,2.5565446194545496
20,229,2.6071356529094984
20,230,2.6869634837948273
20,231,2.5561350413042576
20,232,2.726918051120616
20,233,2.4632544853961473
20,234,2.5453784006879303
20,235,2.6012531715863427
20,236,2.5950317905685143
20,237,2.703597189102127
20,238,2.631152353561725
20,239,2.639418200119886
20,240,2.6216301680217455
20,241,2.6375577094599407
20,242,3.6476284455640946
20,243,2.652765295060412
20,244,2.6655122144911045
20,245,2.6812601108517997
20,246,2.5681701974550704
20,247,2.6076597178755905
20,248,2.587422120227648
20,249,2.6048664984428114
20,250,2.6353713783234936
20,251,2.76645772546321
20,252,2.6580373952267076
20,253,2.6148340104214722
20,254,2.583569796682844
20,255,2.53801184171291
20,256,2.6334973078836184
20,257,2.7127975819546593
20,258,2.6869816160032403
20,259,2.674536748586037
20,260,2.6119200736509076
20,261,2.8245155347010136
20,262,2.5362591726693613
20,263,2.5743877188620945
20,264,2.5757043921236313
20,265,2.714879859973039
20,266,2.593487177432914
20,267,2.6044762281208422
20,268,2.5292509813665065
20,269,2.600377958531022
20,270,2.697789704953015
20,271,2.65430245781917
20,272,2.5461757694337863
20,273,2.6674072202988017
20,274,2.500296452803606
20,275,2.664537265660658
20,276,2.516867484370714
20,277,2.5888352128373944
20,278,2.5795524669433916
20,279,2.5335266500005598
20,280,2.7350595945979586
20,281,2.566720295423073
20,282,2.4866334411713007
20,283,2.714095287030134
20,284,2.624794785970431
20,285,2.5734764397024503
20,286,2.5503185078591994
20,287,2.7361853354177743
20,288,2.77373627549878
20,289,2.759144030796509
20,290,2.801818175518558
20,291,2.604123836429878
20,292,2.4614360643860094
20,293,2.540643650827372
20,294,2.5832030902711947
20,295,2.480916897555005
20,296,2.6980967349508247
20,297,2.59273577446433
20,298,2.6320733013263142
20,299,2.9544253045101305
20,300,2.5461310896922744
20,301,2.5465550904555285
20,302,2.486957853914312
20,303,2.7317798525917922
20,304,2.5767596189978392
20,305,2.6029655159606375
20,306,2.7169409118380576
20,307,2.5948349503359127
20,308,2.6341251447809984
20,309,2.7033318422844497
20,310,2.601487404890693
20,311,2.7106057872415406
20,312,2.8837369122066767
20,313,2.5779577177815045
20,314,2.710160506383059
20,315,2.6971145232225044
20,316,2.563909490126986
20,317,2.5321752049765305
20,318,2.509077580773835
20,319,2.7009117273260697
20,320,2.7528187225469156
20,321,2.7259209327846166
20,322,2.820877309807695
20,323,2.6362186520039406
20,324,2.625431741112747
20,325,2.60106412558859
20,326,2.6345782906206927
20,327,2.6074405834550065
20,328,2.5657852813816233
20,329,2.7224048115435022
20,330,2.6321895307368828
20,331,2.509733298443736
20,332,2.5677117152530164
20,333,2.5958025829691804
20,334,2.6548597992943135
20,335,2.6055324581521844
20,336,2.821695721451958
20,337,2.812359218266762
20,338,2.6463005432385143
20,339,2.479139103945925
20,340,2.6044536558838542
20,341,2.6662689799781485
20,342,2.5644595372245695
20,343,2.5458333757491327
20,344,2.6870829600217983
20,345,2.55560307937516
20,346,2.492827363899688
20,347,2.6338705287519266
20,348,2.6635786891056896
20,349,2.511054355192355
20,350,2.612157099705319
20,351,2.578116812737267
20,352,2.5380939101548536
20,353,2.4754181377354736
20,354,2.491857621338769
20,355,2.6497424565238763
20,356,2.5888922003277712
20,357,2.683304780068707
20,358,2.6001185404351554
20,359,4.621684767974452
20,360,2.664177265025465
20,361,2.541819820155465
20,362,2.542084954762698
20,363,2.5582832521188066
20,364,2.747862892622799
20,365,2.6527820494623784
20,366,2.7447420772943003
20,367,2.622762579402322
20,368,2.637877667303814
20,369,2.7611816148036397
20,370,2.495207498901826
20,371,2.6143379794746395
20,372,2.570710536474091
20,373,2.603976056798109
20,374,2.809499571498687
20,375,2.6184516897019825
20,376,2.6426955809427315
20,377,2.5696593346224748
20,378,2.587073152934154
20,379,2.5663960958790297
20,380,2.6884025238376092
20,381,2.7568876310466797
20,382,2.6191358455125817
20,383,2.9633568187163304
20,384,2.7406366247779044
20,385,2.488429276241465
20,386,3.096992888451434
20,387,2.4848464057638546
20,388,2.571301741629682
20,389,2.6512288923987173
20,390,2.548468359159347
20,391,2.689753726023893
20,392,2.581467099249142
20,393,2.692152467400721
20,394,2.5825426143567642
20,395,2.662811988641518
20,396,2.6585282336731524
20,397,2.7746721158465384
20,398,2.5780441416414357
20,399,2.553559983932436
20,400,2.6095459009046436
20,401,2.5458433332763915
20,402,2.6832583242207253
20,403,2.695065580561709
20,404,2.598960211342746
20,405,2.5438895350781316
20,406,2.7964907639249312
20,407,2.5360616641418727
20,408,2.584672347720278
20,409,2.6168225370524087
20,410,2.6396229085477962
20,411,2.5567715095330494
20,412,2.56901005566775
20,413,2.6421587232113657
20,414,2.7048103069140597
20,415,2.640909306485565
20,416,2.5412442331574536
20,417,2.8150967594620413
20,418,2.4750237905915085
20,419,2.6586531238236284
20,420,2.5775526605027146
20,421,2.63483368585324
20,422,2.700304856984346
20,423,2.7943803918958614
20,424,2.7840260557015215
20,425,2.5860872951261586
20,426,2.5552115364428527
20,427,2.6341151490166883
20,428,2.5377319940820957
20,429,2.645026576480818
20,430,2.6329455242438247
20,431,2.5109028489414476
20,432,2.6012437367813446
20,433,2.731055037922904
20,434,2.6877838356662846
20,435,2.6379035128027826
20,436,2.6801557673543805
20,437,2.705597381693316
20,438,2.5636928769852427
20,439,2.6573940142860506
20,440,2.5589931415748364
20,441,2.6646238542172034
20,442,2.733619272937087
20,443,2.667425801700304
20,444,2.665119022132519
20,445,2.594015875256508
20,446,2.5538046065901407
20,447,2.6515077184985403
20,448,2.6158970785553413
20,449,2.7216585134672546
20,450,2.6255673315444628
20,451,2.67596641999182
20,452,2.6853740168040536
20,453,2.6633585361475784
20,454,2.6064315671638942
20,455,2.4534118766900233
20,456,2.578307806179188
20,457,2.604571390612199
20,458,2.6375397156227773
20,459,2.6641260631880495
20,460,2.7796387272417156
20,461,2.5790137901896246
20,462,2.714090931032574
20,463,2.5516680625121997
20,464,2.656993319355065
20,465,2.6880519276086132
20,466,2.71571189495177
20,467,2.5756120288214777
20,468,2.4621735304778745
20,469,2.4988935319630006
20,470,2.533796522480035
20,471,2.602883898804226
20,472,2.6450971584582326
20,473,2.59738550465586
20,474,2.5138628905320894
20,475,2.541776744922279
20,476,2.7060613806593192
20,477,2.53892148006515
20,478,3.569146313453729
20,479,2.532325835712384
20,480,2.581942869113083
20,481,2.7453887638413135
20,482,2.6495536111807714
20,483,2.596730840840395
20,484,2.6780151480111702
20,485,2.49521583195319
20,486,2.6374584833347012
20,487,2.7151863154329776
20,488,2.521090005377318
20,489,2.5799121717485938
20,490,2.600064246412784
20,491,2.6402578165352795
20,492,2.5719923732885257
20,493,2.738603553519277
20,494,2.626855872598517
20,495,2.67502411967514
20,496,2.436860668800483
20,497,2.6171098939658965
20,498,2.701454797432608
20,499,2.680181415974896
30,0,2.6080065770770595
30,1,2.7181113851308174
30,2,2.6890308474300335
30,3,2.883151600178435
30,4,2.5301566248555782
30,5,2.513375923037555
30,6,2.6042526998460707
30,7,2.564405707446551
30,8,2.626831784880504
30,9,2.700278778661492
30,10,2.6681693873729544
30,11,2.541419543307869
30,12,2.9189470700215856
30,13,2.7433956749211363
30,14,2.5814229517598557
30,15,2.4814269017347264
30,16,3.5722624805634786
30,17,2.5460822296363976
30,18,2.6634936930110804
30,19,2.561555393509029
30,20,2.6172493189910306
30,21,3.0531947044936336
30,22,2.679928833480984
30,23,2.6774852537940625
30,24,2.544018069514458
30,25,2.5581832063383705
30,26,2.485149986939729
30,27,2.587777292649168
30,28,2.596196304937474
30,29,2.461484994500706
30,30,2.6374386695544696
30,31,2.619812396645611
30,32,2.7439329233581713
30,33,3.6748839837234453
30,34,2.6009717700339623
30,35,2.5956631766871125
30,36,2.6194723298600278
30,37,2.6129323125171813
30,38,2.713108383609307
30,39,2.6848925862975404
30,40,2.88767406419031
30,41,2.6628878591893144
30,42,2.4306590405624293
30,43,2.7992207168179983
30,44,2.6787581992306695
30,45,2.661433297130934
30,46,2.6805779276165596
30,47,2.691206956126282
30,48,2.562178539866789
30,49,2.6599722768046714
30,50,2.5338538209394326
30,51,2.725440225317749
30,52,2.5842272274421183
30,53,2.821473409666995
30,54,2.8074257669618077
30,55,2.597076161069789
30,56,2.688803072871408
30,57,2.817206428584447
30,58,2.5831810415920637
30,59,2.616446588231219
30,60,2.5308404722641487
30,61,2.6039737419224904
30,62,2.8184665961956608
30,63,2.6668820865738003
30,64,2.585095804344492
30,65,2.6272222873290514
30,66,2.718640573896935
30,67,2.7823342352073763
30,68,2.640256809516924
30,69,2.5534734334683087
30,70,2.757505273372846
30,71,2.6594930231895026
30,72,2.7528939234905976
30,73,2.81740678355334
30,74,2.6910450388118714
30,75,2.6249702723187074
30,76,2.578322157874435
30,77,2.61118093410353
30,78,2.559713715729923
30,79,2.588500138034967
30,80,2.59516802126327
30,81,2.5150489714005624
30,82,2.780498836891019
30,83,2.500362678487783
30,84,2.636356002667406
30,85,2.6465436359551466
30,86,2.5583493575343623
30,87,2.653296072709968
30,88,2.5476893810520704
30,89,2.6016588496200574
30,90,2.88882506541808
30,91,2.710148770136417
30,92,2.548470071497642
30,93,3.0150904117787674
30,94,2.7200706211865264
30,95,2.771381028776079
30,96,2.6624476764033034
30,97,2.8615466633975175
30,98,2.698045836986863
30,99,2.6678010547496287
30,100,2.804258785424144
30,101,2.668423571552031
30,102,2.6174449511391193
30,103,2.608938495243886
30,104,2.763468593636902
30,105,2.5749227858029484
30,106,2.831495370612663
30,107,2.6379279478803763
30,108,2.908687791910737
30,109,2.7951352940611693
30,110,2.553615493214777
30,111,2.7900395864744505
30,112,2.8544097636763235
30,113,2.741124402385654
30,114,2.539426503271609
30,115,2.5752105079289747
30,116,2.594861965588885
30,117,2.5848918567065513
30,118,2.5108657174395015
30,119,2.5794193251647757
30,120,2.5417619816769714
30,121,2.5618018279069994
30,122,2.5416876776785564
30,123,2.6707824277214502
30,124,2.7788623147126974
30,125,2.602473269477366
30,126,2.8291743958401225
30,127,2.6165990743678287
30,128,2.6526994725407524
30,129,2.5269600112771435
30,130,2.641099768109624
30,131,2.8298188741513184
30,132,2.6266764860416654
30,133,2.5970390154035967
30,134,2.6456088419063986
30,135,2.9085128495721557
30,136,2.6527624825369394
30,137,2.7421378109998864
30,138,2.7209353438186517
30,139,2.5716328909616704
30,140,2.661136189762652
30,141,2.77373962268293
30,142,2.8178824563283063
30,143,2.5650303478106515
30,144,2.476102323005891
30,145,2.6101280841379757
30,146,2.582411967186638
30,147,2.5497904171037096
30,148,2.6418925374248055
30,149,2.6339386955598285
30,150,2.6182723707018276
30,151,2.771023381684223
30,152,2.5317134794783147
30,153,2.9795451472114327
30,154,2.665855327028359
30,155,2.511002991154941
30,156,2.590255388851966
30,157,2.6605379955294475
30,158,2.67382516476609
30,159,2.6307226815549285
30,160,2.604536843144048
30,161,2.5766086245944266
30,162,2.856094318368606
30,163,2.6756067389539187
30,164,2.7338028266541494
30,165,2.519753937680182
30,166,2.6520268210852356
30,167,2.515216305153389
30,168,2.887192525603004
30,169,2.6464287316883537
30,170,2.6498710440806668
30,171,2.770573499355802
30,172,2.5408378894494668
30,173,2.549099861172258
30,174,2.607939087820222
30,175,2.6439658894584817
30,176,2.6733654777833786
30,177,2.683283833406779
30,178,2.6732202548378052
30,179,2.6052205377683078
30,180,2.607272850042058
30,181,2.9014499085653576
30,182,2.557335126517991
30,183,2.5962592790721457
30,184,2.615311940594342
30,185,2.728204613077226
30,186,2.659813933246247
30,187,2.6766473978938223
30,188,2.666846293502655
30,189,2.5075389863726167
30,190,2.756908741655093
30,191,2.496921886223132
30,192,2.6289355483218944
30,193,2.6952298448975536
30,194,2.7072594442280913
30,195,2.6345539614459375
30,196,2.574027370253841
30,197,2.7775587713167638
30,198,2.6036610839567578
30,199,2.4875023314509344
30,200,2.4104482568780585
30,201,2.6228815405109804
30,202,2.7923735190757326
30,203,2.6527583555278405
30,204,2.5668035691906947
30,205,2.6991920328000405
30,206,2.4523680098809653
30,207,2.725830438236137
30,208,2.5685147185341903
30,209,2.5697616090422133
30,210,2.6090285156882054
30,211,2.842442013328121
30,212,2.616951178703776
30,213,2.7057202189798333
30,214,2.587512424483182
30,215,2.665188502166955
30,216,2.5203392769888784
30,217,2.6059260226974477
30,218,2.5565507814623363
30,219,2.5461368580458505
30,220,2.615014094009959
30,221,2.6732618872964324
30,222,2.5245030696426847
30,223,2.696521024861599
30,224,2.5772069036706453
30,225,2.5280970844032407
30,226,2.598336136566897
30,227,2.7199507355891366
30,228,2.596604373574237
30,229,2.5831121489575604
30,230,2.778563288034669
30,231,2.7334459774943674
30,232,2.8884130096257814
30,233,3.0459101756869598
30,234,2.7332593578648496
30,235,2.5441623006014504
30,236,2.638377039079137
30,237,2.4405729281872075
30,238,2.6779080063583165
30,239,2.7228317333750245
30,240,2.7317951967532537
30,241,2.596083068801059
30,242,2.6113015773324113
30,243,2.5408134345175073
30,244,2.6544482569155377
30,245,2.590947495321168
30,246,2.589727715763315
30,247,2.939480116581486
30,248,2.5352381357738762
30,249,2.692751577522233
30,250,2.6052435503371014
30,251,2.5107230852742424
30,252,2.5862799683193027
30,253,2.4880838977610544
30,254,2.5725187612464073
30,255,2.666218974172886
30,256,2.6320962694546806
30,257,2.9660997963704325
30,258,2.6747470370787916
30,259,2.5649345378143265
30,260,2.532925558428408
30,261,2.546696511942586
30,262,2.5316663305123077
30,263,2.6734665554415256
30,264,2.700084272486227
30,265,2.8126339231638813
30,266,2.6904560508354436
30,267,2.6609596417270236
30,268,2.6037634355826107
30,269,2.6990054167525797
30,270,2.8584410264247273
30,271,2.622294284235965
30,272,2.639335926334333
30,273,2.7331225705798663
30,274,2.7046829097194474
30,275,2.7337050713287767
30,276,2.7152965225217334
30,277,2.5618091024348977
30,278,2.873752854778372
30,279,2.7057392649178307
30,280,2.76882689520554
30,281,2.6672046803336107
30,282,2.5093131142872567
30,283,2.713836362575963
30,284,2.60374749294751
30,285,2.6520525620799056
30,286,2.781378490840842
30,287,2.5966499980490214
30,288,2.6776469062568236
30,289,2.6464795877234604
30,290,2.7546878928554785
30,291,2.63605462968015
30,292,2.6812345532964694
30,293,3.222897926997785
30,294,2.5742080575730304
30,295,2.723783022819189
30,296,2.592692629712419
30,297,2.593061132232919
30,298,2.714856125235777
30,299,2.4629019193828414
30,300,2.6409285276506664
30,301,2.6903506330169167
30,302,2.4895135388199066
30,303,2.8056936294071946
30,304,2.4947348897386825
30,305,2.6500428392159705
30,306,2.772340930628022
30,307,2.561436321823626
30,308,2.6160492434278346
30,309,2.6116880829013254
30,310,2.623536985012253
30,311,2.6126453957817586
30,312,3.111258604441511
30,313,2.781930397324192
30,314,2.5732040894983412
30,315,2.518416479317239
30,316,2.968467595288226
30,317,2.596579139797821
30,318,2.594438119765549
30,319,2.610899476968946
30,320,2.616435558731299
30,321,2.822176557282168
30,322,2.7874955772294423
30,323,2.6386050477254552
30,324,2.5158088056377097
30,325,2.653232552945216
30,326,2.665710055953778
30,327,2.508907664305244
30,328,2.449804743665275
30,329,2.573158790010592
30,330,2.7150976687296704
30,331,2.622622876233466
30,332,2.5858335071514733
30,333,2.9939945551325344
30,334,2.6926100277045415
30,335,2.7383746751369173
30,336,2.6705628894625875
30,337,2.62355615211416
30,338,2.6494786436409985
30,339,2.745286520745501
30,340,2.760136440807258
30,341,2.417340145870212
30,342,3.0488166752353782
30,343,2.5076349609865556
30,344,2.5767014114246907
30,345,2.6482080243386816
30,346,2.8312424453340483
30,347,2.6906402669420797
30,348,2.980710707173407
30,349,2.5426003485020954
30,350,2.729196962757615
30,351,2.6627223787118792
30,352,2.4999598567028096
30,353,2.5357371255591823
30,354,2.6698902716191455
30,355,2.6637101888365553
30,356,2.572821302944395
30,357,2.800845492509582
30,358,2.74117555706774
30,359,2.557867133633324
30,360,2.570685590575051
30,361,2.5408677593889615
30,362,2.752842262763481
30,363,2.605709573231448
30,364,2.631690274189924
30,365,2.5495496497313566
30,366,2.581809634052982
30,367,2.802122760205548
30,368,2.4526144840139423
30,369,2.59655255276094
30,370,2.66590297079572
30,371,2.5977412174831245
30,372,2.6444126151811043
30,373,2.6972422749737865
30,374,2.4521349631899927
30,375,2.619579378548878
30,376,2.552502875270445
30,377,2.6472851391432295
30,378,2.7510027996587154
30,379,2.5143130765016126
30,380,2.6303365647239314
30,381,2.462044476640274
30,382,2.732987331011706
30,383,4.521138424637225
30,384,2.8013566764894486
30,385,2.5601433295565634
30,386,2.663451956201819
30,387,2.776052747385553
30,388,2.5509540492441127
30,389,2.520074608686683
30,390,2.7516335305371302
30,391,2.6888900784689858
30,392,2.776204724973084
30,393,2.5849398393003375
30,394,2.59933438018053
30,395,2.619443927986457
30,396,2.8316731467516054
30,397,2.6188663727901242
30,398,2.6738931485314557
30,399,2.7755281413110016
30,400,2.5491121243423875
30,401,2.581605280236954
30,402,3.6035944503838193
30,403,2.6334101457499246
30,404,2.6559158404939116
30,405,2.6450008369487166
30,406,2.564500698401598
30,407,2.661031392994679
30,408,2.6157880853330333
30,409,2.646048237899514
30,410,2.5838671879537074
30,411,2.646098612086379
30,412,2.542152384884905
30,413,2.5779592646785856
30,414,2.6970000617904772
30,415,2.969507327397556
30,416,2.573018010116283
30,417,2.7345406399551933
30,418,2.7184472341183885
30,419,2.6542432824107207
30,420,2.5617756602217776
30,421,2.5526771971283235
30,422,2.679386271015709
30,423,2.953686951751057
30,424,2.8278249912792615
30,425,2.60827466011737
30,426,2.5539927516564584
30,427,2.6137687369494578
30,428,2.7939202239907335
30,429,2.686220471168739
30,430,2.6579214108476497
30,431,2.626650241348833
30,432,2.634906776012348
30,433,2.581440090438453
30,434,2.5865429997926994
30,435,2.5543612375316984
30,436,2.6529642749529136
30,437,2.7628195099042943
30,438,2.5420878877995112
30,439,2.834935488553243
30,440,2.7062501595282273
30,441,2.607924469868695
30,442,2.5617230903149264
30,443,2.602357827165197
30,444,2.48831643038283
30,445,2.840762435998581
30,446,2.6858556447423148
30,447,2.617668619367276
30,448,2.5980914823916708
30,449,3.016371612384436
30,450,2.6547050840227007
30,451,2.6701180388747363
30,452,2.6394941344598792
30,453,2.7123028470865216
30,454,2.448771074955258
30,455,2.6344657320790525
30,456,2.7343423774754005
30,457,2.5422065466483845
30,458,2.528994401487478
30,459,2.727614106872859
30,460,2.791739944154179
30,461,2.6383507454436232
30,462,2.6091819780421552
30,463,2.5507248971232004
30,464,2.7220551134945867
30,465,2.7857363025654047
30,466,2.567524197154866
30,467,2.5149639280998395
30,468,2.5752735252273364
30,469,2.6766587675860505
30,470,2.71715118146312
30,471,2.662937667484533
30,472,2.7004888448566065
30,473,2.79181482783577
30,474,2.6740062061765366
30,475,2.4721197432111794
30,476,2.5833292952137104
30,477,2.6671525866889594
30,478,2.628556051642182
30,479,2.6778350306309133
30,480,2.655952833088256
30,481,2.6160656904818325
30,482,2.614133434483536
30,483,2.6447418450257514
30,484,2.5055528335622856
30,485,2.727752738920964
30,486,2.8947165677782047
30,487,2.547858580763776
30,488,2.6630204324462334
30,489,2.6034358325099505
30,490,3.5801711764214765
30,491,2.7112142904727805
30,492,2.5100794969762137
30,493,2.7466898305762832
30,494,2.796843924173027
30,495,2.734610043221626
30,496,2.5555078471496846
30,497,2.525869815704438
30,498,2.66998754766498
30,499,2.6268404253056286
40,0,2.794877977797901
40,1,2.847361060379145
40,2,2.8194519784115792
40,3,2.788646209023697
40,4,2.7494299828640796
40,5,2.8590773128987097
40,6,2.7846957514369834
40,7,3.5333827054695566
40,8,2.5029523700014473
40,9,2.4949315936461542
40,10,2.6267081358617212
40,11,2.7544982793036663
40,12,2.8437493749392178
40,13,2.6717326228255605
40,14,2.5740622150834405
40,15,2.638216402717995
40,16,2.6357462777495133
40,17,2.9987515386692225
40,18,2.669058179056943
40,19,2.6143147731385707
40,20,2.7194363935264683
40,21,2.738266479626086
40,22,2.666530181368133
40,23,2.746285757848991
40,24,3.3197660653008025
40,25,2.9989950073908855
40,26,2.7018451275717794
40,27,2.559490223831388
40,28,3.1386725485980342
40,29,2.6181793451273285
40,30,2.673705757041361
40,31,2.7335012757871144
40,32,2.774668247501503
40,33,2.630952982191125
40,34,2.9429976470063814
40,35,2.525465671624202
40,36,2.7386969346004757
40,37,2.7573689566611908
40,38,2.651469970479964
40,39,2.64943403401387
40,40,2.615595795218182
40,41,2.62745932555447
40,42,2.870613183181749
40,43,2.5435995544015633
40,44,2.5481330456698053
40,45,2.7038848210686393
40,46,2.61899557881928
40,47,2.818233972887828
40,48,2.555197249465711
40,49,2.6421669681408724
40,50,2.730091466996439
40,51,2.550201144809682
40,52,2.651181292344847
40,53,2.5940501830249025
40,54,2.5530869942163354
40,55,2.7190456690302276
40,56,3.2115536648896876
40,57,2.574854572261342
40,58,2.551514188557627
40,59,2.61162264153454
40,60,2.5551073111871245
40,61,2.8223510751528087
40,62,2.6914581246008566
40,63,2.7157151820955914
40,64,2.5623399226961547
40,65,2.626045247290673
40,66,2.9286473841181064
40,67,2.7497891752262626
40,68,2.6410454756248383
40,69,2.5530263456165776
40,70,2.6250279674564485
40,71,2.5990554455081982
40,72,2.812510128194635
40,73,3.6384494220372394
40,74,3.115019352664529
40,75,2.6503565286834565
40,76,2.6346785442399496
40,77,2.6357618916664136
40,78,2.6476508779163286
40,79,2.621418253745406
40,80,3.0813960638285542
40,81,2.72607821994582
40,82,2.5117072676411087
40,83,2.560280013262922
40,84,2.4407420968064875
40,85,2.6942774037931274
40,86,2.776179104642253
40,87,2.820826352078885
40,88,2.6780995915501027
40,89,2.818885457911235
40,90,2.79067714868407
40,91,2.7460467879863475
40,92,2.620398465044794
40,93,2.5164311810432127
40,94,2.5852047174629456
40,95,2.7116086031036724
40,96,2.5114102492075663
40,97,2.553014833893509
40,98,2.7457151749587565
40,99,3.1246909366655338
40,100,3.003392346582753
40,101,2.4791064039704325
40,102,2.805666647777218
40,103,2.7573562684974013
40,104,2.8308870666669685
40,105,2.5737544366148755
40,106,2.7288042296838406
40,107,2.594298330294696
40,108,2.6910446455925436
40,109,2.7113989650396606
40,110,2.673331265521157
40,111,2.4945329317776634
40,112,2.550497819168827
40,113,2.5230806637686136
40,114,2.6466161021947396
40,115,2.5978417540137992
40,116,2.488545344581789
40,117,2.6708902218273085
40,118,2.601777824814997
40,119,2.8207487816551358
40,120,2.7060904190233854
40,121,2.5740877683591106
40,122,2.548781161469501
40,123,2.7966228489818064
40,124,2.538101473471077
40,125,2.65971504552903
40,126,2.9000735223345115
40,127,3.0016301717601137
40,128,2.8669043757074903
40,129,2.622466547480862
40,130,2.8056636374899435
40,131,2.6490975280119704
40,132,2.573651306477006
40,133,2.687592618327879
40,134,2.749817334469527
40,135,2.656563151677346
40,136,2.5365123058379826
40,137,2.6199214408014053
40,138,2.760284323004081
40,139,2.99519221625325
40,140,2.6130773773829543
40,141,3.005257766248433
40,142,2.5483595646001724
40,143,2.8879125996173554
40,144,2.673518220566705
40,145,2.7991372380375585
40,146,2.686167888503172
40,147,2.7578838775099586
40,148,2.777420735653278
40,149,2.4848743984954886
40,150,2.670246699736544
40,151,2.5626140877313914
40,152,3.1478441099530707
40,153,3.019638377549757
40,154,2.784538165643706
40,155,2.7199740609254053
40,156,2.7594473832107607
40,157,2.734033022816344
40,158,2.662535243112128
40,159,3.006855593000398
40,160,2.72406357492718
40,161,2.9118912351571913
40,162,2.6743345918053807
40,163,2.701794470615895
40,164,2.896023602129428
40,165,2.5384153841746873
40,166,2.5900291391870565
40,167,2.575625909006344
40,168,2.9780272390627407
40,169,2.4418919282875096
40,170,2.49052811218124
40,171,2.583203440399998
40,172,2.6564142524141863
40,173,2.609835030144156
40,174,2.6484603913218536
40,175,2.6318895167905447
40,176,2.7386670190612397
40,177,2.581963714163275
40,178,2.6025049845235007
40,179,2.7696927393979753
40,180,2.7800173224500915
40,181,2.5969019475408364
40,182,2.5918190249387942
40,183,2.5050655348897233
40,184,2.714786144631906
40,185,2.55794542629921
40,186,2.5599494012187884
40,187,2.4875110477534883
40,188,2.8527664940011945
40,189,2.598866777627634
40,190,2.7108288418082105
40,191,2.7042184717852917
40,192,2.639085944626031
40,193,3.1287116680065723
40,194,3.4771328315441896
40,195,2.554124177829563
40,196,2.5479839816057246
40,197,2.729660929436491
40,198,2.7900046483762897
40,199,2.580776707756424
40,200,2.4896056284608887
40,201,2.6791508259886396
40,202,2.5291531412150383
40,203,2.415353984825329
40,204,2.6656656027176706
40,205,2.818865990937797
40,206,2.715758114132963
40,207,2.6502958951303044
40,208,2.9044283720588977
40,209,2.688091394395255
40,210,2.701018835910941
40,211,2.658238521508585
40,212,2.6249869089573603
40,213,2.6092079836315456
40,214,2.7628344248128545
40,215,2.623557875837986
40,216,3.0994385275307357
40,217,2.7386563887370086
40,218,2.5360553693178756
40,219,2.636329514040316
40,220,2.6623666494458766
40,221,2.650639651070613
40,222,2.676726554479205
40,223,2.7664435311157494
40,224,2.57779652903062
40,225,2.653746358401893
40,226,2.480588409010402
40,227,2.7063410090833906
40,228,3.0105758776861404
40,229,2.6652722307471977
40,230,2.6992652101582473
40,231,3.0327581198037667
40,232,2.700105158720551
40,233,2.591032811209874
40,234,2.6648720542906705
40,235,3.3143870245611864
40,236,2.5585139626605606
40,237,3.0050061711415195
40,238,2.632866507309342
40,239,2.5556144708584254
40,240,2.782269171016288
40,241,2.676310613404236
40,242,2.5704627573666463
40,243,2.650498439488263
40,244,2.7983726261920046
40,245,2.711264724856487
40,246,2.7192028798612693
40,247,2.819677686832587
40,248,2.5677698358253953
40,249,2.630807553329975
40,250,2.5703212002197113
40,251,2.691697083537278
40,252,2.7584100783448737
40,253,2.849053258869691
40,254,2.593902440084769
40,255,2.7213278046831855
40,256,2.9861765155113913
40,257,2.6535174666211545
40,258,2.6500563722774837
40,259,3.6760284448011054
40,260,2.837300574850864
40,261,2.4384073031468994
40,262,2.5453993741136
40,263,2.651122949617986
40,264,2.5554196725299545
40,265,2.755169342004413
40,266,2.6027065724290503
40,267,2.6328651346287155
40,268,2.897167421572678
40,269,2.8056374531572548
40,270,2.6653120897429248
40,271,2.667077964851844
40,272,2.5779555850048825
40,273,2.6078843207774405
40,274,2.8211776706114584
40,275,2.892084666868317
40,276,2.683505733748751
40,277,2.6180797513386707
40,278,2.709519735321731
40,279,2.710791399775686
40,280,4.227853369004439
40,281,2.5140611359191234
40,282,2.635813205883251
40,283,2.7605834166974215
40,284,2.7586749770376353
40,285,2.7073296475040953
40,286,2.599296810389558
40,287,2.498620052907847
40,288,2.625463391310729
40,289,2.7267225848014744
40,290,2.6087254501161063
40,291,2.961340183780998
40,292,2.738144039823197
40,293,2.6523770129275905
40,294,2.629271600289094
40,295,2.6832661195118828
40,296,3.057288157542862
40,297,2.9913066640598323
40,298,3.039262095536443
40,299,2.616577933773569
40,300,2.953153865809646
40,301,2.8206752179654284
40,302,2.773178842456826
40,303,3.100191773707588
40,304,2.688831638551364
40,305,2.8392365295765183
40,306,2.5666767437340536
40,307,2.764438469428314
40,308,2.661678687458236
40,309,2.695270715216201
40,310,2.5425602712709368
40,311,2.6824652439592684
40,312,3.737362073114452
40,313,2.6562877921226873
40,314,2.5896883627918883
40,315,2.842135082379952
40,316,2.874498331709891
40,317,2.7502639330842866
40,318,2.5683919341596875
40,319,2.59163620446301
40,320,3.127847462967307
40,321,2.6169391280671563
40,322,2.643962780888413
40,323,2.669532067470876
40,324,2.786016394770364
40,325,2.721375632450276
40,326,2.465334555035254
40,327,2.727180772051807
40,328,2.55408893948242
40,329,2.92302305672943
40,330,2.5463715914377643
40,331,2.6156671224597865
40,332,2.5584919008392366
40,333,2.73873592167021
40,334,2.605498945623036
40,335,2.4959473285691125
40,336,2.544950981806052
40,337,2.725097106708966
40,338,2.8683010856963933
40,339,2.7633394745942486
40,340,2.5667306055093673
40,341,2.7099775188714483
40,342,2.744540448578632
40,343,2.6706458263531605
40,344,2.7450886876199996
40,345,2.5911807766001056
40,346,2.5127022404678794
40,347,2.6860704119335503
40,348,2.61000195148172
40,349,2.749646683415757
40,350,2.51446620735286
40,351,2.4098419927701067
40,352,2.4933114714066904
40,353,2.6254157406143834
40,354,2.538575102744379
40,355,2.8474631395321954
40,356,2.702389785178921
40,357,2.486570246926933
40,358,2.7622080102953595
40,359,3.002126490557842
40,360,2.6910446491541635
40,361,2.57531466401123
40,362,2.786029515919919
40,363,2.397376734733213
40,364,2.850950687177795
40,365,2.672676421467439
40,366,2.7689726439475346
40,367,2.710034852987935
40,368,2.7573884153627644
40,369,2.7165836209571737
40,370,2.6295496820719912
40,371,2.627912008417554
40,372,2.805412229258098
40,373,3.0407101518318003
40,374,2.7220747674649086
40,375,2.6043870847771147
40,376,2.5832225617535274
40,377,2.724986194431679
40,378,2.750740641584932
40,379,2.50440963153431
40,380,2.6546075199757424
40,381,2.8102108146509654
40,382,2.637587938848797
40,383,2.582380519299241
40,384,3.0478943442256092
40,385,2.638515464173648
40,386,2.7115604457237503
40,387,3.1138794772303555
40,388,2.658597015135921
40,389,2.746663015277212
40,390,2.6607436839045864
40,391,2.7191600663730986
40,392,2.5953543563807226
40,393,4.722069048116989
40,394,2.58509383384226
40,395,2.5787886616307985
40,396,2.500910674477071
40,397,2.702661757103553
40,398,2.741257959175533
40,399,2.783646156642818
40,400,2.5119561569541196
40,401,2.5050450317155435
40,402,2.6973628071550055
40,403,2.790354255802161
40,404,2.621351919132617
40,405,2.566650206953476
40,406,2.6740411611873993
40,407,2.5789932534230573
40,408,2.7641094876869534
40,409,2.7728299620477297
40,410,2.7988411119440766
40,411,3.2492254139664967
40,412,2.719518155411062
40,413,2.7529003847582465
40,414,2.521596877655959
40,415,2.646499702270279
40,416,2.586513367093911
40,417,2.6890301394493954
40,418,2.643473034289456
40,419,2.61421908557006
40,420,2.7604810861881517
40,421,3.0448277306372784
40,422,2.732309493622933
40,423,2.848000117034306
40,424,2.561935842349713
40,425,2.783928682941789
40,426,2.6864770938074964
40,427,2.580503023390176
40,428,3.0507680014423686
40,429,2.731981464867149
40,430,2.537066381940065
40,431,2.548911925695835
40,432,2.6484875393409997
40,433,2.8235371869654236
40,434,2.6173890110188083
40,435,2.94621525612387
40,436,2.6056471410198436
40,437,2.6830437728092376
40,438,2.553839563409401
40,439,2.5510176149835004
40,440,2.777775691364765
40,441,2.6698399790864404
40,442,2.645559938097588
40,443,2.8234812259387607
40,444,2.701620090640233
40,445,2.6726439279786702
40,446,2.5173720025960433
40,447,2.6119287058282086
40,448,2.69601781124864
40,449,2.4994493444607375
40,450,2.4911989630457083
40,451,3.1152541923374453
40,452,3.056658649411975
40,453,2.7093265771648967
40,454,2.6683188494544066
40,455,2.861649164393966
40,456,2.664937149206032
40,457,2.970075326897035
40,458,2.4869330881299176
40,459,2.5360190352399683
40,460,2.5396503653051368
40,461,2.7589650156255923
40,462,2.5227630970003903
40,463,2.6203371961090354
40,464,2.5575517712518034
40,465,3.154790286854461
40,466,3.648050273182039
40,467,2.636402402851988
40,468,2.544527403043363
40,469,2.5797368316935505
40,470,2.7173760971942986
40,471,2.849813608725045
40,472,2.5386278208081547
40,473,2.5317222683428606
40,474,2.5757023165813484
40,475,2.539478386877106
40,476,2.5804476642554706
40,477,2.546095321811913
40,478,2.9786113258801654
40,479,2.8320064831427416
40,480,2.68731011310363
40,481,2.756910984595464
40,482,2.6420075823551366
40,483,2.5739333257756076
40,484,2.4878057399679685
40,485,2.6855662360215766
40,486,2.720189788852182
40,487,2.660418148551397
40,488,2.6425348475356505
40,489,2.8603884781760565
40,490,2.5038269830545654
40,491,2.777584995032898
40,492,2.8098319416860336
40,493,2.534052161871116
40,494,3.6987939597238992
40,495,2.7713387771565037
40,496,2.806070900574403
40,497,2.5043401996778285
40,498,2.561840425179915
40,499,2.922031882614287
50,0,2.738529390387538
50,1,2.7295793938889537
50,2,3.4526073823784054
50,3,3.1469756082985523
50,4,2.542658379407305
50,5,2.7909388187676067
50,6,2.643739309062048
50,7,3.3201292437864183
50,8,2.7638830763302455
50,9,2.5044422291319806
50,10,3.059320067184668
50,11,2.6549552903470968
50,12,3.1534558218471562
50,13,3.135765871134368
50,14,2.7878510174461217
50,15,2.746861509483195
50,16,2.4358818506072004
50,17,2.857811052988605
50,18,3.0760145281730225
50,19,2.658625466626911
50,20,2.97853785122578
50,21,2.963003180732051
50,22,3.1370861842758
50,23,2.670288028190514
50,24,2.788392570229565
50,25,2.724897409406436
50,26,2.9858161918294726
50,27,2.638593827383121
50,28,2.5824267085543813
50,29,2.93302641644273
50,30,3.5150519009290506
50,31,2.8132912460092676
50,32,2.5802128443217187
50,33,2.7767723462719256
50,34,2.972725329425938
50,35,2.7947114291522435
50,36,2.7897286895933924
50,37,2.690218345292174
50,38,2.968368563719431
50,39,2.79989789616747
50,40,2.742308859903415
50,41,2.7043801788318813
50,42,2.978789416159611
50,43,2.5557084360521314
50,44,3.3061807927749682
50,45,2.8815769272653307
50,46,2.9326752635108995
50,47,2.5656201399561227
50,48,2.7379948008937802
50,49,3.175298642393452
50,50,2.580227067051931
50,51,2.7336281024752402
50,52,2.7768498410868796
50,53,2.746210937314256
50,54,2.968787123541879
50,55,2.7946714210829695
50,56,2.5372389521543637
50,57,2.7231387082781082
50,58,2.7535661271774683
50,59,2.5572503166419582
50,60,2.4834020442887184
50,61,2.5519901597366825
50,62,2.6351700609628312
50,63,2.688916189582286
50,64,2.909364390614221
50,65,2.826788817473045
50,66,2.766264831767457
50,67,2.7757841875195646
50,68,3.271074774269736
50,69,2.68737295097355
50,70,2.8067168380732337
50,71,2.5951677477394104
50,72,2.7296709338868514
50,73,2.6133151311207934
50,74,3.0036083364319675
50,75,3.6114227541586517
50,76,3.306068990350496
50,77,2.7747796867721672
50,78,2.662069347421528
50,79,2.5838218836524818
50,80,2.6047723292727496
50,81,3.477816292119698
50,82,2.665671063748091
50,83,2.6737629925851207
50,84,2.708046353013702
50,85,3.0055186480584473
50,86,2.7378907614762755
50,87,3.1094144744704892
50,88,2.8692431918223
50,89,2.7015814751652387
50,90,2.7513691355195804
50,91,2.6918051724200924
50,92,2.747876042745453
50,93,2.722764439526706
50,94,2.6019214714436756
50,95,2.5594430184371064
50,96,2.588041131409327
50,97,2.889151741018233
50,98,2.630543813257523
50,99,2.6922194878314785
50,100,3.8755049850463728
50,101,2.506701504128521
50,102,3.1587159955937896
50,103,2.5915345008621498
50,104,2.821894517438266
50,105,2.740324384015233
50,106,3.2204536489188023
50,107,2.6583486163118537
50,108,2.5563540460619145
50,109,2.640359406508002
50,110,2.7919914331285796
50,111,2.849526481280071
50,112,2.5575725955934248
50,113,2.646742110757578
50,114,2.8003999822260974
50,115,2.752081330831633
50,116,3.340147259407247
50,117,2.933419891195227
50,118,2.65925495540608
50,119,2.711955969171808
50,120,2.760733137346981
50,121,2.7937947079230083
50,122,2.9258722256985545
50,123,2.794411684984219
50,124,2.486781177153097
50,125,2.833708072803389
50,126,2.8151505970855037
50,127,2.6277508376784646
50,128,3.2764441507415643
50,129,2.8638371855732414
50,130,2.6964006276613737
50,131,2.8126246673632687
50,132,2.9787153803555455
50,133,2.699466076891887
50,134,3.802579656701005
50,135,2.8433981905032355
50,136,2.754668188689827
50,137,2.5176614421442385
50,138,2.6295233957494575
50,139,2.902782619724624
50,140,2.915863381822108
50,141,2.6377608388343914
50,142,2.820755826113157
50,143,2.558441127993134
50,144,2.705414675520083
50,145,2.775659539348124
50,146,2.8982868169643474
50,147,2.633992831866524
50,148,3.683494365619514
50,149,2.6366199094025444
50,150,2.6454414011963316
50,151,2.6096156914463804
50,152,3.8843239922548536
50,153,2.6559597624194837
50,154,3.303094013817545
50,155,3.2167728916370413
50,156,2.4922842250522006
50,157,2.7750890997160553
50,158,2.4662998067470725
50,159,2.467390654948428
50,160,2.6768323777398537
50,161,2.682406662870287
50,162,2.9868999881606046
50,163,2.829564812053529
50,164,2.805919392320718
50,165,2.712630765253982
50,166,2.8670637858710646
50,167,2.6374449859093207
50,168,3.132473159747202
50,169,2.58097896156379
50,170,2.6543017395961295
50,171,2.648162512022074
50,172,2.6544382096660937
50,173,2.8573434937260638
50,174,2.863936995585547
50,175,2.6873249608989718
50,176,3.1755301194287213
50,177,2.6903158761682975
50,178,2.7028855646647014
50,179,2.8631088757607404
50,180,2.644766454698139
50,181,2.6143113074480224
50,182,2.7713762707843554
50,183,2.925510899152042
50,184,3.1543657363695012
50,185,2.8379940989024814
50,186,2.806314984586981
50,187,2.6490747157867935
50,188,2.8461089449237447
50,189,3.2147169469289802
50,190,3.274473384810717
50,191,2.789860170269666
50,192,2.7144069259223778
50,193,2.7419428475946406
50,194,2.6502349411413233
50,195,2.9511450905730063
50,196,2.862081594396949
50,197,2.8011972364008226
50,198,2.921967186226309
50,199,2.923999776378919
50,200,2.6593736493505835
50,201,2.5748380432637528
50,202,3.1892838983852823
50,203,2.969574219076125
50,204,2.675304241023591
50,205,2.540853048680943
50,206,3.270314311239127
50,207,2.557190400407068
50,208,2.3776458694156997
50,209,2.502488255789171
50,210,3.2162831387475452
50,211,2.8455741434140465
50,212,3.1134067998755506
50,213,2.6212213189111973
50,214,2.6800586970568063
50,215,2.955807164966315
50,216,2.7424730422399266
50,217,2.8951863442573855
50,218,2.7636733501267106
50,219,2.7285035090020937
50,220,2.7967575674024183
50,221,2.786446745248653
50,222,2.879874446753797
50,223,3.20676336552376
50,224,3.106731295955595
50,225,2.874294853604157
50,226,2.905976952870075
50,227,2.6714987372796095
50,228,3.374590491640861
50,229,2.7780463882293307
50,230,3.3147178700092566
50,231,2.5551028494476995
50,232,2.7506776443868945
50,233,2.758649059715953
50,234,2.878604480169777
50,235,2.9369318341621478
50,236,3.2242925346885585
50,237,2.813580190296961
50,238,2.496995725557649
50,239,2.6010316592227576
50,240,2.7733159423102327
50,241,3.1646741564500127
50,242,2.9539215016221867
50,243,2.807732852834599
50,244,2.9709659768967933
50,245,2.603692360685823
50,246,2.6422425191947347
50,247,2.5331041024001713
50,248,2.6592786989790453
50,249,2.576897541960406
50,250,2.73813871266473
50,251,2.7726981556452257
50,252,2.5999309556152093
50,253,3.7184259644326203
50,254,2.596363406128761
50,255,2.8823179703629087
50,256,2.902364781487516
50,257,2.7450029108560012
50,258,2.75308744115879
50,259,2.9381060000511443
50,260,2.7295275081860955
50,261,2.7750351725117723
50,262,2.9624210496706325
50,263,2.594320666165963
50,264,2.6644685777605717
50,265,2.779625116877284
50,266,2.567323332024973
50,267,2.6718129746967794
50,268,2.719475553039145
50,269,2.788653732141603
50,270,3.5188258427880665
50,271,2.837162845316138
50,272,3.5777338299814905
50,273,2.7129655383810656
50,274,2.7509744478830864
50,275,2.682975888260579
50,276,2.7779436868536815
50,277,2.8992444429665087
50,278,2.617563212528595
50,279,2.822713835204452
50,280,2.6961587003876235
50,281,2.545672947794852
50,282,2.6282249809068623
50,283,2.7396956610839815
50,284,2.5387386678017863
50,285,4.180660843665924
50,286,2.7052757851554703
50,287,2.7434623461081387
50,288,6.11985264267913
50,289,3.094313279889717
50,290,2.880932644850003
50,291,3.3288494396083097
50,292,2.5352470353469516
50,293,2.6463663425926884
50,294,2.677286774194413
50,295,2.7368007148484517
50,296,2.7622204213227204
50,297,2.803529074471446
50,298,3.177797266753242
50,299,3.697687745049172
50,300,3.2186079933785257
50,301,3.2547085897914494
50,302,3.0222292883031
50,303,3.2258522552019064
50,304,2.749977065964219
50,305,2.573268550673164
50,306,2.5838970536953156
50,307,2.7921326987679485
50,308,2.689110792396478
50,309,3.1170038430979097
50,310,2.737340251626534
50,311,2.6159755801310385
50,312,2.9090200362672833
50,313,2.848501068875382
50,314,3.1678828300054667
50,315,2.7438328054947254
50,316,2.7455859486681926
50,317,2.6830480678160837
50,318,2.8808021436747207
50,319,2.8347863722155617
50,320,2.9437626581778518
50,321,2.7568889172645705
50,322,2.8426808304504823
50,323,2.616693083001072
50,324,2.5651705422060402
50,325,3.2556874152241106
50,326,2.9954461547447324
50,327,2.7290357290501652
50,328,3.067853430209926
50,329,2.6465220137034575
50,330,2.6605506365498304
50,331,2.783392764508861
50,332,2.7061083187017854
50,333,2.591055145426697
50,334,2.5931368586488737
50,335,2.778972042717932
50,336,2.5997796287008446
50,337,2.6815170934700983
50,338,2.7115398003324755
50,339,2.629077471405364
50,340,2.573009018370758
50,341,2.5439906853138323
50,342,3.1184817598620014
50,343,2.715073698027236
50,344,3.0037122208051232
50,345,2.4112274203757385
50,346,2.9926518608919617
50,347,3.069988153641378
50,348,2.993849423516666
50,349,2.9999942571010902
50,350,3.320768676929976
50,351,2.7525354638839126
50,352,2.6194615160348484
50,353,2.5575780965333994
50,354,3.3242431410780746
50,355,2.6542559168646673
50,356,2.8674238666363254
50,357,2.9765134050859086
50,358,2.6692351613751146
50,359,2.656715991555853
50,360,2.6106267077011336
50,361,2.5214459686215087
50,362,3.3319542703944403
50,363,2.7710554071832947
50,364,2.691308970618722
50,365,2.89192621336354
50,366,2.6234871639083246
50,367,3.1525412931163186
50,368,2.7142964835295715
50,369,2.4697149649458887
50,370,2.8330008594254403
50,371,2.6724338262820813
50,372,2.8353706953025095
50,373,2.9633853319307613
50,374,3.154513533651174
50,375,2.907616295849598
50,376,2.918487659924
50,377,2.5636343894166584
50,378,3.4574732775954193
50,379,2.6312165274679162
50,380,3.218162406631283
50,381,4.9738028703514
50,382,3.0785955896247943
50,383,2.8045970331472407
50,384,2.719517651320458
50,385,2.6038792799030905
50,386,2.724497630778748
50,387,2.6244783479301423
50,388,2.905925255742163
50,389,2.721442016246463
50,390,2.7170372121405326
50,391,3.0003209288332027
50,392,2.6272870003822315
50,393,3.1614668506950148
50,394,2.983170477047509
50,395,2.831484500310409
50,396,2.6898248222146575
50,397,2.7504276192777963
50,398,2.6872440325221727
50,399,2.676473625595143
50,400,2.835029125401646
50,401,2.7394357633552517
50,402,2.7677832670845257
50,403,3.1633039032900303
50,404,2.8950633279940146
50,405,2.8417724784476737
50,406,2.8704939476438542
50,407,2.6562555362465092
50,408,2.596793553126303
50,409,2.5637605662061356
50,410,2.6491834601573117
50,411,3.0526970318108453
50,412,2.725205693614505
50,413,2.756034449176469
50,414,2.923013370098397
50,415,2.572367962948988
50,416,2.49904254093025
50,417,2.729642512182548
50,418,2.6544476742766565
50,419,2.629477209145312
50,420,2.6802299672275094
50,421,2.772052939488302
50,422,2.597451260000482
50,423,2.7607214021506707
50,424,3.2343540411458567
50,425,2.918516668924417
50,426,2.7199720720727516
50,427,2.7171761345663046
50,428,3.222306440466707
50,429,2.7018519066164464
50,430,2.8848724143189055
50,431,3.633760762316495
50,432,2.7619024410136537
50,433,2.5681858012761083
50,434,2.7707234076696743
50,435,3.534087994380855
50,436,2.865585120798187
50,437,2.7336012950520314
50,438,2.644037427604789
50,439,2.7423984235923475
50,440,3.3481609191383996
50,441,2.520188411362235
50,442,2.859780025472875
50,443,2.615428977372437
50,444,2.9536224515483025
50,445,2.93300913975098
50,446,2.653420175056613
50,447,2.615029614354214
50,448,2.7021446438222783
50,449,2.8560227572576906
50,450,2.72673628416104
50,451,3.734617749954117
50,452,2.787909860107791
50,453,2.5222176727149765
50,454,2.6447810600863564
50,455,2.5505513751869304
50,456,2.765623471129763
50,457,2.83107382810257
50,458,2.5825927510066915
50,459,3.1726019308022306
50,460,3.0028932432592033
50,461,2.429086226017112
50,462,2.5452526530574473
50,463,2.917318156831924
50,464,2.673424335592922
50,465,2.7079917551262396
50,466,2.8544728745301065
50,467,2.671483011456551
50,468,2.583479752379179
50,469,2.9336724387964184
50,470,2.6737318658102858
50,471,2.6560593854297307
50,472,2.593406673333081
50,473,3.3351886410217113
50,474,2.9811708455054178
50,475,2.743139418208813
50,476,2.8486367999695896
50,477,2.8220278019628626
50,478,2.902582244578074
50,479,2.695980706121292
50,480,2.949873278566621
50,481,2.6231110665495105
50,482,2.5575821746757166
50,483,3.772622769001665
50,484,3.0314178598881325
50,485,2.6528870664132174
50,486,3.2047271555100707
50,487,4.56012378234003
50,488,2.543882550221965
50,489,2.6188926204938703
50,490,2.6970252466613327
50,491,2.575791559771999
50,492,2.6713128037459866
50,493,2.8451112187819803
50,494,2.607552811597668
50,495,2.611090635412749
50,496,2.620463627959321
50,497,2.7527608187409784
50,498,2.6140519192505662
50,499,2.7727131133722187
60,0,3.213775591196947
60,1,2.788751869918039
60,2,3.1219689094984204
60,3,3.8620720114965104
60,4,3.204893580948084
60,5,4.755690026419004
60,6,2.6332519108078127
60,7,2.7757218775044774
60,8,3.0139018413029253
60,9,2.8499063825301185
60,10,3.634388922036626
60,11,2.7170998418033636
60,12,2.614723314245724
60,13,2.7735240790394418
60,14,3.7190809915405363
60,15,2.740027786400162
60,16,2.8431374906166367
60,17,3.7308454336270547
60,18,3.699452464540611
60,19,2.811020859735125
60,20,4.027936936356907
60,21,2.6908487815648794
60,22,3.350733482371121
60,23,2.551558385515408
60,24,2.9242039338325148
60,25,3.4640320050628497
60,26,3.1544152833970096
60,27,3.122099861195419
60,28,3.6974575571651096
60,29,2.681975127298808
60,30,3.2697184351472646
60,31,4.5296079347042095
60,32,2.428529178597543
60,33,2.699991280359859
60,34,2.817818563457819
60,35,2.722704450748605
60,36,2.859390253512216
60,37,2.6518311386267075
60,38,4.579191172401653
60,39,2.7835397036996077
60,40,2.631639834239335
60,41,2.8852734118477046
60,42,2.7074943462491374
60,43,2.886518979297475
60,44,2.6826289535546954
60,45,2.609707975162739
60,46,2.7314024626976092
60,47,2.737017924981417
60,48,2.979469382065525
60,49,2.449854051767376
60,50,2.6562976089856907
60,51,3.0200282478884004
60,52,3.039997461773549
60,53,2.5535841326290405
60,54,2.7414434111360046
60,55,3.157430513504745
60,56,2.7040534350462075
60,57,2.801218725270903
60,58,2.7627026059384794
60,59,2.8584708403312984
60,60,2.9827870902870126
60,61,2.606358344633916
60,62,2.920800549158435
60,63,3.0119750115215944
60,64,3.462190333481867
60,65,2.5428680955895735
60,66,2.693387082567115
60,67,2.4028608119076544
60,68,2.884164819010142
60,69,2.8155629500414374
60,70,3.19036414255286
60,71,3.044127005883274
60,72,2.7425645942051826
60,73,2.7471113241523035
60,74,2.671835418388325
60,75,3.118586056778917
60,76,3.2396165057293773
60,77,2.917058191849197
60,78,3.013643604134499
60,79,2.496426770173223
60,80,2.6428300347559484
60,81,2.5295358550476443
60,82,3.3561588877657753
60,83,2.721631199403046
60,84,2.546132773138085
60,85,2.728659447217479
60,86,2.4982695572731273
60,87,2.587972725061863
60,88,2.685380764450445
60,89,2.964541676350243
60,90,2.645623289264861
60,91,2.9217539951966467
60,92,3.4593076749913427
60,93,2.6289769020531404
60,94,3.4621436519644595
60,95,2.943843450360394
60,96,2.6896984152429333
60,97,3.441594934872078
60,98,2.981730424368883
60,99,2.595306050522024
60,100,3.3910824446037253
60,101,3.341670603247999
60,102,2.7131941395801333
60,103,2.9206870291178975
60,104,2.960718665252003
60,105,3.212516327687869
60,106,2.5128509690542304
60,107,2.807764933564795
60,108,2.661531483120761
60,109,3.6202372208109392
60,110,3.460420359206886
60,111,3.3050235912691286
60,112,2.678071492635977
60,113,4.205197403009695
60,114,2.730551949477252
60,115,3.2167844146879117
60,116,2.6911142334945746
60,117,3.028613346010879
60,118,3.1000273997415952
60,119,2.6642121266694025
60,120,3.9110714302347684
60,121,3.0892273048753096
60,122,3.077736338630357
60,123,2.8101147215995694
60,124,2.825071687370272
60,125,2.7481511381840136
60,126,2.557911874969938
60,127,3.1102126394060123
60,128,2.8128207824821168
60,129,2.855478936488983
60,130,2.8370502510959232
60,131,2.6115282066821797
60,132,3.3958789845237947
60,133,2.7120251995037905
60,134,3.0238310116122964
60,135,3.1161037610308946
60,136,2.708657192008636
60,137,4.006622596441438
60,138,3.0510290409655716
60,139,2.736698775905394
60,140,2.691178739305754
60,141,2.728727255284353
60,142,2.644688843319148
60,143,3.2404161633164192
60,144,2.6581988239864165
60,145,3.098086833160936
60,146,3.1608348311846277
60,147,3.032284922683782
60,148,2.9289405351223667
60,149,2.5326184851863114
60,150,3.0279386739114402
60,151,2.619012930227454
60,152,3.2040816503264855
60,153,4.271477060849297
60,154,2.640936359996575
60,155,4.188538508482512
60,156,4.2113019959349955
60,157,3.3060209466752912
60,158,2.6214371907465135
60,159,3.346136459969939
60,160,3.578898336735308
60,161,3.248142211625857
60,162,2.5463690259035086
60,163,2.733525729678027
60,164,2.702567792755862
60,165,2.8259054465988607
60,166,3.0951077318638798
60,167,2.8280477971876636
60,168,5.002386730317534
60,169,2.5881886211527982
60,170,2.9995618546969633
60,171,2.5623572999492863
60,172,2.561335834207305
60,173,2.710159502033481
60,174,5.636549613679368
60,175,2.7312024230342202
60,176,3.0035657692365407
60,177,2.867495272747922
60,178,2.5947092580183835
60,179,2.574085046931725
60,180,2.6426233282303597
60,181,3.132923838323466
60,182,2.89827338409458
60,183,2.9762926420406766
60,184,2.664722923981253
60,185,3.0026691355604216
60,186,2.8111402566830166
60,187,2.760094141210439
60,188,2.5380366128730674
60,189,3.982072999557305
60,190,2.96738252765785
60,191,2.6401402644607526
60,192,2.6974084013150477
60,193,3.531825152312453
60,194,2.842314976262842
60,195,3.009115429072053
60,196,4.461782962911768
60,197,3.410037291427203
60,198,3.3074008013872476
60,199,3.11897340242883
60,200,2.5415462185801725
60,201,3.1363954202670166
60,202,2.9192541173513247
60,203,2.753259372302172
60,204,2.7532420490261353
60,205,2.6455422411404816
60,206,2.5553094892749098
60,207,2.9409712873081744
60,208,2.666207456251371
60,209,2.9346033226831616
60,210,2.7033365702771417
60,211,2.7513452916012526
60,212,2.6690638543404113
60,213,2.9619520120953946
60,214,2.8541215112617238
60,215,3.7985155183971235
60,216,2.9491606791874605
60,217,2.9374857959399168
60,218,2.6410387424755277
60,219,2.6887837987760888
60,220,4.130734943077498
60,221,3.035183763620255
60,222,3.1378046499887255
60,223,2.960658882355772
60,224,2.648312642837622
60,225,2.9163272226195582
60,226,2.651613550815733
60,227,3.324951869783039
60,228,2.6482103208829093
60,229,3.0414423471976777
60,230,3.0699458057025897
60,231,2.7038909102482513
60,232,2.5898011681261055
60,233,3.445830250476679
60,234,2.712357149667758
60,235,3.3065702054238697
60,236,2.6299216356059003
60,237,2.96784395464115
60,238,2.4575324912371275
60,239,2.6508189767472916
60,240,2.9519083932989956
60,241,2.7481516110309085
60,242,3.1903480301966014
60,243,3.8306611560133943
60,244,4.288510076033142
60,245,3.0266391723448662
60,246,3.1555485656816114
60,247,2.7399964102141228
60,248,3.299454723154225
60,249,3.1483420384614424
60,250,3.165092302997759
60,251,3.277683680237809
60,252,3.7683527347580923
60,253,3.8338626730004073
60,254,2.720674194477459
60,255,2.9144547106505683
60,256,2.876285029482765
60,257,2.7952221023450865
60,258,2.622826551305782
60,259,2.535448353260946
60,260,4.471653025992186
60,261,2.97935709468219
60,262,2.6674751404120434
60,263,2.991479227357456
60,264,2.746549392765488
60,265,3.2206302819055215
60,266,2.8177433499775133
60,267,2.5525179391444035
60,268,2.8231866580546843
60,269,2.61660881499862
60,270,2.6812151868813388
60,271,2.692895228283874
60,272,2.6548026976237695
60,273,3.38665716872736
60,274,2.5010592819516733
60,275,2.7862312971490177
60,276,2.6969954313679962
60,277,2.7185897257378677
60,278,2.588044000334704
60,279,2.7978881289466497
60,280,2.561181700811227
60,281,2.6727641036399588
60,282,2.954193412823884
60,283,3.9919600038843113
60,284,3.1578532983546532
60,285,2.6529901558159237
60,286,2.8329489149563334
60,287,3.6629709101353045
60,288,3.0859901124017735
60,289,2.7445219471711417
60,290,3.107547073839307
60,291,2.7432719025051715
60,292,3.890882352925269
60,293,2.8135323312627194
60,294,2.68151913232872
60,295,2.764584488983436
60,296,2.763770206381727
60,297,2.7532247289330964
60,298,3.084283946715454
60,299,2.7816852949727493
60,300,4.543437678520885
60,301,2.3696345440593722
60,302,2.973273381357699
60,303,3.231579422385959
60,304,3.2349059201672667
60,305,2.8044843498339613
60,306,3.0343545546393
60,307,2.8446237557454603
60,308,2.925503687322633
60,309,2.667140241479173
60,310,2.6344050172403666
60,311,2.6493746965335943
60,312,2.8234507678295127
60,313,2.694775587746274
60,314,2.6197861635244553
60,315,2.696838901342494
60,316,3.352163314269829
60,317,2.730487495152805
60,318,3.0646605058394254
60,319,3.297683236919532
60,320,2.709827729435334
60,321,2.678677881701387
60,322,2.8177781268641295
60,323,2.861816246931642
60,324,3.705194765278368
60,325,2.509611605345311
60,326,3.1046402576719663
60,327,2.925245683665331
60,328,2.522727790107088
60,329,3.232454597396928
60,330,3.02214761451606
60,331,3.1416394140428583
60,332,2.450085182961864
60,333,2.542346874110626
60,334,3.4460507658624597
60,335,2.7014660837324342
60,336,2.8010607422784997
60,337,2.8691067442825995
60,338,2.6196567070552654
60,339,2.6740100535318887
60,340,4.592210638969243
60,341,3.404144733272181
60,342,2.8175421371207188
60,343,2.972400052377943
60,344,3.919114484160477
60,345,2.5279500487757858
60,346,2.876222956863894
60,347,3.4511500385688314
60,348,2.900718090384588
60,349,2.9430083710917074
60,350,2.4841899825803875
60,351,2.781502732750275
60,352,2.596003592379646
60,353,2.9435627559049777
60,354,3.4321356621716927
60,355,3.3232453656905903
60,356,2.6430588609783845
60,357,3.9489353028855585
60,358,2.8337452987560003
60,359,2.581198718403693
60,360,2.846089092074819
60,361,3.194364766850933
60,362,3.2250794097156708
60,363,2.804901879919009
60,364,2.521079893383372
60,365,2.7422854821087816
60,366,3.8433665542379005
60,367,2.7794145167823108
60,368,3.2004213947553257
60,369,3.272625290196324
60,370,3.0231056821034565
60,371,2.794206687423876
60,372,3.1543320567622195
60,373,2.4833642518339194
60,374,2.514597470621622
60,375,2.506824366539641
60,376,2.943314934501836
60,377,3.852563804641071
60,378,3.2585121626909808
60,379,2.72897686695439
60,380,2.967151039223272
60,381,2.5538800963474135
60,382,2.7447665484054626
60,383,3.112881929468311
60,384,2.857017544083453
60,385,3.6921403553026186
60,386,4.085910177192135
60,387,2.5384966827766346
60,388,2.780394434942002
60,389,2.8408872732283688
60,390,2.649690120448375
60,391,2.631870499622394
60,392,3.4080550323543104
60,393,2.788431433770066
60,394,3.535267885047203
60,395,2.50162677999023
60,396,2.8706331895775454
60,397,2.959293557515783
60,398,3.1730732441161598
60,399,2.6370595982670744
60,400,2.6909529707672206
60,401,3.2860604584406423
60,402,2.6088775364672427
60,403,3.1150640776038414
60,404,2.780682213461118
60,405,2.766779293941852
60,406,2.6710195771565335
60,407,2.484813528326311
60,408,2.5852278292184185
60,409,2.684666442327164
60,410,3.302852547214743
60,411,2.747770230940865
60,412,2.87814643206774
60,413,2.876789005293143
60,414,2.8958459274703543
60,415,3.818991990991099
60,416,3.1841126225604732
60,417,3.441870539571729
60,418,2.8627877625699254
60,419,3.000330166697023
60,420,2.6124673801205502
60,421,3.0318048322975253
60,422,3.2145147891059422
60,423,2.632804106289534
60,424,3.0708925498056883
60,425,2.5693893467883036
60,426,2.9008541011057023
60,427,3.3372713037429547
60,428,3.0796830551653565
60,429,2.547047343205583
60,430,3.6462680735570507
60,431,3.598341213808808
60,432,2.6877108830324143
60,433,2.4992397873061702
60,434,3.9725519875229716
60,435,4.653548261613169
60,436,2.9227916707136563
60,437,2.868067561065176
60,438,3.4778024091855397
60,439,3.88880313835612
60,440,3.2827640819375428
60,441,2.6768619515616985
60,442,3.2396223749374515
60,443,2.785066681072665
60,444,3.0049582606416885
60,445,2.7786425146920375
60,446,3.0008430315019554
60,447,2.9246313987497774
60,448,2.5758710301869345
60,449,2.6296846578293227
60,450,2.8412492494724115
60,451,3.4232715181227995
60,452,3.040639645112031
60,453,4.228089161472993
60,454,3.261139096301251
60,455,2.5301690356577495
60,456,2.932675110153731
60,457,2.782385004122968
60,458,2.4747067989041844
60,459,2.595714912957933
60,460,3.8812774757945245
60,461,2.4728504332907946
60,462,2.6653726762134524
60,463,2.6372547509598485
60,464,3.4891746790165397
60,465,2.7019474764258553
60,466,2.5288830841397303
60,467,2.998456635570048
60,468,3.177459547513463
60,469,2.608360845273579
60,470,2.7981591687447116
60,471,3.690218115851626
60,472,3.0419560491670135
60,473,2.6601825564221366
60,474,2.6359621509472912
60,475,2.6663024914396245
60,476,2.7582889785122373
60,477,2.5797008762330997
60,478,2.6718201563432364
60,479,2.617713369888697
60,480,2.7161013851110956
60,481,3.082175017698067
60,482,2.6664990590690065
60,483,2.675880086592585
60,484,2.6139991834232763
60,485,3.0294552555933487
60,486,3.5380215743480163
60,487,2.8472515191121355
60,488,2.6642662439367943
60,489,2.9670242883108213
60,490,2.682803382786672
60,491,2.8363425616304774
60,492,2.9282963619770728
60,493,2.5449896821977935
60,494,3.2211314636340753
60,495,2.689741301053465
60,496,3.01739704890657
60,497,2.610453681184266
60,498,2.4562592149657037
60,499,2.7072256546428837
70,0,3.375150229903152
70,1,3.4051727972214563
70,2,2.6592096772793172
70,3,3.333260795098687
70,4,4.003108513041459
70,5,2.8697297204224532
70,6,3.039980051974327
70,7,3.7148813511978855
70,8,2.662661008705963
70,9,2.97203465892886
70,10,2.514349919939669
70,11,4.130863562722658
70,12,2.7917571175917244
70,13,2.644368396837493
70,14,3.1229690768087353
70,15,2.9103750900967316
70,16,3.9360966997924933
70,17,2.7174927752246223
70,18,2.9981477305595594
70,19,2.989416481985381
70,20,4.125546030867005
70,21,2.618960115972421
70,22,2.6421409591608453
70,23,3.5397440066802055
70,24,3.151068090133035
70,25,2.730444034021443
70,26,2.7568318368664295
70,27,3.462016104712364
70,28,2.69083108711734
70,29,3.4317307923464027
70,30,2.552290929801796
70,31,4.60943597378211
70,32,2.7759309700725137
70,33,2.6177144360813407
70,34,3.78602012335263
70,35,4.605883579230809
70,36,3.1406647229732463
70,37,3.256276014998534
70,38,3.743376528693928
70,39,2.89768529840918
70,40,3.7327970178835486
70,41,4.092720942794495
70,42,3.707590438201695
70,43,5.1834793187783585
70,44,2.781773566571795
70,45,3.8642501189791614
70,46,2.818089552849551
70,47,2.9213836850801314
70,48,2.722613633101689
70,49,2.837502705711721
70,50,3.3289552519154766
70,51,2.8319786326149994
70,52,2.7971583295554074
70,53,2.7820877680154537
70,54,3.3014564054052022
70,55,2.633250502672649
70,56,3.558329181917504
70,57,2.8796214532003357
70,58,2.9467427789761027
70,59,3.086313289034311
70,60,2.744464348907558
70,61,2.9010655924818125
70,62,3.0510646290780667
70,63,2.640003262450673
70,64,4.025643596905332
70,65,2.6017622451340907
70,66,3.1449979020186083
70,67,3.029341499155958
70,68,4.1851459901580075
70,69,3.02679724621179
70,70,3.527962706534786
70,71,2.7849516915338586
70,72,3.0122777730797217
70,73,2.5831667009115655
70,74,3.156714142866785
70,75,3.9629841954432883
70,76,4.2315486913877685
70,77,2.568660013983888
70,78,2.564203920182511
70,79,2.916333772610173
70,80,3.034111777135944
70,81,3.324239893357993
70,82,2.5510693824243784
70,83,5.403497547547238
70,84,2.8976090332364137
70,85,2.6753790712815033
70,86,2.8304509595209817
70,87,2.805047917888945
70,88,2.6071673898398298
70,89,2.91698973204897
70,90,2.5880740544970715
70,91,2.552855342070759
70,92,2.9577302699351375
70,93,2.9363841362343606
70,94,3.039666648180871
70,95,2.783279022119867
70,96,2.450563912734967
70,97,3.4335092238937173
70,98,2.590870229170513
70,99,2.690523063769832
70,100,4.119506305409012
70,101,3.3197379640027855
70,102,3.547772130894663
70,103,2.5959087397330776
70,104,2.7606209364862733
70,105,2.999205214944837
70,106,3.084325964783423
70,107,3.1177322407957204
70,108,2.9815938416299446
70,109,3.8245220507363493
70,110,3.325835079770662
70,111,3.5539912156476974
70,112,2.763189810238378
70,113,2.667204602352303
70,114,2.651653899718561
70,115,2.5808040201264735
70,116,2.8812478664330716
70,117,3.128992750027394
70,118,3.048081711518005
70,119,2.6801433644924955
70,120,3.2814185567042347
70,121,3.5005029996679036
70,122,2.572580050381007
70,123,3.4848556713674137
70,124,2.6322628549403344
70,125,3.016448926016601
70,126,2.534203803137245
70,127,2.5696227179629103
70,128,2.7008533887435577
70,129,4.013641591358651
70,130,2.776075400461411
70,131,3.0053533164526427
70,132,2.9104827489515315
70,133,3.061164813687823
70,134,2.7363868909513944
70,135,2.959719160508557
70,136,2.8934073847518063
70,137,3.1884375367205093
70,138,2.5886237699380352
70,139,3.8657666228835716
70,140,3.8283850534560444
70,141,2.6254005005746825
70,142,5.408704132217092
70,143,2.5407281841263747
70,144,3.2440868915655034
70,145,2.897728252188253
70,146,2.662804065450412
70,147,2.8830412076419853
70,148,2.6640376719972294
70,149,2.9105142251026748
70,150,2.6577347639283175
70,151,3.2313320128220866
70,152,2.7463657051066357
70,153,3.2278318113784397
70,154,3.223625151075179
70,155,4.174421635249497
70,156,4.8027870384185904
70,157,3.268129233974105
70,158,2.7222753882844053
70,159,4.055315690979421
70,160,4.9860744487807
70,161,3.739201839615207
70,162,2.644862378213944
70,163,5.170031781139971
70,164,3.0713878341031826
70,165,3.2953211917359257
70,166,2.5257434452160266
70,167,2.494144920018184
70,168,3.133933038594571
70,169,2.9186125168819887
70,170,2.5183191862808783
70,171,3.2034167404909177
70,172,2.7481197980639416
70,173,2.7111958190329988
70,174,4.2308667228767725
70,175,3.8165133813083045
70,176,3.5139321876901746
70,177,2.5551483934097288
70,178,4.044053561872919
70,179,2.6448347521741553
70,180,3.4293967851130858
70,181,3.268330385331243
70,182,3.0527111649271492
70,183,2.980000239671737
70,184,3.0464665072774086
70,185,2.9013239275154716
70,186,4.117064865352242
70,187,2.7437633387745546
70,188,4.08012717957259
70,189,2.9084581935738707
70,190,2.6489501377957563
70,191,2.796518114704923
70,192,3.427452685355517
70,193,3.584527736861729
70,194,2.7365466369720357
70,195,2.7871977519109694
70,196,2.605238126323827
70,197,3.32600385559533
70,198,3.5460107286050797
70,199,2.514015969767225
70,200,2.870792425067457
70,201,2.9654495347711713
70,202,4.204161734049051
70,203,2.7949317001222593
70,204,3.1021491899880247
70,205,2.8804176037356113
70,206,3.024361366041699
70,207,2.53968057111493
70,208,2.6820770807772183
70,209,3.5196497054022062
70,210,3.153472555758294
70,211,2.852544917828306
70,212,2.8886947921618162
70,213,2.9893244008436586
70,214,3.2035936703123165
70,215,3.537266970976125
70,216,3.341074738830418
70,217,4.001933140202479
70,218,2.8539157725108213
70,219,2.647530828168599
70,220,3.7113033842769707
70,221,2.8283384534802685
70,222,2.684893679973276
70,223,5.113158636604645
70,224,2.6631964139935684
70,225,3.1469786446951025
70,226,3.466856830778459
70,227,5.7220392974182435
70,228,2.72399091604808
70,229,3.8995570330246188
70,230,2.59910270481143
70,231,2.512629404602308
70,232,2.6488578312581796
70,233,3.8646716220817354
70,234,2.812758149523511
70,235,3.369896145776909
70,236,2.7782302638336414
70,237,4.128884243710582
70,238,2.450213703206716
70,239,2.84160472188465
70,240,4.408711475082793
70,241,2.657952378890361
70,242,2.9997947419919875
70,243,2.991698721407644
70,244,2.519792728060649
70,245,2.9217848538624804
70,246,3.228203555218956
70,247,3.5474248653998828
70,248,2.5757948856294632
70,249,2.7391182861945493
70,250,2.9965529050978694
70,251,2.5946581488114826
70,252,3.2861340429323076
70,253,3.595063306214103
70,254,2.579833068565923
70,255,3.596637586911439
70,256,2.7853829938316936
70,257,2.57123719718309
70,258,2.898215552581022
70,259,2.5377532736192854
70,260,3.36972450758665
70,261,2.829091505806449
70,262,2.628415677604611
70,263,3.294525623939611
70,264,3.1762857890668643
70,265,3.143372642981773
70,266,4.159557264029019
70,267,3.461781960486281
70,268,2.59830867445946
70,269,4.928111931166225
70,270,3.378179417712312
70,271,3.051520319981355
70,272,4.136560038795346
70,273,2.9532457072037004
70,274,2.509066383132961
70,275,2.6803406446254265
70,276,3.632461761296225
70,277,2.707412835644592
70,278,3.2123271529464987
70,279,3.2236794340099286
70,280,2.6255493508713563
70,281,3.2484132712689155
70,282,3.342198304239977
70,283,2.7681306365887575
70,284,3.4221807200739165
70,285,3.2601738334484254
70,286,3.866103579109247
70,287,2.738733767038257
70,288,3.08209118449607
70,289,2.766989811086413
70,290,2.942699011305457
70,291,4.411515701548146
70,292,2.516890145879017
70,293,3.681390115601041
70,294,3.2061897008836096
70,295,3.543122310996399
70,296,3.3435856664833836
70,297,3.0061649239150854
70,298,3.0159251389110793
70,299,2.944703908452054
70,300,4.162718191768553
70,301,2.7454331547825523
70,302,2.8568877377013986
70,303,2.924790653394652
70,304,5.070472350192062
70,305,2.8296232787855624
70,306,3.017996423155576
70,307,4.387718830939625
70,308,2.842675528611942
70,309,3.5839426629818583
70,310,3.5211470717373756
70,311,3.770835032142185
70,312,3.1525386441252627
70,313,2.665614466579506
70,314,3.1338750316631714
70,315,3.09641610711966
70,316,4.519391516998212
70,317,5.178050491183329
70,318,2.767327118667745
70,319,3.1271200218698567
70,320,4.408011877860242
70,321,2.7105975194516505
70,322,2.753540542381349
70,323,2.9856050962461667
70,324,4.15943423428497
70,325,3.4610263126437313
70,326,3.137149137713689
70,327,2.7281548754617915
70,328,2.8725759384366807
70,329,2.5389636061513654
70,330,2.9035019392201282
70,331,4.0804429131780005
70,332,2.9557395402664004
70,333,2.5925464411705392
70,334,3.1119380614426686
70,335,3.640281596119171
70,336,3.1429287135631627
70,337,3.1012696749365
70,338,3.961643519001189
70,339,2.6630491813047588
70,340,3.0318063362057375
70,341,2.9194662892254533
70,342,2.459728953035683
70,343,3.036063317751657
70,344,3.2789672120181117
70,345,4.156828589686114
70,346,3.1293038899751933
70,347,3.320549668247741
70,348,3.456078525320504
70,349,3.6682271127600976
70,350,2.6486090707636722
70,351,2.729838791342717
70,352,3.5028899984831314
70,353,2.482073204824484
70,354,2.5788598827776874
70,355,3.017368862790227
70,356,2.7311817739444164
70,357,4.173875314921121
70,358,2.793709432378668
70,359,2.9503816023023828
70,360,4.180058394037519
70,361,2.7728042103239545
70,362,4.131357931172109
70,363,2.875828875959403
70,364,3.453179037379654
70,365,2.7656017650056173
70,366,2.97442083201515
70,367,2.7673359442461214
70,368,3.251830852048558
70,369,2.7428210669230264
70,370,5.226195728796208
70,371,3.317548450840821
70,372,3.6581347930306216
70,373,3.1511609143025665
70,374,3.4128110444465474
70,375,5.250660091018298
70,376,2.8175851683007345
70,377,2.544241780726392
70,378,2.868211752577913
70,379,3.0587419812079943
70,380,3.68295459344467
70,381,2.7361237733021206
70,382,2.7388907645958063
70,383,2.8243600974647807
70,384,3.3983895126728876
70,385,2.7323330720633234
70,386,5.868809617603167
70,387,3.0541910053684074
70,388,4.116648633294139
70,389,2.8138027952928515
70,390,3.541315045931098
70,391,3.057508253069248
70,392,3.372492678343222
70,393,2.784540877705263
70,394,2.5112946417805753
70,395,2.656603997052155
70,396,3.4752744949730774
70,397,5.189297577246286
70,398,2.8877637443455497
70,399,5.463559356660851
70,400,2.704336913631553
70,401,3.2086436759979686
70,402,2.8420308201880187
70,403,2.491368891675772
70,404,3.099124027712509
70,405,2.929177270951763
70,406,2.8754082892516135
70,407,3.0635782861830707
70,408,4.255935964398124
70,409,3.76210435091258
70,410,4.990781399937714
70,411,3.6434175969350893
70,412,3.131524799183218
70,413,3.815584386911528
70,414,3.4255680340898977
70,415,3.293728737766985
70,416,3.605468726061015
70,417,3.695980655041372
70,418,2.578763155637299
70,419,4.209838174695444
70,420,2.8875583484524325
70,421,3.2189514669956347
70,422,2.5924731405399073
70,423,4.3019799323450565
70,424,2.8424358325169896
70,425,2.68236677360365
70,426,3.0552021178172546
70,427,2.7423532907694077
70,428,3.2108299075659192
70,429,3.6311657269131343
70,430,5.81745047782758
70,431,3.5914005295915543
70,432,2.6254840673360973
70,433,2.6473257152119505
70,434,2.7269186014463505
70,435,2.666069211448356
70,436,2.554754899443752
70,437,4.683173620751428
70,438,2.9395405775183905
70,439,3.0451994033456544
70,440,3.059220938052907
70,441,3.552987734015194
70,442,3.91320549790441
70,443,3.4671679961661495
70,444,3.3763960917556584
70,445,3.992803675202865
70,446,4.096152898959822
70,447,3.017184288045659
70,448,3.047578676323454
70,449,3.3210352836017463
70,450,2.8193879762248035
70,451,3.0237843187415887
70,452,2.633638472496372
70,453,3.4587146814246013
70,454,2.6478537156517996
70,455,3.0315885912597085
70,456,2.7577536389769053
70,457,2.692601850985629
70,458,2.7564132675824133
70,459,3.1318246976213326
70,460,3.511406620718792
70,461,2.962973896712905
70,462,4.017119531784174
70,463,2.630888346981536
70,464,4.607156206254201
70,465,3.1066043677506494
70,466,2.856594672132552
70,467,3.283829157871095
70,468,2.6165669218229426
70,469,7.816499945829118
70,470,2.8098778676242984
70,471,3.393594346919915
70,472,3.0174968314487516
70,473,3.310524649888853
70,474,4.191191100472349
70,475,3.676140051597792
70,476,2.7377008566249814
70,477,3.346561004648049
70,478,2.773958026355965
70,479,3.037860204113231
70,480,3.1656527250499265
70,481,6.015859451343783
70,482,3.636969053876873
70,483,3.182647903438486
70,484,6.353727659200661
70,485,2.4761752512534976
70,486,3.1662770405968557
70,487,2.5203199383899912
70,488,2.5368196868134523
70,489,2.5530104639937474
70,490,3.0934839012239985
70,491,4.280216181202065
70,492,3.560380097501507
70,493,3.0417383648828715
70,494,2.876374661424689
70,495,2.5459790114944316
70,496,3.698125382582736
70,497,3.0116581138619227
70,498,3.4286327029680512
70,499,2.862324111473695
80,0,5.589405994952442
80,1,7.078648832147031
80,2,7.678901236321485
80,3,2.8748818542262735
80,4,4.197802520359258
80,5,2.753334937678562
80,6,3.464799341295794
80,7,3.655814850992523
80,8,5.053661781251016
80,9,5.124432550685514
80,10,8.89537891356782
80,11,3.6076849124744754
80,12,3.847952690308854
80,13,2.9019208483492407
80,14,3.4245311867950714
80,15,4.946424885966821
80,16,6.903989000032045
80,17,2.8500782643842335
80,18,4.712987450445744
80,19,2.6364554298571767
80,20,2.5585147838659745
80,21,3.414207485352403
80,22,2.656541199922116
80,23,2.7079659034174837
80,24,3.455540811785066
80,25,7.515483540767874
80,26,2.4810685252771068
80,27,4.785298984868479
80,28,4.116986950547057
80,29,2.6913082449853802
80,30,2.934577490473784
80,31,5.289579811422207
80,32,6.63338615293643
80,33,2.755787298086936
80,34,3.3956558142037
80,35,2.83428461733147
80,36,3.1080947011078894
80,37,3.0896378443712655
80,38,2.888301975975908
80,39,3.0115898182290266
80,40,2.7616356552940875
80,41,4.711401288570159
80,42,5.064948230641161
80,43,2.9077605210859634
80,44,3.5799252625537124
80,45,2.64716529949596
80,46,2.958077388581087
80,47,2.859164845959258
80,48,4.756137357466558
80,49,6.032625050606106
80,50,4.0129928704327575
80,51,3.3888597431885783
80,52,4.074912431673222
80,53,2.632392939146561
80,54,4.374677886064416
80,55,2.678834820269065
80,56,5.647853566465363
80,57,4.160134042228931
80,58,3.3822864153876586
80,59,5.0273777816741285
80,60,2.7701015801404294
80,61,4.864878837607474
80,62,3.0817681881521923
80,63,3.2602221351707117
80,64,3.197363968924823
80,65,2.9590860052516463
80,66,3.4340421584131837
80,67,5.148448848430733
80,68,4.484665881099312
80,69,2.917106218350839
80,70,2.646214316978614
80,71,3.623838274814947
80,72,5.558460755045004
80,73,4.445511849139752
80,74,3.182908729122616
80,75,10.109939402296455
80,76,6.861756964688962
80,77,3.0827249487205197
80,78,3.597949519674771
80,79,3.0584249937960433
80,80,3.72874970810446
80,81,2.8129678149220396
80,82,6.4385623817587465
80,83,7.240239469071961
80,84,3.409635110305492
80,85,5.729954138069375
80,86,4.34957496493172
80,87,3.126335950842457
80,88,2.9434780497768376
80,89,5.947195520701152
80,90,5.532894922405531
80,91,3.5523362398210354
80,92,3.0743365174220925
80,93,2.8917409146503497
80,94,4.026808282211954
80,95,2.967000692301529
80,96,9.156509913291108
80,97,3.6594567723252274
80,98,3.0013897709625237
80,99,3.044659636976179
80,100,4.883149778518004
80,101,3.193324508033389
80,102,4.339189039892273
80,103,3.243848959201479
80,104,3.3442786036088283
80,105,6.529843526551762
80,106,2.6086841046302207
80,107,7.384030114074199
80,108,3.7898908488347285
80,109,3.9288940046068417
80,110,5.51136332729636
80,111,5.686287200185796
80,112,7.513652595887286
80,113,2.722386515156345
80,114,5.836824844080277
80,115,5.064566602379167
80,116,3.0308811393532875
80,117,7.714199898725187
80,118,4.4792163458291165
80,119,6.932296710911324
80,120,3.127188870187847
80,121,4.135053452640876
80,122,4.468508014583816
80,123,4.042949737178487
80,124,2.876179950092867
80,125,5.520109415017483
80,126,6.390902456991968
80,127,2.7529526665614323
80,128,2.941142833966345
80,129,4.677024271213049
80,130,3.918970702755545
80,131,2.9600156063855527
80,132,5.0540820335963215
80,133,3.7749586238832564
80,134,2.967991411406553
80,135,3.8078278466037125
80,136,3.7282836598127926
80,137,6.3093287198708765
80,138,4.4399459254077405
80,139,2.714388866275883
80,140,4.9796580165549145
80,141,3.616250559753927
80,142,3.4540081077147624
80,143,3.2153323596074186
80,144,6.098599454775964
80,145,5.32259532805123
80,146,3.451024103565394
80,147,2.4471978498048608
80,148,2.6922278708949436
80,149,3.2335951820615194
80,150,4.304454607012694
80,151,2.847809103050474
80,152,4.979268636464317
80,153,3.5797429492788324
80,154,3.545966826715607
80,155,4.491910074724174
80,156,3.824107551742989
80,157,3.711082182283424
80,158,3.5406069075964655
80,159,3.913408330180979
80,160,3.8686468204434306
80,161,5.659909542470413
80,162,3.5338199301278754
80,163,3.3462069675897426
80,164,2.758679436771135
80,165,2.882517865462277
80,166,4.326386715276119
80,167,8.819343948463011
80,168,3.3719813910764196
80,169,2.651235435999995
80,170,3.3212329789644177
80,171,2.8714869024771827
80,172,3.499928966383928
80,173,2.881465888440712
80,174,2.770761604893929
80,175,3.3318822341494303
80,176,3.782896696123415
80,177,2.7398931707116967
80,178,3.1600539565030523
80,179,2.8464414818132617
80,180,5.6901361052268395
80,181,2.620437774883787
80,182,2.8267451620782738
80,183,4.068772751818274
80,184,2.550499216915865
80,185,3.0200742434125916
80,186,2.987668760498171
80,187,2.6613172392882323
80,188,4.13724896776926
80,189,8.166467945340141
80,190,3.6008724396386214
80,191,3.292942848954434
80,192,3.0103012927046358
80,193,7.724256405101938
80,194,2.9979940530015865
80,195,5.469205197242055
80,196,2.9555640221811053
80,197,3.298139337105674
80,198,9.309105921938944
80,199,5.026449639118542
80,200,7.538727312566961
80,201,3.0823179987997023
80,202,4.359657244534394
80,203,3.790095369141781
80,204,2.8145296791882664
80,205,5.16827729868404
80,206,3.0759792283434875
80,207,2.5139989088935395
80,208,3.090416739414049
80,209,2.588727693135771
80,210,4.2979312387285695
80,211,2.6763157796925148
80,212,2.890101969278664
80,213,3.50483250036257
80,214,5.50376627212555
80,215,2.9614994530156626
80,216,3.1915295851860783
80,217,4.076419544958272
80,218,4.2328255554268015
80,219,2.5838367001794724
80,220,2.6679076609581225
80,221,2.865465692057567
80,222,2.7644370077731826
80,223,6.699561169899069
80,224,2.652951361196283
80,225,2.843960568374575
80,226,2.808263449994726
80,227,3.1771339250401827
80,228,4.110880680494889
80,229,3.383807845150246
80,230,2.9632718365224058
80,231,5.070966499669528
80,232,5.085038251965496
80,233,4.724765586031313
80,234,4.689904193583687
80,235,2.8794922085355066
80,236,3.32108309249095
80,237,2.6989325684278294
80,238,3.9950777876491257
80,239,2.529504613792092
80,240,3.9787428811106076
80,241,3.335251288962819
80,242,4.734456067895442
80,243,3.390877660118408
80,244,2.712763917840375
80,245,3.1222387183476745
80,246,2.7853016757770765
80,247,3.3121156989210734
80,248,2.9454719299869168
80,249,2.937578193592347
80,250,2.9017310370476954
80,251,2.819490956294316
80,252,3.772210291673279
80,253,2.76952168098742
80,254,3.0796652681284926
80,255,2.6819304223068423
80,256,3.3189404649652676
80,257,2.885322056456265
80,258,5.771506169706208
80,259,2.745136982085549
80,260,2.5463347980665505
80,261,3.5530662775350144
80,262,2.649203812231597
80,263,3.5196860153982796
80,264,3.543338387380871
80,265,7.382589570726863
80,266,5.245286613500686
80,267,2.889506017133003
80,268,3.3741786197549724
80,269,3.1133203522740516
80,270,2.9458382936701963
80,271,4.435938785958177
80,272,3.305194508215486
80,273,2.526241468874627
80,274,3.909056218684276
80,275,3.943105199395867
80,276,2.89921810114644
80,277,3.5264767907635726
80,278,5.25321697478902
80,279,4.836226541562026
80,280,5.016546578173458
80,281,4.023942053944794
80,282,4.547180542697713
80,283,2.629458186272504
80,284,2.8642824509301237
80,285,3.8290816666853984
80,286,3.2360450248837287
80,287,4.881611457050385
80,288,3.7466118063423193
80,289,5.103739130490927
80,290,5.084294102256489
80,291,7.838557509777917
80,292,3.434248847208118
80,293,2.700215154105858
80,294,3.4237162633059177
80,295,2.699438306115386
80,296,3.470442367678068
80,297,4.017293978032892
80,298,5.915423004240143
80,299,2.628920164237338
80,300,3.6158662852432393
80,301,5.951399602672837
80,302,5.057718323656121
80,303,3.3424898707466646
80,304,3.189565830892213
80,305,3.0872936233307793
80,306,6.513649845140166
80,307,4.977576413831235
80,308,5.850892509514438
80,309,3.8264409343785015
80,310,7.961598595646545
80,311,5.011368744150407
80,312,4.010641677632771
80,313,3.029395880667912
80,314,4.470358324412289
80,315,2.6241554795345956
80,316,2.754470835937084
80,317,5.005529567610344
80,318,9.604701423132834
80,319,5.864547934436172
80,320,4.035329124529565
80,321,2.9141397021681295
80,322,8.168957844509993
80,323,3.7021875957046206
80,324,2.7815994754005664
80,325,2.9934392804626087
80,326,3.560974968979601
80,327,4.096748126626972
80,328,3.214231546625468
80,329,7.015040868043115
80,330,3.8102788337639204
80,331,3.1668438077983976
80,332,5.84850856107529
80,333,2.900267243711998
80,334,2.8676984619637356
80,335,2.7311904393660242
80,336,2.6117216195796646
80,337,2.9997231768486654
80,338,3.8083964248882944
80,339,5.262947030141545
80,340,2.9569385255838907
80,341,2.625637251149407
80,342,3.246583171677432
80,343,2.755446586930835
80,344,3.977708316667275
80,345,4.035011919005828
80,346,3.218184193119115
80,347,5.557951304595012
80,348,3.1813096073244096
80,349,2.8558983276660683
80,350,2.845888643737841
80,351,2.732916697522886
80,352,4.752736923204932
80,353,3.9433730541446455
80,354,4.435941952388649
80,355,4.398388599344376
80,356,5.89112580020959
80,357,3.8587558538448583
80,358,4.0473650925342755
80,359,8.671729010577252
80,360,2.749113155789437
80,361,2.80545479875329
80,362,2.544688176182227
80,363,2.8949521505154183
80,364,5.519211777233563
80,365,2.767361480839027
80,366,5.024501585421441
80,367,4.649201654662678
80,368,7.041698076287092
80,369,2.8702620644329255
80,370,4.669228958231242
80,371,3.2212640440583056
80,372,5.610341231526374
80,373,6.723865207740705
80,374,2.4672907282787637
80,375,4.115317652304568
80,376,3.973762069791418
80,377,3.21418193208733
80,378,3.675303921071109
80,379,5.009244870118223
80,380,3.0937685185650126
80,381,3.824071505367037
80,382,6.4741394986816285
80,383,4.347686709239862
80,384,3.0561618377367092
80,385,3.0638614224470824
80,386,2.590932098926236
80,387,7.168044835647057
80,388,3.05357095305403
80,389,4.291163098234334
80,390,5.87030114354023
80,391,3.176182809960805
80,392,3.410383956242494
80,393,2.797486484471506
80,394,3.357682200826992
80,395,2.919291713452584
80,396,2.6525259019452143
80,397,3.050940173216178
80,398,2.5600963703210513
80,399,8.465955589718945
80,400,6.954700866339516
80,401,3.784680105547461
80,402,5.131567527020593
80,403,7.181642092308565
80,404,4.663443528627076
80,405,3.5967089506959655
80,406,4.487437042518081
80,407,4.101041296172535
80,408,2.9390697292881534
80,409,4.612866243212303
80,410,3.6262909608688467
80,411,4.899946132016691
80,412,3.4270772896544384
80,413,3.259583272773018
80,414,5.173132656616943
80,415,3.972227920656026
80,416,3.971813875236352
80,417,6.594835916487088
80,418,8.563043495657908
80,419,2.5681278493810145
80,420,4.488954512800395
80,421,3.328592794157618
80,422,2.74482480142909
80,423,3.217973757273639
80,424,3.207600802105935
80,425,4.691043658615661
80,426,6.792396919279293
80,427,3.0776296013420965
80,428,3.0823847551047794
80,429,8.045759547717932
80,430,2.7866635873280527
80,431,2.880036210312133
80,432,3.8914241175778606
80,433,2.667759926038418
80,434,2.6540302262906277
80,435,4.619867824706888
80,436,2.5749428594448505
80,437,3.066474524385466
80,438,4.632755273668261
80,439,2.6823266104879857
80,440,3.7243792253601242
80,441,2.9190272109274047
80,442,2.710376160219244
80,443,6.976711211637976
80,444,2.962180671998725
80,445,8.595511138518098
80,446,2.7788103931893837
80,447,5.815876434767759
80,448,4.314573519014436
80,449,2.979407974172164
80,450,2.6997636736845543
80,451,7.04051459421334
80,452,2.985192084682571
80,453,3.9955872156982495
80,454,8.025410876398976
80,455,2.754608235333332
80,456,3.3459860885539245
80,457,2.7478809429260798
80,458,5.096480183309387
80,459,2.7887480412790357
80,460,3.7715627245886396
80,461,5.373742112172724
80,462,2.5733207413086125
80,463,9.490239150929623
80,464,8.331222030187114
80,465,3.753773756025668
80,466,3.3032261897176762
80,467,2.6257052288032563
80,468,7.274995768774238
80,469,3.216685625346187
80,470,4.538132101947447
80,471,3.5226504335832023
80,472,4.067122123148397
80,473,3.6124173462980034
80,474,5.422276421633641
80,475,2.5662282217242294
80,476,3.46063804911336
80,477,4.929558975563318
80,478,4.551809892250571
80,479,7.207521641456016
80,480,9.634757076980476
80,481,3.9414774353504116
80,482,2.6967262626103556
80,483,3.6611612552199166
80,484,3.357276449944153
80,485,2.7802723850169686
80,486,3.5186208562278805
80,487,3.701864870905315
80,488,2.7446676254816706
80,489,3.226337259729923
80,490,3.066261012380282
80,491,5.178801442957001
80,492,2.558748640617647
80,493,3.691530331345188
80,494,4.479518174815665
80,495,5.575488224969196
80,496,4.723141633787116
80,497,2.9637878668758577
80,498,6.646787740407422
80,499,5.89121289918731
90,0,7.933923725845357
90,1,10.016930435672803
90,2,5.545996139003172
90,3,4.17202076701407
90,4,3.9956996431476135
90,5,12.384516777176389
90,6,3.2763477283984512
90,7,5.721869002734565
90,8,7.689850796275028
90,9,3.1000109236425555
90,10,4.305895469213585
90,11,10.46663576565957
90,12,4.902507760460404
90,13,7.58756629427595
90,14,6.104061725861247
90,15,10.006474200751965
90,16,10.49808475924744
90,17,4.668119828990147
90,18,3.243916197411822
90,19,3.411048403852467
90,20,3.0136127230369207
90,21,4.539001350888474
90,22,8.278181792455685
90,23,4.72700408527586
90,24,9.245112049476983
90,25,10.227829858317888
90,26,4.428917776821044
90,27,3.1716499470628072
90,28,13.02327941465193
90,29,2.7413314412283065
90,30,6.4319594773274655
90,31,6.696627326919385
90,32,17.432885809775815
90,33,5.844988411446199
90,34,8.688126608667519
90,35,4.382158117249947
90,36,7.106153602719113
90,37,9.710341853347304
90,38,2.6480057957686776
90,39,7.341033205028817
90,40,5.099710578196203
90,41,6.239681217081703
90,42,4.134154214723503
90,43,5.109883516402226
90,44,3.5905864849770928
90,45,7.828854672352461
90,46,5.233931122376474
90,47,12.71763209184441
90,48,5.580783873346096
90,49,5.715109812327782
90,50,3.738287377986543
90,51,3.3288426072256487
90,52,12.943600965795856
90,53,11.616908728183951
90,54,2.6240179492556206
90,55,3.003090451347005
90,56,5.941034828825431
90,57,2.7186698231152904
90,58,12.172301937811392
90,59,4.816193958536093
90,60,8.696486520400226
90,61,4.451433957434043
90,62,3.1695602088751422
90,63,10.295781038281124
90,64,5.044043213995361
90,65,7.299560436404694
90,66,5.162027821139827
90,67,20.205824944555903
90,68,3.4347361905020106
90,69,6.401997012087011
90,70,5.052587921694282
90,71,6.195986508333596
90,72,8.801385819676959
90,73,11.397301737436582
90,74,3.377812614675792
90,75,13.855576192120887
90,76,5.177923020266046
90,77,5.834370015639179
90,78,5.031570908764371
90,79,5.762678117783068
90,80,12.755985729971421
90,81,11.971791214130661
90,82,6.295155513604144
90,83,8.068847544296068
90,84,7.929158661633694
90,85,13.79907861820992
90,86,18.570626931241687
90,87,4.61942350729555
90,88,3.76091417859067
90,89,2.629732255139781
90,90,2.863327175934097
90,91,6.895688092912661
90,92,7.478496565205665
90,93,4.049576785238032
90,94,10.16454188314468
90,95,4.246822707675822
90,96,5.188315136962045
90,97,16.31647331491362
90,98,2.6983409812487267
90,99,11.037021540934521
90,100,10.30360983293514
90,101,10.5465829772802
90,102,5.406713423104868
90,103,3.0844929057291286
90,104,7.071260838674123
90,105,3.5009127323421287
90,106,5.9196048471710565
90,107,3.1597370785537033
90,108,4.6418380511994535
90,109,4.926891271803129
90,110,5.312510418058048
90,111,8.385353703435147
90,112,5.599203156315575
90,113,6.381834418532186
90,114,14.990180573364736
90,115,5.574803317883239
90,116,5.473743805031119
90,117,3.1337933063436476
90,118,12.6107758966408
90,119,2.9582848848596077
90,120,4.598203230491554
90,121,10.065380753895488
90,122,7.979169411212231
90,123,5.489630040299418
90,124,8.487194673057594
90,125,12.776000881684404
90,126,15.888347984574256
90,127,13.810101167126199
90,128,4.0111205234535365
90,129,3.526084853341958
90,130,7.056104863720242
90,131,3.031147126483405
90,132,2.994739719630933
90,133,5.404942906473471
90,134,9.408649908247728
90,135,4.309113978265905
90,136,7.005137013402532
90,137,4.171274548916835
90,138,2.745329324784748
90,139,3.4795679126293497
90,140,10.643069565530883
90,141,3.3269888080430863
90,142,6.769931013493299
90,143,4.734616918656462
90,144,3.7241261656315703
90,145,15.476982417651246
90,146,6.136205690376467
90,147,3.699651354911568
90,148,5.525994989229458
90,149,3.8691298204204934
90,150,7.615793089743349
90,151,4.676117195315009
90,152,5.170413960464622
90,153,14.677184802768956
90,154,4.962405568933047
90,155,4.466316630110637
90,156,22.536750757507065
90,157,5.371819811281479
90,158,10.909979274024623
90,159,3.2218016130045863
90,160,13.632350304621973
90,161,5.647475700517353
90,162,8.415471002103702
90,163,4.939535924435112
90,164,3.325463729100464
90,165,2.6409433934200988
90,166,3.4580448419777405
90,167,7.111467217899722
90,168,5.528176546295686
90,169,4.234158983631986
90,170,7.697499055026745
90,171,5.239514840916727
90,172,2.5656883476315113
90,173,11.18444617627729
90,174,8.150999297171564
90,175,14.017957880756894
90,176,6.680555525351461
90,177,5.975328014748575
90,178,7.55905830835171
90,179,3.4084811085622477
90,180,2.5816590772801473
90,181,4.211593433926918
90,182,3.9971548264857306
90,183,5.191502907534855
90,184,14.97854025482323
90,185,3.79594191122982
90,186,3.779217033482298
90,187,10.073750953536353
90,188,7.765817632322849
90,189,5.20542892223514
90,190,9.329384570266713
90,191,7.594459418727777
90,192,2.790770988046915
90,193,5.289590292238789
90,194,7.281999644942233
90,195,7.295584275344325
90,196,4.509931993280478
90,197,10.663632082252835
90,198,6.97392693351223
90,199,17.028878380140046
90,200,7.0957302655201255
90,201,12.040796213195392
90,202,5.994672670924129
90,203,3.735916617959132
90,204,7.580772084849355
90,205,11.440231210925695
90,206,18.416122923547338
90,207,5.54348737858507
90,208,3.4094455490797126
90,209,3.0132203639945643
90,210,8.06476280969159
90,211,9.708756015715739
90,212,4.249148165623897
90,213,8.139462827533226
90,214,3.527131485808905
90,215,3.2686341531261442
90,216,2.719905979558108
90,217,12.531038931261309
90,218,8.672901919129691
90,219,3.584742824347447
90,220,7.545580599625021
90,221,3.894399036487421
90,222,13.461833987790277
90,223,10.510042182752105
90,224,11.18161325357
90,225,7.578132995524677
90,226,5.867147148644944
90,227,3.881013082274337
90,228,6.832827917772369
90,229,5.424788677161117
90,230,3.2643734643040774
90,231,16.111052469560445
90,232,19.26639595414916
90,233,4.4971149266815384
90,234,15.455739900756646
90,235,2.880912749957608
90,236,14.862197515122972
90,237,16.532618914437467
90,238,5.157156922774142
90,239,3.6842615646428327
90,240,9.676286929698048
90,241,4.289826676728214
90,242,4.370027957699699
90,243,9.844375277934336
90,244,6.6468660869750416
90,245,10.745170846846436
90,246,11.674215506933553
90,247,4.578512913892323
90,248,4.336281825344246
90,249,4.451316589844224
90,250,11.791396951220342
90,251,2.8537900850224895
90,252,9.231185014180321
90,253,10.856930980253416
90,254,5.288666362812336
90,255,3.728153551083479
90,256,7.046127657167848
90,257,3.604873193586973
90,258,4.969329966643439
90,259,4.2870150453950915
90,260,3.4767789145114345
90,261,14.393273967044568
90,262,2.748385250510146
90,263,3.258914432154553
90,264,6.167615654000565
90,265,2.9853271376238015
90,266,5.922462816614664
90,267,16.952721683650708
90,268,17.906848848574707
90,269,6.953416714543062
90,270,4.463477590360717
90,271,12.20929069201927
90,272,4.444677900454242
90,273,15.878122334566823
90,274,15.737396475517464
90,275,16.594428838074908
90,276,4.141669088837062
90,277,8.928390814817336
90,278,11.331060314532289
90,279,3.4141163172204685
90,280,3.594973320837043
90,281,9.221478018656919
90,282,2.9984651060889185
90,283,5.9744950174059275
90,284,7.198121996542204
90,285,5.87813490482008
90,286,5.129569645447309
90,287,6.762469556087081
90,288,2.663026279397548
90,289,5.504242810857386
90,290,8.733128993687522
90,291,3.8170044506404874
90,292,2.7889360776954226
90,293,4.9654495750140155
90,294,11.03040499128698
90,295,23.982286991036645
90,296,6.784671578121589
90,297,9.23106899322648
90,298,3.1249754996587873
90,299,8.508245544004724
90,300,8.167057889948873
90,301,7.826081848304625
90,302,7.835922873092037
90,303,6.910615411078218
90,304,5.08755880295083
90,305,4.563338167229584
90,306,3.5441335495167934
90,307,6.0490435650591445
90,308,11.190551844197415
90,309,6.215487309760941
90,310,3.0405166806115194
90,311,6.6046226809736535
90,312,7.472637838498933
90,313,6.193751732147342
90,314,3.209377384133888
90,315,19.3883153622736
90,316,3.3219652880567385
90,317,3.391606300354405
90,318,8.053733692896873
90,319,8.55910058990089
90,320,5.8237466283070445
90,321,9.29951285469063
90,322,7.254168768159377
90,323,3.579019931923069
90,324,2.713193872780928
90,325,7.832142135180982
90,326,5.456997972550537
90,327,10.842396689709165
90,328,14.415578036373226
90,329,10.463287014061184
90,330,2.7551725075427713
90,331,3.8040010768638686
90,332,24.026368138687708
90,333,4.725230495663274
90,334,4.96871155804862
90,335,11.18892096101945
90,336,10.386211315411733
90,337,2.6452502923655055
90,338,19.190054116025244
90,339,3.5987034704243768
90,340,14.373160051123358
90,341,6.567313959473254
90,342,10.132537354720531
90,343,3.4060705373843962
90,344,4.613383214118335
90,345,2.5709729462817723
90,346,15.421634959810074
90,347,8.132272617005455
90,348,9.429849941163189
90,349,6.614474764843905
90,350,6.95354815931708
90,351,3.3677313912350795
90,352,4.209709296885015
90,353,4.975817327014284
90,354,19.708393193334505
90,355,3.2881714015288632
90,356,2.625967054006137
90,357,11.179656564434989
90,358,10.735497863303088
90,359,4.955057505391927
90,360,5.398279820028054
90,361,7.582762266492458
90,362,9.723085444982729
90,363,3.3948920868435817
90,364,17.175071450561415
90,365,4.006111768846766
90,366,8.871401428655595
90,367,4.0006059651783055
90,368,8.60059709333199
90,369,6.385855960916435
90,370,3.5918756537182794
90,371,10.155197450173695
90,372,4.969682353866658
90,373,2.829534051781405
90,374,3.7327886085746544
90,375,5.227684524694661
90,376,7.59549258665671
90,377,9.481310130847417
90,378,9.355090353654864
90,379,2.9259969317213774
90,380,8.758677844290949
90,381,5.0259939431377605
90,382,3.2901729718367125
90,383,6.057626079493228
90,384,6.427788207568971
90,385,11.217388917018093
90,386,12.155536409715747
90,387,10.59230933209559
90,388,4.134483094639615
90,389,7.295864903418359
90,390,5.512769887048363
90,391,9.907834843202096
90,392,21.730146454541387
90,393,2.7823690455867145
90,394,18.96249558077521
90,395,12.988246234676932
90,396,4.528899292392335
90,397,5.795027912994415
90,398,4.96106187557615
90,399,4.762344441083324
90,400,10.386294379322887
90,401,3.671294142072787
90,402,4.505090987063585
90,403,5.767626005235314
90,404,7.027346706270282
90,405,8.389011584297815
90,406,14.68801913460757
90,407,7.565677635043222
90,408,9.7602492006757
90,409,3.8467629344337553
90,410,14.647150967708745
90,411,20.263583603336816
90,412,2.952338243582392
90,413,4.069870355418019
90,414,6.322009690048385
90,415,9.520010493359585
90,416,6.298292195988081
90,417,3.0715236587369
90,418,3.359037935800856
90,419,6.090527932642186
90,420,26.325776415489255
90,421,7.911625041390566
90,422,2.5125010572957858
90,423,6.5707874484908295
90,424,12.657218459883689
90,425,2.6790538809283246
90,426,5.975409179507609
90,427,3.658923979377436
90,428,5.225775576106426
90,429,11.079456665047887
90,430,14.446069481443569
90,431,15.720050539971584
90,432,7.992637112298615
90,433,16.45995594515151
90,434,7.051645709263586
90,435,7.722455610293833
90,436,8.899207934440529
90,437,20.347908323478542
90,438,8.581065880075702
90,439,4.878723584097414
90,440,2.788492126844116
90,441,3.3353808035329786
90,442,8.191995399019012
90,443,9.921925090761272
90,444,6.559620533190263
90,445,2.9287892842181185
90,446,7.462349967177118
90,447,7.6165860945859665
90,448,2.692295409808179
90,449,8.798177818192096
90,450,6.620009660933836
90,451,9.83410322957343
90,452,5.495955985331702
90,453,6.339573596980481
90,454,5.072126599647027
90,455,15.520809622568809
90,456,4.131598346179561
90,457,7.97924725106203
90,458,13.321450736177814
90,459,6.345384061656363
90,460,6.9113604982484595
90,461,16.527386316610347
90,462,4.9157329072839016
90,463,6.221400264617085
90,464,3.840268938437361
90,465,7.065176829961105
90,466,4.438351211061625
90,467,13.768450053069737
90,468,3.6771089713689076
90,469,33.65892204498097
90,470,6.282306205850395
90,471,12.88347416724529
90,472,4.852230232414098
90,473,3.8714852097290775
90,474,5.174664530334593
90,475,6.4059953706051065
90,476,4.835743419082387
90,477,10.906486964475919
90,478,15.793203383267109
90,479,4.941600647981641
90,480,2.8352948344106768
90,481,4.993665395146592
90,482,7.211629891996159
90,483,9.737371690557573
90,484,14.482053220371608
90,485,3.902725186036256
90,486,10.67245802697528
90,487,9.67295207491974
90,488,2.914091625642068
90,489,5.792141657432723
90,490,6.157532245872581
90,491,10.670526380331511
90,492,13.70828195866507
90,493,9.4575400663545
90,494,3.3065298030707346
90,495,16.210199580973295
90,496,22.77409521221968
90,497,4.987213172481475
90,498,13.229655903618129
90,499,3.8580348943482576
100,0,4.863083121845936
100,1,10.819382818741767
100,2,9.936308442226473
100,3,17.313138009552322
100,4,5.2123261305460495
100,5,11.942856300890321
100,6,4.8130946662886736
100,7,2.8403817720907014
100,8,7.648756907492909
100,9,6.8823941144695855
100,10,9.325880107576802
100,11,7.99315894169269
100,12,10.355515456931068
100,13,3.7531755620552723
100,14,16.45206465796595
100,15,8.823653313390814
100,16,4.250252453288589
100,17,2.625429685647327
100,18,3.453494706413456
100,19,6.5838815493703615
100,20,5.452897680479519
100,21,4.8474745307538365
100,22,5.021563445790384
100,23,3.9513060358198406
100,24,2.5403976801848565
100,25,3.779972514566959
100,26,9.502521804755585
100,27,3.060915132626885
100,28,7.662649261466919
100,29,2.6888104362800886
100,30,13.022619593703126
100,31,7.118414601816697
100,32,9.429805271643215
100,33,7.987438059934986
100,34,9.056041088038336
100,35,10.768259265379076
100,36,2.521727462408529
100,37,9.06934542602833
100,38,3.763923242826703
100,39,5.829903789476394
100,40,7.695350616308689
100,41,13.71162706509857
100,42,12.857562397975464
100,43,4.573160209300813
100,44,2.808851576173261
100,45,5.452804384228951
100,46,22.85596739709715
100,47,6.171280359521798
100,48,12.224832578445689
100,49,3.77033116966214
100,50,6.977690082382154
100,51,7.413251762679845
100,52,15.781573808841365
100,53,6.184143216179709
100,54,18.2797362408454
100,55,19.1448832858469
100,56,3.8657590519471214
100,57,9.71822772126771
100,58,5.870397205884116
100,59,6.672329653080065
100,60,7.179956025950763
100,61,16.824829579526394
100,62,10.08553266929366
100,63,3.6455784535257467
100,64,4.68093848919423
100,65,7.334220101556217
100,66,10.600894061040869
100,67,15.744260490697872
100,68,5.829893712135689
100,69,2.9195323309184227
100,70,8.581286272514555
100,71,2.8384008259214797
100,72,5.92791885711584
100,73,2.957053215603875
100,74,8.165008127210742
100,75,14.200805195308716
100,76,2.6696146205380487
100,77,2.8994043264640883
100,78,8.851335147551477
100,79,7.921952565937982
100,80,7.436393256790487
100,81,7.615669089484609
100,82,13.795845787925073
100,83,7.066959486679768
100,84,3.184947975047105
100,85,4.146257376912563
100,86,4.365494118013222
100,87,3.6702135243254053
100,88,3.7846306454233245
100,89,8.127331643635546
100,90,4.471112018410182
100,91,11.501671744114955
100,92,4.543253720010464
100,93,11.429312810977386
100,94,7.932536332810145
100,95,4.834706715044078
100,96,7.925920167633255
100,97,5.93945205109177
100,98,5.354350835705423
100,99,10.898308288375791
100,100,4.343598273715719
100,101,5.090726345512759
100,102,3.9105111944459257
100,103,3.899812067016112
100,104,3.4133372421792982
100,105,4.69282267666953
100,106,6.017637398364113
100,107,3.4465618554186843
100,108,2.8638919348108924
100,109,2.901213777685919
100,110,15.979893903085062
100,111,6.932673475935377
100,112,6.933090172438055
100,113,13.31739754651977
100,114,5.657176716393368
100,115,4.538098857172971
100,116,5.749493219270234
100,117,6.890368914450212
100,118,8.93680151675166
100,119,11.084341694558367
100,120,4.657184549699539
100,121,8.076159567851729
100,122,5.048943403840907
100,123,7.8124439125604885
100,124,24.18309880129172
100,125,4.9444302105610785
100,126,15.348450295506314
100,127,6.910467099674538
100,128,8.576492704204073
100,129,3.3412187531611384
100,130,10.051829768523591
100,131,6.254349738038385
100,132,10.11662333749489
100,133,5.343979154249931
100,134,3.669391568686656
100,135,19.045737317945626
100,136,2.8254975616703586
100,137,10.98561654542981
100,138,5.455245698041575
100,139,14.604224419594734
100,140,7.776039566192846
100,141,4.010387029168644
100,142,6.334554683740141
100,143,2.8134888491500467
100,144,5.268367765179851
100,145,12.998157558016388
100,146,6.2726512577585885
100,147,3.83821483508378
100,148,8.945627899240566
100,149,20.40592819782465
100,150,5.814431802114742
100,151,19.027629099559462
100,152,2.6652166118365814
100,153,11.216489359809175
100,154,14.60561589457092
100,155,4.017137359371369
100,156,4.040098216668873
100,157,4.68864767068039
100,158,3.76691020931348
100,159,10.93339253705254
100,160,10.787213329196954
100,161,10.530966719206251
100,162,5.922100242544308
100,163,3.0545271482613243
100,164,7.223062214249668
100,165,3.6848964611191404
100,166,7.779344138419262
100,167,2.9099036832066276
100,168,3.3471617791760497
100,169,23.287231301929513
100,170,3.033627970805612
100,171,4.454870232598245
100,172,3.8905445136103727
100,173,6.701091480911534
100,174,11.116354748706721
100,175,17.432778764521743
100,176,3.1020348759023557
100,177,3.600847124736375
100,178,7.731423473665124
100,179,9.138693078169725
100,180,3.676119851680438
100,181,9.179540481989703
100,182,8.398252749722635
100,183,10.02293988249766
100,184,4.983342325345818
100,185,14.705315302054698
100,186,2.6058135978578454
100,187,10.471251889718381
100,188,2.644286417869582
100,189,7.399997535398576
100,190,6.586312221990634
100,191,5.200548531722218
100,192,3.439690066188325
100,193,3.674221772472361
100,194,7.339838057160879
100,195,2.9344646975908035
100,196,13.898885792585336
100,197,2.9445835236640474
100,198,5.961954370906218
100,199,5.021274715561096
100,200,10.910963379371331
100,201,4.820671656054489
100,202,6.051309723903986
100,203,3.252066734047404
100,204,11.411261020206297
100,205,7.506733087642869
100,206,6.332631775602819
100,207,7.482719416777629
100,208,5.7592820219958245
100,209,4.055742667001189
100,210,8.295204011947563
100,211,3.9463278744270998
100,212,3.5055121865731658
100,213,7.1690698395102315
100,214,5.6143857577658505
100,215,2.6672589745392044
100,216,5.841163701801923
100,217,17.109527960538347
100,218,2.588869676326393
100,219,4.348497387930523
100,220,8.10060853778915
100,221,2.6006021366603314
100,222,4.126692920366542
100,223,3.1042723873210374
100,224,3.130611517959507
100,225,2.591060488994503
100,226,4.296591137141436
100,227,12.049583046604718
100,228,3.941532205796622
100,229,7.809657873766938
100,230,9.297492308920159
100,231,6.7664272433091135
100,232,7.235298745403244
100,233,2.6210265464923754
100,234,6.469834541566849
100,235,2.533715850739929
100,236,8.969976517215395
100,237,11.262112291450027
100,238,4.965884855841792
100,239,3.7120192776150063
100,240,6.839512688136776
100,241,4.878181642877085
100,242,5.007079239744494
100,243,7.6044590396222995
100,244,22.414190565983997
100,245,3.864916766565738
100,246,3.7237014710952665
100,247,6.753180672086646
100,248,3.0977934701545244
100,249,2.683654018605152
100,250,4.841155750042357
100,251,4.476529854806586
100,252,2.7703775477164756
100,253,5.120520345357028
100,254,8.584305067311112
100,255,3.2880859173084818
100,256,3.3392941586026144
100,257,6.798395740849415
100,258,2.699672578346509
100,259,9.077612473767918
100,260,5.8759981376510035
100,261,37.660209454124605
100,262,5.2731982496555405
100,263,4.422551852757697
100,264,4.179171908529797
100,265,8.199643908984475
100,266,11.887731850560977
100,267,3.4086126442590947
100,268,2.9118636456172626
100,269,7.247237144669651
100,270,11.396132664512994
100,271,6.226091859254929
100,272,2.798595272282159
100,273,6.1733340772790735
100,274,11.20185214209954
100,275,14.377398352614138
100,276,7.8349622633916685
100,277,3.2040490950867286
100,278,4.865266476680967
100,279,4.553271158012396
100,280,6.90915721505466
100,281,13.517674535654537
100,282,5.047592316570513
100,283,2.9748591871471493
100,284,2.495508638286303
100,285,11.32296454234388
100,286,4.698276616465609
100,287,9.222764218619139
100,288,2.7912961748600296
100,289,6.462451805836975
100,290,10.714168873467349
100,291,3.7359647620745027
100,292,3.450370716444882
100,293,3.0292985492583173
100,294,3.458312915168616
100,295,14.206258270420749
100,296,7.713444879852463
100,297,9.900498763846155
100,298,12.089698007048723
100,299,6.620567924462834
100,300,10.328674652370001
100,301,2.9701481951947204
100,302,3.429940289700563
100,303,2.674183368056777
100,304,8.705957123182028
100,305,2.6983537989258326
100,306,6.421798071175565
100,307,14.05269556982099
100,308,6.850481711231563
100,309,3.4183632438683635
100,310,7.922204019676021
100,311,3.537581412050773
100,312,7.789070103467122
100,313,5.338131655709456
100,314,2.6374359715537117
100,315,2.8551717114549584
100,316,9.247530929513522
100,317,5.541116928037433
100,318,3.3963664188409286
100,319,2.8787941310253657
100,320,2.762222214545228
100,321,2.569743380857935
100,322,6.8176931377056675
100,323,8.827908674678627
100,324,17.92974992263666
100,325,4.653568417774887
100,326,6.214652587961468
100,327,8.739470058400572
100,328,8.930051157018134
100,329,3.902988033299665
100,330,2.9201238797675804
100,331,5.179132808201147
100,332,7.0871673925774274
100,333,3.1790196000820607
100,334,7.25127615569026
100,335,11.2242054873966
100,336,5.599616870337605
100,337,2.9887058372502806
100,338,5.259036227866812
100,339,4.696798157861426
100,340,21.116445671611345
100,341,8.101913692495803
100,342,8.518757475232498
100,343,7.869876437496704
100,344,2.618256676112389
100,345,18.737285910238413
100,346,4.810586014359405
100,347,4.148177611953233
100,348,12.427894053008844
100,349,3.6313624750336997
100,350,2.8364041316105526
100,351,6.006501473314422
100,352,6.246948931354939
100,353,11.574010483687177
100,354,7.143373710181395
100,355,20.29458430435669
100,356,7.076526680789464
100,357,6.592155463473026
100,358,4.474552032923221
100,359,9.901338498441088
100,360,9.847455099102534
100,361,11.025803051180146
100,362,6.040668362477736
100,363,3.9367997632977447
100,364,4.9902130249400605
100,365,7.353741286632671
100,366,6.3604516418060255
100,367,4.30673090273852
100,368,5.187137313779687
100,369,4.31676409183407
100,370,3.558613992952748
100,371,13.977784848290533
100,372,6.418660208611953
100,373,3.827140509277857
100,374,4.977847635141784
100,375,6.591283000668353
100,376,9.02346627541766
100,377,4.315733357128022
100,378,3.1574408395302314
100,379,8.620703098709381
100,380,13.552002708292221
100,381,2.8815925465872643
100,382,9.907329852871328
100,383,5.984780783842226
100,384,4.663961590249793
100,385,3.7490140719730896
100,386,9.65744782206431
100,387,5.912907020128984
100,388,6.138138775098523
100,389,3.6920565777097076
100,390,3.951285277010461
100,391,5.048126278540445
100,392,19.473595991055195
100,393,10.952772267829634
100,394,7.346193181276759
100,395,3.4525989310485956
100,396,11.029173591033233
100,397,5.614953918128916
100,398,2.8244483046298674
100,399,4.065435736203304
100,400,7.674541523685104
100,401,7.186095563810887
100,402,5.717102097086661
100,403,18.482714086981417
100,404,24.735244749854374
100,405,3.7456103443379414
100,406,9.649226158787096
100,407,10.379526611112135
100,408,9.534949997303748
100,409,3.697929873111228
100,410,17.985773774907873
100,411,3.8965700804515464
100,412,10.798309395036567
100,413,3.518966910358685
100,414,4.7297995237858546
100,415,4.8123440239899224
100,416,13.847441594577875
100,417,5.103847913443014
100,418,9.504285121708445
100,419,3.3007561094523674
100,420,6.049861337693352
100,421,3.2551157958053536
100,422,8.801863936042075
100,423,8.569536597550876
100,424,12.858910379603369
100,425,5.51958714213293
100,426,2.7929924428460624
100,427,7.93866065052257
100,428,2.8334978149701002
100,429,6.397728209632221
100,430,6.423629131201356
100,431,12.699750894854338
100,432,4.926231813733954
100,433,4.714363718396928
100,434,2.7233679268988373
100,435,3.2710974894950815
100,436,6.383921693748204
100,437,12.997548851768071
100,438,3.104208028532844
100,439,8.76512735760975
100,440,5.229277316924202
100,441,5.127676425953939
100,442,8.385908667936066
100,443,6.510048399665906
100,444,4.701925721176506
100,445,2.5703034229657375
100,446,8.715498878461254
100,447,6.749494542406764
100,448,6.882232932593715
100,449,14.64279921139489
100,450,5.002277658357188
100,451,3.8137812880400355
100,452,3.653678091760179
100,453,18.636409317279675
100,454,2.6627800877234717
100,455,5.330589096443249
100,456,8.727662907517743
100,457,11.443264480316985
100,458,7.933880557906575
100,459,8.604588243350742
100,460,3.773354754717201
100,461,4.2664364058464175
100,462,5.100933041437726
100,463,6.0633672891868144
100,464,15.520563839240781
100,465,4.941886874546254
100,466,3.5697834802374735
100,467,7.570854127155621
100,468,5.937539784471657
100,469,2.7255932038450315
100,470,5.16452145688297
100,471,5.946958312977795
100,472,3.692986734599686
100,473,3.8943835781519045
100,474,4.811352747873091
100,475,3.913829159657891
100,476,5.469327409921211
100,477,15.257253427420588
100,478,5.758132414037654
100,479,3.336536097247338
100,480,5.694196981836298
100,481,5.026567307727904
100,482,17.90785053733799
100,483,6.3494860457238484
100,484,16.45856337075284
100,485,4.914954480720165
100,486,5.698253079585341
100,487,5.311451461552228
100,488,3.2479537294701766
100,489,15.150750793202176
100,490,5.602973588587771
100,491,5.2905634878395595
100,492,4.964350613051603
100,493,10.655615298759825
100,494,17.393721868259234
100,495,4.6755472642830505
100,496,2.6850756173738564
100,497,7.775306695846801
100,498,3.304284055232861
100,499,3.1212672405232325
