swarm_size,trial,handshake_latency_ms
10,0,2.629561799792541
10,1,2.5203932390906747
10,2,2.5741127731844022
10,3,2.581255277557788
10,4,2.554750218162202
10,5,2.509179987396766
10,6,2.5931434169548737
10,7,2.720189919705057
10,8,2.5793586517013174
10,9,2.650258199609642
10,10,2.536536350904682
10,11,2.537652179394414
10,12,2.5871020670611204
10,13,2.6118027479930555
10,14,2.510455019558714
10,15,2.5753555256201106
10,16,2.552201451731821
10,17,2.613853137339764
10,18,2.5473292148023883
10,19,2.5561716042122864
10,20,2.5288783470920198
10,21,2.5111706143592976
10,22,2.504881892669693
10,23,2.57905162880168
10,24,2.5374985966494132
10,25,2.6084219208752026
10,26,2.522264123677034
10,27,2.6032823029315875
10,28,2.5677890937997665
10,29,2.5022370923854496
10,30,2.5169592433219647
10,31,2.647796257391244
10,32,2.5917613353085
10,33,2.5942837895145376
10,34,2.54090609830557
10,35,2.635602101337164
10,36,2.613280674258721
10,37,2.5361910064045143
10,38,2.6438371745088314
10,39,2.564695504262708
10,40,2.4442386805987764
10,41,2.6123748736351318
10,42,2.5090608472693714
10,43,2.6241349431026184
10,44,2.6679448566206805
10,45,2.636158635510686
10,46,2.5385187466000807
10,47,2.5467588822019995
10,48,2.565030720720145
10,49,2.5124419884975238
10,50,2.635526775316068
10,51,2.500295807121416
10,52,2.4851900934106066
10,53,2.5669986745306996
10,54,2.650502177499743
10,55,2.6543095268406365
10,56,2.6305601962896183
10,57,2.610794055616438
10,58,2.4926364072509974
10,59,2.5662796391313756
10,60,2.6152027991196256
10,61,2.4852608135590346
10,62,2.5561278586345453
10,63,2.5048273855010343
10,64,2.7007372757947183
10,65,2.5396518706883775
10,66,2.707366964292865
10,67,2.600699228240295
10,68,2.6820384376522073
10,69,2.515361177365003
10,70,2.4953729480582445
10,71,2.611648483359333
10,72,2.672552412078061
10,73,2.701080538244034
10,74,2.557459203557708
10,75,2.4497044299298008
10,76,2.5146693440614665
10,77,2.617007704065997
10,78,2.6098013486086615
10,79,2.623039878575684
10,80,2.727805747914584
10,81,2.5888834740941773
10,82,2.6846738662407765
10,83,2.5746071045243784
10,84,2.647121937421081
10,85,2.623293188156814
10,86,2.634463429123098
10,87,2.5912479918559
10,88,2.4712286657018327
10,89,2.532719747463863
10,90,2.459218825462457
10,91,2.6548603509012834
10,92,2.6494105909054997
10,93,2.5533610861854896
10,94,2.5794045435158117
10,95,2.7393482896602284
10,96,2.6365318080284665
10,97,2.5214862485834777
10,98,2.4992752541273378
10,99,2.5612091377077704
10,100,2.45394282288797
10,101,2.405385888153237
10,102,2.465557557956133
10,103,2.521723626582918
10,104,2.425986856863777
10,105,2.6572736181226984
10,106,2.5838183777075625
10,107,2.5362932017609525
10,108,2.585949314739784
10,109,2.5639595239966484
10,110,2.6481355367089967
10,111,2.71121977759462
10,112,2.5464295075792807
10,113,2.5241780352611958
10,114,2.5172184380437717
10,115,2.624749747720026
10,116,2.550844770583901
10,117,2.5874099632612504
10,118,2.5447445468052527
10,119,2.5426382181844955
10,120,2.750742376206429
10,121,2.5202273607506607
10,122,2.5389672148329767
10,123,2.4926772089738103
10,124,2.5280588195418843
10,125,2.682755802258083
10,126,2.7048953497651227
10,127,2.7691457421977517
10,128,2.486479349348801
10,129,2.574467270302659
10,130,2.6123913288263196
10,131,2.4386431771501837
10,132,2.5638969723097467
10,133,2.609827422242238
10,134,2.580744430222184
10,135,2.5571019681960157
10,136,2.7092464547479387
10,137,2.6166121151908
10,138,2.579499077365233
10,139,2.630554003088142
10,140,2.5454154829406797
10,141,2.580808748341902
10,142,2.671063092021532
10,143,2.700584691126234
10,144,2.5569306176851687
10,145,2.5687827777840986
10,146,2.3695334817885594
10,147,2.5476747591261852
10,148,2.649794998043015
10,149,2.509632600427967
10,150,2.4816425418800843
10,151,2.4947976080571785
10,152,2.6384175195460484
10,153,2.5465978212144638
10,154,2.6545314262003106
10,155,2.532365736806981
10,156,2.6240220443421305
10,157,2.6738684081334605
10,158,2.426362168598674
10,159,2.593154401371273
10,160,2.5958757613290397
10,161,2.5686904164008637
10,162,2.6386740946786316
10,163,2.546688119754674
10,164,2.48601221798538
10,165,2.512258039630979
10,166,2.6734461197556767
10,167,2.5225172102513937
10,168,2.5483219311463263
10,169,2.5700572094689202
10,170,2.6126123113597037
10,171,2.725750027102437
10,172,2.644839969507139
10,173,2.5866982255008133
10,174,2.7682404580594064
10,175,2.527489935355797
10,176,2.6129970979547497
10,177,2.5128249990248337
10,178,2.524115740102836
10,179,2.6525389530813164
10,180,2.641120279760302
10,181,2.5975391509831596
10,182,2.5961963993337127
10,183,2.5937649463836085
10,184,2.663730888863163
10,185,2.5313320924160423
10,186,2.6127913139604533
10,187,2.639808333872391
10,188,2.4635797110528865
10,189,2.630321634191715
10,190,2.511775310811021
10,191,2.579328534536274
10,192,2.5807331332278642
10,193,2.72696755824599
10,194,2.6257952523095436
10,195,2.5638370203247893
10,196,2.7368131220176997
10,197,2.5935797523133615
10,198,2.5485987556451692
10,199,2.601628640936996
10,200,2.5645865375912624
10,201,2.6510206344144636
10,202,2.6043135556547976
10,203,2.4164328744001233
10,204,2.537184515911855
10,205,2.5966027419370583
10,206,2.6354818645738525
10,207,2.6570419491219983
10,208,2.498831945567249
10,209,2.517160026297246
10,210,2.673245404230729
10,211,2.6262590108404895
10,212,2.6132994474164346
10,213,2.4762810047518853
10,214,2.573338155270063
10,215,2.5460834236375103
10,216,2.511406519225984
10,217,2.6775383428175346
10,218,2.707597524855583
10,219,2.4542520217076613
10,220,2.609358878238677
10,221,2.483438513621996
10,222,2.4762499891955394
10,223,2.614067158648945
10,224,2.5160092590728182
10,225,2.477894632591123
10,226,2.620300353081898
10,227,2.5406562507395547
10,228,2.489862333800129
10,229,2.560712905680226
10,230,2.530432057636534
10,231,2.5394003556190325
10,232,2.6985980281500526
10,233,2.6012296342322423
10,234,2.4745366419361767
10,235,2.6406581228077375
10,236,2.6035740742734306
10,237,2.601358656191647
10,238,2.562191127106055
10,239,2.4889168773823034
10,240,2.5177973933925193
10,241,2.6536615974800144
10,242,2.5100511257809095
10,243,2.606296820105509
10,244,2.6147479359905983
10,245,2.572664921808092
10,246,2.5723139855439787
10,247,2.546150092487338
10,248,2.519792755019893
10,249,2.6263070080850857
10,250,2.5655587953555257
10,251,2.5542133849306334
10,252,2.598009068632722
10,253,2.6189634767403134
10,254,2.553939082649035
10,255,2.7155987882251176
10,256,2.478266880181457
10,257,2.5934877845168436
10,258,2.5651298030889618
10,259,2.6195955476979855
10,260,2.493420158610351
10,261,2.6579045354479427
10,262,2.5144396196858505
10,263,2.541680683444223
10,264,2.377411017772295
10,265,2.5502600116527328
10,266,2.520095137234783
10,267,2.65952466882066
10,268,2.5722742961241387
10,269,2.4573806458570586
10,270,2.4985248893594436
10,271,2.5711588980966953
10,272,2.4955552944214356
10,273,2.620503921870238
10,274,2.6246194161306757
10,275,2.4997810520340513
10,276,2.56399612810724
10,277,2.5714166770084
10,278,2.6324392717854175
10,279,2.587584539389955
10,280,2.4830606778479467
10,281,2.542022966146338
10,282,2.436459713668526
10,283,2.6096787216324375
10,284,2.6527166178886383
10,285,2.6395043824114772
10,286,2.481526540972136
10,287,2.586297618783572
10,288,2.6279970674324575
10,289,2.667485299205034
10,290,2.582209319674895
10,291,2.566625331956397
10,292,2.5265480402839957
10,293,2.6695336844557906
10,294,2.4765312344150647
10,295,2.5469438173710004
10,296,2.5619710378322953
10,297,2.4403550679247945
10,298,2.5738043848579766
10,299,2.5593712159171145
10,300,2.5203969207195396
10,301,2.6976845466185613
10,302,2.5259280737164365
10,303,2.590791438088324
10,304,2.5717508672425864
10,305,2.624115748349501
10,306,2.5191477045320214
10,307,2.6531662431040712
10,308,2.6113206835651015
10,309,2.6560007628071127
10,310,2.6626985810140322
10,311,2.5778120943072307
10,312,2.6521222170397603
10,313,2.5533876628952736
10,314,2.541778653780209
10,315,2.64001220381012
10,316,2.5168536545435654
10,317,2.5403537151326554
10,318,2.685814447745764
10,319,2.5220424148881353
10,320,2.7139833420156823
10,321,2.642892731333652
10,322,2.54309710653955
10,323,2.5722722243472647
10,324,2.5581418585444387
10,325,2.6192774543541404
10,326,2.540947741298459
10,327,2.5080959015402597
10,328,2.577805369223672
10,329,2.616389912543018
10,330,2.632179267176917
10,331,2.668161656040538
10,332,2.6415246586979535
10,333,2.647650786740791
10,334,2.596689212887496
10,335,2.3712689404953005
10,336,2.581265783120683
10,337,2.606562592607849
10,338,2.639879356768228
10,339,2.4224637923636205
10,340,2.574653199869576
10,341,2.603111618726457
10,342,2.5368358134488407
10,343,2.635237544082416
10,344,2.6939432084625743
10,345,2.6490657638471404
10,346,2.5378128689316855
10,347,2.6042953745348174
10,348,2.4316120493260147
10,349,2.656993087997766
10,350,2.5402134700880565
10,351,2.565264192521604
10,352,2.563326246202683
10,353,2.5324717678867055
10,354,2.669598873676258
10,355,2.5824883783839825
10,356,2.6274657595022526
10,357,2.496513747325716
10,358,2.6579092327923908
10,359,2.463298920549689
10,360,2.588293714403703
10,361,2.489227337780846
10,362,2.5683295199996015
10,363,2.562030195686923
10,364,2.663218978356198
10,365,2.5972380644291455
10,366,2.62066178666719
10,367,2.5821303734832286
10,368,2.587825535717121
10,369,2.587775915429227
10,370,2.551549064752682
10,371,2.6352593876131496
10,372,2.511240143440045
10,373,2.5751873974717228
10,374,2.6670552107843406
10,375,2.555507815207983
10,376,2.455820844516581
10,377,2.5243367857414225
10,378,2.5287757265389406
10,379,2.6676839616210697
10,380,2.5624993644089464
10,381,2.4387779305307475
10,382,2.623371896504151
10,383,2.5807484878977163
10,384,2.5799648385438143
10,385,2.516003693773356
10,386,2.5004948687363044
10,387,2.547117394083752
10,388,2.603140327282542
10,389,2.6155058180139643
10,390,2.556386158028722
10,391,2.7095174677330833
10,392,2.56073109649291
10,393,2.518065008205268
10,394,2.4857408635437994
10,395,2.5564140151546817
10,396,2.502876363383746
10,397,2.496315873337749
10,398,2.532067040666052
10,399,2.7575244555810987
10,400,2.467580695596874
10,401,2.5134840095609285
10,402,2.5976514538054536
10,403,2.6077431794929673
10,404,2.538906522448056
10,405,2.5679355968940403
10,406,2.6915349318292408
10,407,2.4995538157831554
10,408,2.605099898889275
10,409,2.647699583474838
10,410,2.5939392500556036
10,411,2.5794168775432897
10,412,2.575602761650815
10,413,2.56143083900146
10,414,2.6220119887010633
10,415,2.675823065765829
10,416,2.5924800801756813
10,417,2.577505375609885
10,418,2.6373027907919058
10,419,2.452289815341616
10,420,2.595791651203439
10,421,2.656230006022225
10,422,2.706675536039605
10,423,2.54178145587346
10,424,2.5398088079380603
10,425,2.5396958543226917
10,426,2.6578141118954175
10,427,2.5348515955428437
10,428,2.836889131185208
10,429,2.5871158093906996
10,430,2.4635364799043047
10,431,2.388421279601517
10,432,2.5297339202814473
10,433,2.6465476695121706
10,434,2.600712819192381
10,435,2.581040555142707
10,436,2.5302667587428673
10,437,2.614578478659268
10,438,2.5118329656240412
10,439,2.542801075433652
10,440,2.6049025136445034
10,441,2.544060625804018
10,442,2.5437656130620123
10,443,2.5852739017481947
10,444,2.498559598288625
10,445,2.5892451501823492
10,446,2.5999173704098655
10,447,2.601193553614494
10,448,2.641305563259319
10,449,2.592569538731006
10,450,2.6859527682436766
10,451,2.5319107789739363
10,452,2.5477859136532492
10,453,2.5166316804025475
10,454,2.6224073953721363
10,455,2.6262776257173046
10,456,2.578184274854282
10,457,2.498001309652403
10,458,2.703858804174864
10,459,2.593706545117256
10,460,2.465113212867461
10,461,2.5596386741025694
10,462,2.5613837924436464
10,463,2.5978385993373334
10,464,2.4987404923600827
10,465,2.653658575250006
10,466,2.4817902504612928
10,467,2.5923587134593578
10,468,2.6193961177848095
10,469,2.6299970778007116
10,470,2.5767918307954947
10,471,2.5262434696206713
10,472,2.5139884665966026
10,473,2.5041247346731192
10,474,2.6003995322644724
10,475,2.6278451687601936
10,476,2.6550048101443946
10,477,2.522800158721883
10,478,2.5760411333698094
10,479,2.47687124095868
10,480,2.4783102990967887
10,481,2.5051347656590277
10,482,2.6367343138878567
10,483,2.547751943907684
10,484,2.7048153820138805
10,485,2.5717540302361384
10,486,2.5838894940358577
10,487,2.57114206048784
10,488,2.616612109346731
10,489,2.6442248944006286
10,490,2.5851899175966295
10,491,2.548644602580503
10,492,2.5699446289949743
10,493,2.549507078065633
10,494,2.51655034711857
10,495,2.584994368734083
10,496,2.513752707082948
10,497,2.596319307576169
10,498,2.641410710870611
10,499,2.537789791628012
20,0,2.5926448210723687
20,1,2.581314860436077
20,2,2.6376207496613975
20,3,2.5143351231921236
20,4,2.5876863648854096
20,5,2.757375108797882
20,6,2.56768037333782
20,7,2.6107126635728704
20,8,2.5958457752019024
20,9,2.60944283789554
20,10,2.644131867363731
20,11,2.5519206555084213
20,12,2.52137189122081
20,13,2.466111993076116
20,14,2.653141361447743
20,15,2.588237086053331
20,16,2.619418929265595
20,17,2.4927703584730048
20,18,2.609769455993962
20,19,2.6093670503502984
20,20,2.4691646901632525
20,21,2.6815696559492905
20,22,2.4853241836390407
20,23,2.6094236069426358
20,24,2.6642676768397267
20,25,2.5062156096543085
20,26,2.452985929488318
20,27,2.633640365961932
20,28,2.4828059592062406
20,29,2.5096533570954094
20,30,2.4984103839268528
20,31,2.7534493665686512
20,32,2.672535483261987
20,33,2.613464993620487
20,34,2.642168309757937
20,35,2.5135136155159112
20,36,2.3640268740483683
20,37,2.684864218802977
20,38,2.5290345392351843
20,39,2.6327860234910294
20,40,2.8567013370615344
20,41,2.5201158521499334
20,42,2.594563761417032
20,43,2.533249044757561
20,44,2.5819865127534283
20,45,2.6416296114385656
20,46,2.4968036174362345
20,47,2.679027741243707
20,48,2.6201872815716034
20,49,2.739287182606697
20,50,2.5788797654989097
20,51,2.561542994947049
20,52,2.5560866902605537
20,53,2.59449658700038
20,54,2.7797508201136534
20,55,2.6291161937975684
20,56,2.538166147372249
20,57,2.5009620411461397
20,58,2.5571458662764606
20,59,2.592466837822778
20,60,2.6421376612191376
20,61,2.586066854518586
20,62,2.6689134771892666
20,63,3.6685086080638474
20,64,2.6555232353660445
20,65,2.5436713453154933
20,66,2.639557925263123
20,67,2.6190860145926163
20,68,2.6151381440437214
20,69,2.5541665521274375
20,70,2.476468316069412
20,71,2.6352984387207417
20,72,2.7440556820071778
20,73,2.4931760296294283
20,74,2.6169141939265903
20,75,2.5972277187570345
20,76,2.6637281248818727
20,77,2.5588342496574987
20,78,2.7769602838489877
20,79,2.661899244656744
20,80,2.6048372345490316
20,81,2.5139169450860286
20,82,2.655321008807219
20,83,2.679606605173214
20,84,2.6973871964580223
20,85,2.6121104033536624
20,86,2.6428314049940465
20,87,2.5678420230386307
20,88,2.6288039797392626
20,89,2.5562475251095873
20,90,2.5502794210773265
20,91,2.65802689319058
20,92,2.764007029211968
20,93,2.7111677505666796
20,94,2.5847446764868907
20,95,2.520341210955547
20,96,2.8039972338419203
20,97,2.5094201045612166
20,98,2.61370856681403
20,99,2.5668571038371653
20,100,2.5055991369517407
20,101,2.591615665332767
20,102,2.7155429313569517
20,103,2.4875589792624226
20,104,2.5847445333883496
20,105,2.485269749623785
20,106,2.6156425524330493
20,107,2.591562108780118
20,108,2.470433013399106
20,109,2.6361576603840584
20,110,2.5456995024855122
20,111,2.621298181102666
20,112,2.461713442438114
20,113,2.599120756799363
20,114,2.591627941875603
20,115,2.566054047016922
20,116,2.6251386680490114
20,117,2.55850187674054
20,118,2.6479002286402666
20,119,2.5296795803936827
20,120,2.657809520848568
20,121,2.7030135747269113
20,122,2.606866069762237
20,123,2.5432148733657844
20,124,2.684559028893905
20,125,2.457534947446813
20,126,2.6556668487372437
20,127,2.6074179695760105
20,128,2.729832885558791
20,129,2.4815164467038198
20,130,2.488431527242091
20,131,2.518065692476231
20,132,2.5794248796649595
20,133,2.5517783263440235
20,134,2.777581314165251
20,135,2.5041493183074377
20,136,2.609427842963505
20,137,2.7179735536955834
20,138,2.5418658352365737
20,139,2.6775936942507457
20,140,2.592630736326973
20,141,2.595286853481917
20,142,2.506768661702597
20,143,2.580765760411766
20,144,2.638337680443828
20,145,2.6180080597325954
20,146,2.6969504213179247
20,147,2.4944835290187815
20,148,2.523535990359494
20,149,2.7587897513339446
20,150,2.775634134552284
20,151,2.514076425997341
20,152,2.5354347423352808
20,153,2.500314132093245
20,154,2.5741890351793932
20,155,2.562503663769894
20,156,2.5800231232597644
20,157,2.5145848900159464
20,158,2.485461734821344
20,159,2.6106546951869367
20,160,2.84543761833424
20,161,2.6707333141019034
20,162,2.6184852504885145
20,163,2.5982584070710892
20,164,2.505818981220547
20,165,2.6106901236076823
20,166,2.67699266595342
20,167,2.628405342548295
20,168,2.6704468356360707
20,169,2.5988812470936713
20,170,2.781132933371588
20,171,2.556086041829619
20,172,2.5254836398675784
20,173,2.5179073861692367
20,174,2.620364587191346
20,175,2.495003343487774
20,176,2.6575977020065715
20,177,2.472385376699183
20,178,2.7381307104469856
20,179,2.6095122140947646
20,180,2.5459624578443982
20,181,2.547122536125655
20,182,2.626513969333591
20,183,2.502653309752465
20,184,2.537602604022196
20,185,2.582880440112058
20,186,2.6063071404992617
20,187,2.7595265173965933
20,188,2.5208308883895114
20,189,2.636521110417012
20,190,2.6918116551416578
20,191,2.6908887909941335
20,192,2.64927789150401
20,193,2.4727723330723066
20,194,2.6483557587375355
20,195,2.5170458088516714
20,196,2.5271909374353103
20,197,2.5613079775102574
20,198,2.6339098096296603
20,199,2.6581647448103927
20,200,2.4507356516165633
20,201,2.5982110044595115
20,202,2.6048283815629225
20,203,2.6231293275245005
20,204,2.7615185384387972
20,205,2.6022177838236358
20,206,2.668336323663544
20,207,2.8730569947452653
20,208,2.8762435412882774
20,209,2.566818725212271
20,210,2.581974256499396
20,211,2.564701606387125
20,212,2.6226705721910055
20,213,2.6134126880323403
20,214,2.531001209205475
20,215,2.708447755784122
20,216,2.578644174044345
20,217,2.648303680825146
20,218,2.6042010255663253
20,219,2.602760185188268
20,220,2.495454508679664
20,221,2.6548336378008908
20,222,2.668171436392839
20,223,2.7345625402388434
20,224,2.535797908836143
20,225,2.636246066470979
20,226,2.627606727186264
20,227,2.707374269908017
20,228,2.592488595422703
20,229,2.5380552468976196
20,230,2.5003642785038065
20,231,2.6850362010510844
20,232,2.643248622746337
20,233,2.660043441380249
20,234,2.610085395524956
20,235,2.577500350691566
20,236,2.6293108878140496
20,237,2.5184623122797793
20,238,2.745122262593814
20,239,2.5132051385307626
20,240,2.712731878097163
20,241,2.509445558325677
20,242,2.570245813929888
20,243,2.5044377436637215
20,244,2.492397478598731
20,245,2.5690501357569384
20,246,2.736619885001522
20,247,2.5100849965138
20,248,2.62070794286316
20,249,2.4505873761683548
20,250,2.6974423421155698
20,251,2.64662416781314
20,252,2.763921673802928
20,253,2.6381408128416535
20,254,2.581343982584946
20,255,2.648109530360195
20,256,2.534021865397678
20,257,2.616062900960318
20,258,2.6787436178852593
20,259,2.622519593064087
20,260,2.6880482179986123
20,261,2.5700823681966996
20,262,2.7225179969919844
20,263,2.657045577929963
20,264,2.6928114112406294
20,265,2.6244760116778005
20,266,2.650033569673148
20,267,2.4759819449690132
20,268,2.6484412422141324
20,269,2.5727298244544863
20,270,2.7068281810340418
20,271,2.6148806449926316
20,272,2.5767293004729237
20,273,2.5804190777548612
20,274,2.639195965976071
20,275,2.618903159319701
20,276,2.564375867721362
20,277,2.5422451455913158
20,278,2.7210185235009092
20,279,2.594459090882139
20,280,2.802104553869717
20,281,2.7935990888768445
20,282,2.505334359273364
20,283,2.6510954135608316
20,284,2.5821078128282258
20,285,2.574322115981258
20,286,2.6590225176353672
20,287,2.539300794248159
20,288,2.6693956124841356
20,289,2.5710386519075414
20,290,2.7814451046762065
20,291,2.7238087922749648
20,292,2.7500716291252107
20,293,2.580957592398418
20,294,2.5949430569982233
20,295,2.535578924225436
20,296,2.7008786734860117
20,297,2.6906696306675193
20,298,2.6697832795519236
20,299,2.5941882951222013
20,300,2.6524970189285333
20,301,2.644969744945054
20,302,2.691404734266887
20,303,2.582682170036736
20,304,2.634041983451006
20,305,2.585359068519505
20,306,2.5234104873752345
20,307,2.6290646439166885
20,308,2.7044958335453892
20,309,2.680902284303603
20,310,2.500316326445157
20,311,2.5714424235535644
20,312,2.626956438540209
20,313,2.5291538344852693
20,314,2.663795368087412
20,315,2.540857453183304
20,316,2.705514790762842
20,317,2.5642202108241947
20,318,2.597774355447575
20,319,2.543741552452297
20,320,2.654818076651254
20,321,2.598322461387148
20,322,2.6730237653403712
20,323,2.681485329039715
20,324,2.585470700539706
20,325,2.6194152126701518
20,326,2.701192681289288
20,327,2.547057139349204
20,328,2.7215486424198505
20,329,2.7159205486472695
20,330,2.5845760824488275
20,331,2.5356756794908177
20,332,2.60724175446691
20,333,2.5155808286951897
20,334,2.5789259131266498
20,335,2.574318755833654
20,336,2.736085484961996
20,337,2.5867707365746173
20,338,2.528420445357275
20,339,2.4797688130991338
20,340,2.536160647073665
20,341,2.5809076468594756
20,342,2.5692884410517838
20,343,2.4430987111560594
20,344,2.547243789691062
20,345,2.7735322053267137
20,346,2.6161585618940797
20,347,2.645026541611496
20,348,2.51266640763746
20,349,2.61557506250977
20,350,2.5892199675426726
20,351,2.5415003175882704
20,352,2.552894019290729
20,353,2.6792056751962865
20,354,2.6005262892656495
20,355,2.6919171261621964
20,356,2.723568827159742
20,357,2.5685083705044227
20,358,2.5626845788128563
20,359,2.669715426562821
20,360,2.546439043053343
20,361,2.5412963814225926
20,362,2.571529960710384
20,363,2.739393298336364
20,364,2.6873317442312037
20,365,2.594215877304803
20,366,2.550647246900222
20,367,2.6672053470622235
20,368,2.5677457047957986
20,369,2.564797332657908
20,370,2.7096935438373557
20,371,2.6692192151078187
20,372,2.754185410397544
20,373,2.4646152660622156
20,374,2.515479804336722
20,375,2.6625586152103926
20,376,2.6945183901437315
20,377,2.7193648944246056
20,378,2.5205831200537636
20,379,2.5468036453335516
20,380,2.6394062455840195
20,381,2.5833602472848436
20,382,2.676243906167997
20,383,2.554556665604921
20,384,2.741207149003737
20,385,2.5672965365459612
20,386,2.7336224895920522
20,387,2.597387445984189
20,388,2.696075485339802
20,389,2.5305100986700433
20,390,2.5072540428217502
20,391,2.612377581895225
20,392,2.562057876115837
20,393,2.5589778220592674
20,394,2.6976588971040996
20,395,2.6726535180020243
20,396,2.5304574534983995
20,397,2.604037054268499
20,398,2.462095003032239
20,399,2.5248272826118563
20,400,2.548569918520064
20,401,2.6877524588673376
20,402,2.4310050122438587
20,403,2.5683986898191424
20,404,2.6021558954913195
20,405,2.5626235839733287
20,406,2.576320263844828
20,407,2.510999721055085
20,408,2.589926556308863
20,409,2.5956744722009493
20,410,2.5713031545643736
20,411,2.6705942516982275
20,412,2.701113731628443
20,413,2.6328857240004453
20,414,2.5599834525263563
20,415,2.752920116355847
20,416,2.552977150612021
20,417,2.642494628475822
20,418,2.6161883935725103
20,419,2.612691445589884
20,420,2.533259470203453
20,421,2.592083203014349
20,422,2.568922318849799
20,423,2.5925740157499195
20,424,2.577797963176252
20,425,2.544784502775634
20,426,2.627813747697736
20,427,2.666348574768656
20,428,2.675448028045256
20,429,2.5818364788837616
20,430,2.53389397793884
20,431,2.5662668541488625
20,432,2.6222561170935035
20,433,2.66507376641725
20,434,2.6212992666298773
20,435,2.8007957505994985
20,436,2.759379456796319
20,437,2.708982205450239
20,438,2.7039307224247784
20,439,2.6021779386389574
20,440,2.6146720456182613
20,441,2.722782950888836
20,442,2.7598820912724378
20,443,2.664028258836962
20,444,2.7506348594850487
20,445,2.5804508199930685
20,446,2.521988883903421
20,447,2.6891459515277374
20,448,2.552048896290427
20,449,2.6049584193185944
20,450,2.7791459673351517
20,451,2.588943140901749
20,452,2.6603204313278477
20,453,2.6055701057968452
20,454,2.6900675373673253
20,455,2.592979716844254
20,456,2.657822791680186
20,457,2.731031749422658
20,458,2.5799650107944343
20,459,2.661858778524344
20,460,2.5993676480010253
20,461,2.5242927365038588
20,462,2.584040516011861
20,463,2.6336980207767997
20,464,2.5943039229598157
20,465,2.4242225612221873
20,466,2.5963175022705918
20,467,2.63002992999413
20,468,2.5785425627348015
20,469,2.7192174856313627
20,470,2.4956417769197246
20,471,2.512896215766129
20,472,2.578523582239507
20,473,2.552181465075347
20,474,2.7915952320400246
20,475,2.654215373728001
20,476,2.473974416820095
20,477,2.5315714406030447
20,478,2.5922876081353743
20,479,2.4557894339175514
20,480,2.6817420815741384
20,481,2.536804459665796
20,482,2.5694299864973043
20,483,2.684461461118213
20,484,2.6630099717262388
20,485,2.625913973330104
20,486,2.766330658693716
20,487,2.544962538712087
20,488,2.585265982902847
20,489,2.747957039255899
20,490,2.6368482795461077
20,491,2.816775894931035
20,492,2.53635905182448
20,493,2.664870791439613
20,494,2.657184530420706
20,495,2.657914955622948
20,496,2.464970735773549
20,497,2.5807314910082435
20,498,2.5197581404630482
20,499,3.6211591920275557
30,0,2.636142116643586
30,1,2.6052229854780045
30,2,2.6878131911403815
30,3,2.6370098816265943
30,4,2.5794313664271615
30,5,2.696994528769667
30,6,2.5975462383557275
30,7,2.758477267502445
30,8,2.6198788082714746
30,9,2.6343411549396754
30,10,2.477103817778273
30,11,2.698781187258286
30,12,2.53656124365105
30,13,2.517326236331127
30,14,2.508970256929747
30,15,2.7582222232791205
30,16,2.7791383634427556
30,17,2.6401325408137573
30,18,3.216006937831485
30,19,2.489534749274422
30,20,2.632245980061473
30,21,2.698326824146182
30,22,2.5391998700821587
30,23,2.5116992898440613
30,24,2.6457101370165814
30,25,2.6423378482122684
30,26,2.5109916933931955
30,27,2.629834372452671
30,28,2.5040301895064423
30,29,2.5966520059758382
30,30,2.7873491797176166
30,31,2.7624240329712735
30,32,2.641367489709368
30,33,2.644974769844862
30,34,2.601606138269507
30,35,2.7005232580675074
30,36,2.8877023163801816
30,37,2.7440793255547966
30,38,2.5075836837589343
30,39,2.5423333465885376
30,40,2.7420039212605114
30,41,2.7299013833220798
30,42,2.695680780940191
30,43,2.584785875505314
30,44,2.658498386673131
30,45,2.614326402487008
30,46,2.6172742527781607
30,47,2.6680275287072934
30,48,2.6439910886815237
30,49,2.5761041114428
30,50,2.4053265524880674
30,51,2.560292172723214
30,52,2.5244140028286473
30,53,2.6184532063369397
30,54,2.5490025579460256
30,55,2.602567158667284
30,56,2.6293490525933585
30,57,2.8892443931440357
30,58,2.6916243675652516
30,59,2.690523621162924
30,60,2.566408684852101
30,61,2.717793398777941
30,62,2.601291973472508
30,63,2.585095852130671
30,64,2.5053958563575
30,65,2.6051539602178693
30,66,2.6707337480485873
30,67,2.561769625126095
30,68,2.476157439489986
30,69,2.8802425722697547
30,70,2.8549751444164593
30,71,2.779430828088064
30,72,2.4826474325577195
30,73,2.6637271577654436
30,74,2.587488617835332
30,75,2.6113919652141666
30,76,2.629830246652705
30,77,2.5999451991884794
30,78,2.6718698793751767
30,79,2.6623279121615737
30,80,2.5641253066669707
30,81,2.807109032357461
30,82,2.610938052519014
30,83,2.703052941740089
30,84,2.6493178401062822
30,85,2.8154754161667146
30,86,2.670211202987004
30,87,2.629032906289098
30,88,2.8872718058669165
30,89,2.5640074484290203
30,90,2.709790441063578
30,91,2.770292267809156
30,92,2.520152766423147
30,93,2.636469550940311
30,94,2.6528382522213723
30,95,2.6431630229444005
30,96,2.6716451706634508
30,97,2.4987861728049343
30,98,2.734403073559091
30,99,2.688426024670535
30,100,2.7059292000474824
30,101,2.6461349847152924
30,102,2.6481752871777866
30,103,2.5485303329246825
30,104,2.8045640241402485
30,105,2.498954880481775
30,106,2.630637465147448
30,107,2.568492053432682
30,108,2.6104992278075954
30,109,2.5948365975015366
30,110,2.5860059386978547
30,111,2.603718481503717
30,112,2.6400341750283447
30,113,2.5704479123284663
30,114,2.5540340125765364
30,115,2.644273573333984
30,116,3.7368125401632835
30,117,2.6412039568765002
30,118,2.7078647232929742
30,119,2.589611110208616
30,120,2.5855842775142874
30,121,2.83692481306721
30,122,2.5270956786964733
30,123,2.6189177240877957
30,124,2.5773158067162765
30,125,3.7060936288479733
30,126,2.7051131482975306
30,127,2.6846137310680644
30,128,2.6031648517225148
30,129,2.694642891008037
30,130,2.5485213839787857
30,131,2.8322711993816636
30,132,2.634578675007474
30,133,2.4559525884094864
30,134,2.856017168447318
30,135,2.7821373569373646
30,136,2.563548588966529
30,137,2.4985835043875726
30,138,2.5811348256948667
30,139,2.644366175199674
30,140,2.538191935311907
30,141,2.71567341204896
30,142,2.6568814623323167
30,143,2.721115625147816
30,144,2.7118789928823595
30,145,2.5017221485254604
30,146,2.7556881188731923
30,147,2.486855182134011
30,148,2.6092697468363215
30,149,2.5691788559138877
30,150,2.684957232575205
30,151,2.4725488094814927
30,152,2.7216899087407995
30,153,2.779228059071645
30,154,2.6599869589849905
30,155,2.759891229467813
30,156,2.5241004203745296
30,157,2.650294123491045
30,158,2.5968986119161936
30,159,2.5426919909189807
30,160,2.5336691503455997
30,161,2.602661164312679
30,162,2.5383270726932605
30,163,2.5613330097674587
30,164,2.708685903222663
30,165,2.782240136809035
30,166,2.864777496232334
30,167,2.700836613139897
30,168,2.4578929682114263
30,169,2.8079049790524615
30,170,2.4800493659448613
30,171,2.5042586223714753
30,172,2.6745991344712587
30,173,2.824807312033677
30,174,2.572831278681619
30,175,2.631913175592673
30,176,2.676277671796168
30,177,2.595745130456081
30,178,2.8153533877696892
30,179,2.8308284038965295
30,180,2.57966092120923
30,181,2.644231935617539
30,182,2.5214208219171907
30,183,2.6755167030680194
30,184,2.698017124858116
30,185,3.0311137974916926
30,186,2.5977926969710436
30,187,2.7049230414754177
30,188,2.6386891507935095
30,189,2.6809168962902166
30,190,2.523052167063551
30,191,2.583007548443435
30,192,2.59216772140657
30,193,2.8135996088646316
30,194,2.6299641728424668
30,195,2.6695840488555866
30,196,2.482834819115018
30,197,2.956266164711423
30,198,2.539177993123328
30,199,2.609974301606319
30,200,2.6575847843210356
30,201,2.5999832722336302
30,202,2.9006242246795955
30,203,2.4326580907025592
30,204,2.5250726258141203
30,205,2.9118575884183637
30,206,2.6721744907369276
30,207,2.648027563673101
30,208,2.6613708081279968
30,209,2.6514262045886294
30,210,2.769386056820369
30,211,2.669065779994622
30,212,2.6193026619176814
30,213,2.567190266881164
30,214,2.8226826284862034
30,215,2.874531554711937
30,216,2.5591732152244235
30,217,2.6347181132903725
30,218,2.843666555207132
30,219,2.4848072824049634
30,220,2.8839344763091868
30,221,2.596270873217149
30,222,2.7522061737538643
30,223,2.7678801644202626
30,224,2.811343219983745
30,225,2.8274112507938356
30,226,2.6739692401252437
30,227,2.639873464273769
30,228,2.62491275158816
30,229,2.7445508943142403
30,230,2.864448172532755
30,231,2.583810812150163
30,232,2.6498863329242255
30,233,2.666464959200387
30,234,2.7360991605875906
30,235,2.5644354960354674
30,236,2.4901312757467275
30,237,2.6691621449078893
30,238,2.9439900677498114
30,239,2.676535461848172
30,240,2.6134527331000883
30,241,2.5779134579840366
30,242,2.497684167255966
30,243,2.641540387548578
30,244,3.2286648458264717
30,245,2.5160465520104234
30,246,2.7220157317524665
30,247,2.508187228180688
30,248,2.538568130955541
30,249,2.6146711595758396
30,250,2.587408635638181
30,251,2.4863055220027817
30,252,2.8548335553978017
30,253,2.766690790746294
30,254,2.8348642399919273
30,255,2.57783839057204
30,256,2.7204545994439786
30,257,2.579922048608111
30,258,2.8210226448052564
30,259,2.5542868090727877
30,260,2.635825387410435
30,261,2.6213067886286967
30,262,2.54484465596567
30,263,2.7215303240634765
30,264,2.5796718128156937
30,265,2.528361827978179
30,266,2.7102252183915683
30,267,2.685588238921424
30,268,2.754104859838015
30,269,2.728578678099157
30,270,2.644098325075639
30,271,2.6715890261178865
30,272,2.689545333875275
30,273,2.644389880624999
30,274,2.610063598360567
30,275,2.697608663920985
30,276,2.8139074883803272
30,277,2.608422039818679
30,278,2.7636750831679873
30,279,2.4361167770097643
30,280,2.5276480885605643
30,281,2.711857103902383
30,282,2.5687108062840727
30,283,2.568325488867601
30,284,2.848828351548954
30,285,2.55578742303921
30,286,2.767097649853666
30,287,2.6238683400226526
30,288,2.5078755176120544
30,289,2.695271884794033
30,290,2.4782197446517156
30,291,2.731157107460185
30,292,2.6356622195993857
30,293,2.577829021046251
30,294,2.671047770807981
30,295,2.7142156014889074
30,296,2.736096731057219
30,297,2.56629183390495
30,298,2.635924998999011
30,299,2.4892808175603407
30,300,2.5357099536353753
30,301,2.5866201212190574
30,302,2.6229492169879696
30,303,2.7847719984567068
30,304,2.544215442796032
30,305,2.6177832811790305
30,306,2.7361963010921238
30,307,2.6108627193658296
30,308,2.6609875886594474
30,309,2.688612922066066
30,310,2.5883844772454854
30,311,2.8278283576084444
30,312,2.6305287387959586
30,313,2.590298293353055
30,314,2.4438573881806858
30,315,2.6514521256295773
30,316,2.5905765091584163
30,317,2.5771107757331166
30,318,2.5020839960419456
30,319,3.468748404701736
30,320,2.6764046867744815
30,321,2.935618737676921
30,322,2.5586524118411242
30,323,2.6020303501335285
30,324,2.577069283822645
30,325,2.47584361151382
30,326,2.6282253848496575
30,327,2.6223132974352272
30,328,2.6263456447322184
30,329,2.656131647004505
30,330,2.5934435962090854
30,331,2.7591657942024197
30,332,2.940663210824511
30,333,2.5578531608129427
30,334,2.6534486040264467
30,335,2.635969153906256
30,336,2.715257372401712
30,337,2.6732944781584185
30,338,2.679417425059749
30,339,2.5404884551888207
30,340,2.6850282285150193
30,341,2.7525626016335125
30,342,2.6796413693127623
30,343,2.5703957096701195
30,344,2.666953138932031
30,345,2.7131894089749045
30,346,2.661795240402576
30,347,2.573999078779331
30,348,2.9783285808400244
30,349,3.0191463491962236
30,350,2.702914784967674
30,351,2.5180366910416945
30,352,2.6981480513819465
30,353,2.875163678873267
30,354,2.5853291169126855
30,355,2.6146755045392496
30,356,2.5464200059752775
30,357,2.779040167538778
30,358,2.787430464985078
30,359,2.6068173130040715
30,360,2.544396495215624
30,361,2.580663091283016
30,362,2.6144236614001835
30,363,2.662207601157963
30,364,2.719717793883958
30,365,2.562495850328238
30,366,2.676142492599423
30,367,2.9363952345379176
30,368,2.565649762486404
30,369,2.564531944394201
30,370,2.6153550597731527
30,371,2.6664950090646804
30,372,2.449446212118699
30,373,2.7462982159669607
30,374,2.594501243736522
30,375,2.710697464995567
30,376,2.702181114771727
30,377,2.728433594639594
30,378,2.9603530098088595
30,379,2.611017422005642
30,380,2.5889199006948136
30,381,2.483679175890287
30,382,2.631002280328189
30,383,2.595466238885719
30,384,2.731596858942172
30,385,2.7574122008429502
30,386,2.6303129463557293
30,387,2.667326954131782
30,388,2.880682260071266
30,389,2.5941718035881203
30,390,2.6299950005244903
30,391,2.5787384787611782
30,392,2.6802138576555143
30,393,2.639064783131046
30,394,2.835966800129392
30,395,2.605037003798064
30,396,2.6146475806641827
30,397,2.556144856679586
30,398,2.516490931650003
30,399,2.587319130157211
30,400,2.6335209004218716
30,401,2.6388799532972587
30,402,2.8122934629167067
30,403,2.502237406572498
30,404,2.5865735080963357
30,405,2.7481166833043456
30,406,2.8186889788629066
30,407,2.785992169840845
30,408,2.5686085712556506
30,409,2.711604299084358
30,410,2.664158354523598
30,411,2.653674604810958
30,412,2.6159499545641425
30,413,2.672897443627722
30,414,2.6652629466254365
30,415,2.5168596246733514
30,416,2.5157253491198364
30,417,2.6829857541059003
30,418,2.6250963459927625
30,419,3.649773471785305
30,420,2.5325109310729954
30,421,2.6860937334000288
30,422,2.8838945271812295
30,423,2.6567563440661632
30,424,2.721967171630264
30,425,2.599741740865892
30,426,2.738960101902981
30,427,2.7307436331077555
30,428,2.8425048345581807
30,429,2.5723244662645577
30,430,2.7152586885499903
30,431,2.5340576606682492
30,432,2.591708465783794
30,433,2.6553810785563075
30,434,2.5384975593922112
30,435,2.8111535370627467
30,436,2.846270464343504
30,437,2.6195073377448423
30,438,2.7095347810326365
30,439,2.68499591845445
30,440,2.664215115888642
30,441,2.56943050728049
30,442,2.8139832192185184
30,443,2.598931867065926
30,444,2.537423419371836
30,445,2.6086066809526938
30,446,2.646570216151161
30,447,2.6443722863266386
30,448,2.7369697426565796
30,449,2.688440875552372
30,450,2.9023406659359794
30,451,2.6598394116331523
30,452,2.668978742504263
30,453,2.716699931763784
30,454,2.5778779502946154
30,455,2.4706152428708714
30,456,2.684144281086195
30,457,2.5980994237751838
30,458,2.642489355872005
30,459,2.5973643064288834
30,460,2.704312914548955
30,461,2.65112908966033
30,462,2.6259317576449885
30,463,2.573582371596486
30,464,2.702878964316358
30,465,2.5665655443184647
30,466,2.5952216401199646
30,467,2.650540453251919
30,468,2.809154875805046
30,469,2.8054951933543517
30,470,2.891820052547479
30,471,3.0365116746130583
30,472,2.657958589581834
30,473,2.6107072286090216
30,474,2.733736994442211
30,475,2.612363953331587
30,476,2.5250670632371324
30,477,2.4726643689989403
30,478,2.518308346753022
30,479,2.6384684954800415
30,480,2.9773711693035785
30,481,2.5918904473009006
30,482,2.5767278220584773
30,483,2.8303677321477574
30,484,2.7608784593599394
30,485,2.5627694243138106
30,486,2.56835322779732
30,487,2.8775049090058187
30,488,2.6394423613227214
30,489,2.5454307725409793
30,490,2.8093933125972996
30,491,2.703329365079044
30,492,2.832845480013094
30,493,2.6618668256338682
30,494,2.5527501393431904
30,495,2.7352124125424275
30,496,2.6754654445312682
30,497,2.693760669475995
30,498,2.654713519040818
30,499,2.5743409037765366
40,0,2.5950155639107972
40,1,2.5213687562721825
40,2,2.6684255023741286
40,3,2.7869490165778763
40,4,2.5873497532329983
40,5,2.7191515107941857
40,6,2.5967335668974223
40,7,3.053386708306284
40,8,2.5122652473012983
40,9,2.5971389489790373
40,10,2.8675107518563494
40,11,2.589313268330042
40,12,2.6612196520246005
40,13,2.580479892820497
40,14,2.5565172478697855
40,15,2.570453209339092
40,16,2.476692691121984
40,17,2.776538938021846
40,18,2.7148907332019654
40,19,2.573769590882101
40,20,2.6746481594064595
40,21,2.7427274407611186
40,22,2.5796070553815493
40,23,3.005219311630047
40,24,2.7411331390508438
40,25,2.533208760003002
40,26,2.7735194596288553
40,27,2.618006844081315
40,28,2.5959957319439724
40,29,2.5384189151156322
40,30,2.6622354369744747
40,31,2.626231269585325
40,32,2.7035445992009626
40,33,2.644181056768431
40,34,2.9387928742688825
40,35,2.6780432932730642
40,36,2.4557964770101433
40,37,2.633788753635488
40,38,2.744851330437098
40,39,2.5137485104198465
40,40,2.971893959898505
40,41,2.798635582109518
40,42,2.7342867914002427
40,43,2.7557136141896232
40,44,2.7833273236834892
40,45,2.618387894226736
40,46,2.6852684689888484
40,47,2.626539772759469
40,48,2.5944728921881968
40,49,2.6551544345151155
40,50,2.630631340800461
40,51,2.6461480260964207
40,52,2.662236140119283
40,53,2.731104823443911
40,54,2.5867737821783297
40,55,2.5613098397794087
40,56,2.5659169632390135
40,57,3.005259100510287
40,58,2.60938915260471
40,59,3.6209295845904492
40,60,2.75747438128824
40,61,2.632278297116426
40,62,2.757708913615473
40,63,2.7270235291363187
40,64,2.588040954493601
40,65,2.5708932541575433
40,66,2.866714336090523
40,67,2.70006240308838
40,68,2.47273583485129
40,69,2.6460202238133914
40,70,2.6492750516948065
40,71,2.619435065849613
40,72,2.7081426319974713
40,73,2.4843679951125246
40,74,2.99572192964696
40,75,2.558653842894555
40,76,3.615556148629517
40,77,2.65206504492187
40,78,2.5476707246740657
40,79,2.585866866155344
40,80,2.43313797375761
40,81,2.5997308234209995
40,82,2.77142438971783
40,83,2.909931430347396
40,84,3.0119399813846974
40,85,2.563724072006182
40,86,2.8818685688341263
40,87,2.5123797344247367
40,88,2.57162736261352
40,89,2.916776363757545
40,90,2.868381828821111
40,91,2.6462892235499704
40,92,2.963327507919219
40,93,2.804536401829657
40,94,2.6483908415913366
40,95,2.6605557486354567
40,96,2.506732999516349
40,97,2.8312474047420597
40,98,2.554603684968345
40,99,2.653254129106621
40,100,2.640349397581722
40,101,3.04890823738188
40,102,3.26703178418804
40,103,2.5856038391622116
40,104,2.810452375285637
40,105,2.584663548869584
40,106,2.5699471318434925
40,107,2.726751956928989
40,108,2.7504725584044083
40,109,2.5368068388655876
40,110,2.806176562142693
40,111,2.59008165170792
40,112,2.6940962976049754
40,113,2.668591806143613
40,114,2.727654885930776
40,115,2.5051374612211514
40,116,2.9363640968267464
40,117,3.149765902812043
40,118,2.5375539615780807
40,119,3.198660752152094
40,120,2.4272813288316
40,121,2.710707302149456
40,122,2.6778641306207387
40,123,2.6542917394204064
40,124,2.4758570338568866
40,125,2.532478662886232
40,126,2.8536045283802225
40,127,2.8868737012289754
40,128,2.77598956829206
40,129,2.5675949619103005
40,130,2.474883171035954
40,131,2.655625640958787
40,132,2.7517132516314993
40,133,2.5576447623244394
40,134,3.007606740858314
40,135,2.6246041337850494
40,136,2.88510111528369
40,137,2.8585190613584537
40,138,2.758391191198812
40,139,2.6147223424617123
40,140,2.5198953977630367
40,141,2.561381563892212
40,142,2.554015382981521
40,143,2.9007666788438082
40,144,2.593485854928953
40,145,3.0273698408006093
40,146,2.758477613202679
40,147,2.556634324047669
40,148,2.866743043835865
40,149,2.7603900783073088
40,150,2.675914778306199
40,151,2.5479192202657495
40,152,2.6213145801833018
40,153,2.5910643889009424
40,154,2.6068924113475425
40,155,2.6640224991608905
40,156,2.6335430724964377
40,157,2.556139980950528
40,158,2.467524128129856
40,159,2.7464354790945227
40,160,3.0269443518499246
40,161,2.6164579975047904
40,162,2.894211549398346
40,163,2.9389503860314954
40,164,2.6910644692670638
40,165,2.641298680271808
40,166,2.5700006557096695
40,167,2.4433415939985546
40,168,2.8557522383402216
40,169,2.7603052905535153
40,170,2.7985708611638658
40,171,2.7933650089430015
40,172,2.8244423539015067
40,173,2.585247368558721
40,174,2.5256590260456777
40,175,2.845968729954633
40,176,3.0761109407240683
40,177,2.5796965205408897
40,178,2.5863825859905853
40,179,2.883620583990733
40,180,2.5027930031356673
40,181,2.7780073535740093
40,182,2.7687064099813785
40,183,2.5171229998072095
40,184,2.619305651088185
40,185,2.8178816555962016
40,186,2.5911640319950626
40,187,2.684969904351382
40,188,2.580683865481681
40,189,2.632932971365866
40,190,2.464422802691489
40,191,2.5340170262757233
40,192,2.629341609300359
40,193,2.7475501963990494
40,194,2.444546697619483
40,195,3.0914788578743333
40,196,3.693977795594063
40,197,2.697546185716146
40,198,2.598466587000535
40,199,2.5275382300974307
40,200,2.542919102956259
40,201,2.515489226936359
40,202,2.477013206339623
40,203,2.77873610626689
40,204,2.720112912623522
40,205,2.485019925105655
40,206,2.7493873280805965
40,207,2.6063500372271493
40,208,3.633946309689808
40,209,2.7079582331303045
40,210,2.603774552318984
40,211,2.495361343386546
40,212,2.513028386180098
40,213,2.5567382610053397
40,214,2.517729275534631
40,215,3.432008827484134
40,216,2.7437612451664894
40,217,2.6532003690040558
40,218,2.529439215715068
40,219,2.5151695942114953
40,220,2.722413273003919
40,221,2.666383219737269
40,222,2.748884661627187
40,223,2.5864846866073217
40,224,3.759589443039411
40,225,2.662891951511105
40,226,2.7803251795133024
40,227,2.5842166487776193
40,228,2.669329379729349
40,229,2.7464513321901114
40,230,2.6808840064431827
40,231,2.8605928193977816
40,232,2.736790973080783
40,233,2.5855483596011952
40,234,2.6299595702772702
40,235,2.3691051447243185
40,236,3.743831091553123
40,237,2.6601269780483294
40,238,2.815182264805681
40,239,2.704992338114051
40,240,2.7458031034205628
40,241,2.6144549257020353
40,242,2.9093675733444413
40,243,2.7194145183755594
40,244,2.6456319356695426
40,245,2.7011742853951115
40,246,2.840931474256671
40,247,2.6101025608115704
40,248,2.7450063517270786
40,249,2.737273061589455
40,250,2.7133274339276405
40,251,2.645748940967424
40,252,2.5586258674565148
40,253,2.512035017594037
40,254,2.763275635387099
40,255,2.5425965253436087
40,256,2.54344582254339
40,257,2.6454276661804847
40,258,2.698697352223137
40,259,2.4798003655692904
40,260,2.5640153419311744
40,261,2.5794733912347265
40,262,2.975833660217594
40,263,2.628204044284762
40,264,2.7504409006948416
40,265,2.567813858970611
40,266,2.595202355323736
40,267,2.5660851314269393
40,268,2.491214026576241
40,269,2.762350821328564
40,270,2.6509173576861476
40,271,2.681213306759483
40,272,2.6796692334771683
40,273,2.6587625394112515
40,274,2.6018877086786834
40,275,2.7818612484658627
40,276,2.911257785295451
40,277,2.610615772636918
40,278,2.5660450276600897
40,279,2.661085533994292
40,280,2.6301107783479027
40,281,2.549662597817238
40,282,2.83259369590927
40,283,2.7469830986660297
40,284,2.6317878370196355
40,285,2.5088372285382907
40,286,2.7469737331045607
40,287,2.675516604624611
40,288,2.559859858529546
40,289,2.6273560144949477
40,290,2.5829465831030647
40,291,2.64394537513402
40,292,2.6065592363297045
40,293,2.822136733028491
40,294,2.764682257095494
40,295,2.5432953282623436
40,296,2.6061214498182617
40,297,2.6151345253667957
40,298,2.6611547039327332
40,299,2.724416591992311
40,300,2.6718164098942836
40,301,2.6004199942482065
40,302,2.709345276536863
40,303,2.545064682334231
40,304,2.9252440717905537
40,305,2.757022404925061
40,306,2.7927639112869715
40,307,2.6675398860664976
40,308,2.7487823245607763
40,309,2.7572758027188344
40,310,2.5392732500976805
40,311,3.066210684307506
40,312,2.6707352123541654
40,313,2.621413036151407
40,314,2.9873898952062765
40,315,2.558362309238656
40,316,2.6164977218594156
40,317,2.616567495705454
40,318,2.6328299457415456
40,319,2.8218153020612466
40,320,2.7301668852085146
40,321,2.6059345647682943
40,322,2.7570502902019367
40,323,2.6089911151896756
40,324,2.6716251939464817
40,325,2.7886222893914887
40,326,2.750510321766729
40,327,2.521551959018984
40,328,2.914651030447578
40,329,2.506381507527941
40,330,2.584754821259552
40,331,2.668398403571526
40,332,2.560485046428178
40,333,2.5276863856722347
40,334,2.603129538899502
40,335,2.786135164765668
40,336,2.6406012745330796
40,337,2.978734403041676
40,338,2.5146746002607343
40,339,2.5470550999266033
40,340,2.8451725947369124
40,341,2.7053554371254194
40,342,2.528419985571986
40,343,2.7795300763657864
40,344,3.2299736628858198
40,345,2.538138622078428
40,346,2.5154216645168783
40,347,3.0539346171760284
40,348,2.8312907904318942
40,349,2.5841924201568762
40,350,2.484351511902233
40,351,2.6133520551960965
40,352,2.9396077568293935
40,353,2.61918880045166
40,354,3.078153160385948
40,355,2.5163891850527964
40,356,2.6359842886963287
40,357,2.6278964465273926
40,358,2.674891169212492
40,359,2.6724798123153377
40,360,2.73681229016603
40,361,2.602454876551402
40,362,2.889428017302037
40,363,2.747566771376078
40,364,2.56560404595785
40,365,2.60781477192171
40,366,2.6463338311514635
40,367,2.753832967145337
40,368,2.4748845931663186
40,369,2.9703002875534965
40,370,2.5120422834194946
40,371,2.6080083121759405
40,372,2.6189494227212426
40,373,3.2852891864165694
40,374,2.550260844422282
40,375,2.7463925406714753
40,376,2.820761112934776
40,377,2.879623091373634
40,378,2.574495917018325
40,379,2.7336858067991963
40,380,2.535020253656911
40,381,2.89036872967369
40,382,2.686166690119611
40,383,2.762358974471167
40,384,2.5035877766253165
40,385,2.537021762326439
40,386,2.620081079186742
40,387,2.7374626283440127
40,388,2.8475426397265307
40,389,2.7100309808702367
40,390,2.6912248029560164
40,391,2.964884745182468
40,392,2.543922554745496
40,393,2.6455873819340257
40,394,2.536217475127415
40,395,2.5319130006433253
40,396,2.764693343068308
40,397,2.5017087465064405
40,398,2.6850637722847366
40,399,2.6798151233968883
40,400,2.813153519295043
40,401,2.775471200586653
40,402,2.733506206718097
40,403,2.908120727071734
40,404,2.6187622397268977
40,405,2.7668435026448286
40,406,2.98888423408875
40,407,2.8307774405347046
40,408,2.817744777266255
40,409,2.6278518490010634
40,410,2.641866891973801
40,411,2.817786930637557
40,412,2.5653842752137286
40,413,2.674677096198794
40,414,2.636303905636003
40,415,2.7557979170163485
40,416,2.665860622154905
40,417,2.6818361677918783
40,418,2.774024081311661
40,419,2.7295933714023017
40,420,2.991884467221991
40,421,2.586571382260955
40,422,2.6345728296568613
40,423,2.8656144976632536
40,424,2.7269698287340547
40,425,2.6021911122778927
40,426,2.659007961294563
40,427,2.5405878859227604
40,428,2.525831454464855
40,429,2.6055294463688536
40,430,2.6070005893081216
40,431,2.6612903904803358
40,432,2.8081271549674067
40,433,2.7660310745065764
40,434,2.931927769602008
40,435,2.5709651903259028
40,436,2.545826056380297
40,437,2.753406533783819
40,438,2.5236887806566246
40,439,2.58450166303586
40,440,2.610465141749005
40,441,3.0406659204745936
40,442,2.9318863842897027
40,443,2.8166857324203236
40,444,2.4239619959553504
40,445,3.0583103956738698
40,446,2.6731313492546165
40,447,2.6127439288824865
40,448,2.694363419413657
40,449,2.6630023887737067
40,450,2.9304157558053667
40,451,2.5139338954431865
40,452,2.6168263590226477
40,453,2.6797645479360703
40,454,2.7527839899302675
40,455,2.7272427736489218
40,456,2.673634047587748
40,457,2.6258829250903744
40,458,2.7941771709838776
40,459,2.563853148158213
40,460,2.910647804077809
40,461,2.3993067188195387
40,462,2.6502145625775837
40,463,2.575695228554972
40,464,2.7754463044508
40,465,2.4729208090344774
40,466,2.6519200902741713
40,467,2.6251541981440907
40,468,2.658677246787397
40,469,2.6733239746183846
40,470,2.544647091109036
40,471,2.610267955141065
40,472,2.67952009013672
40,473,2.6314880537538112
40,474,2.748964319057467
40,475,2.5676568734552085
40,476,2.571844004884951
40,477,3.0923379050407274
40,478,2.6203512961636144
40,479,2.7842354953724655
40,480,2.6068445857217584
40,481,2.68834671966082
40,482,2.551813076610113
40,483,2.7054204299903963
40,484,2.767528496097964
40,485,2.734135791749418
40,486,2.6347478370451007
40,487,2.983746417919076
40,488,2.649689442834624
40,489,3.8919042568261992
40,490,2.562155078788889
40,491,2.6806212176638105
40,492,2.525628216338024
40,493,2.6143476377562394
40,494,2.830509904521802
40,495,2.7340001825139955
40,496,2.6311758362427415
40,497,3.077097353429742
40,498,2.8065936952420194
40,499,2.941852911866362
50,0,2.7973585017497107
50,1,2.782827466557295
50,2,2.7224558552321474
50,3,2.603152651631009
50,4,2.6320950124641422
50,5,2.893122397606117
50,6,2.7101770992895307
50,7,2.63260420296453
50,8,2.6574372627332914
50,9,2.5419464234564075
50,10,2.8474247734000393
50,11,2.833903290295928
50,12,2.7786700839670826
50,13,2.6708733032562506
50,14,3.5158475885404212
50,15,2.7957672098306157
50,16,2.836758203877702
50,17,3.7563684217442326
50,18,3.1059907149872275
50,19,2.795896700911891
50,20,2.7718855065080565
50,21,2.5917216575595736
50,22,2.647189164547076
50,23,2.917184681540447
50,24,2.591482835587334
50,25,2.66247188690855
50,26,2.65935313417551
50,27,2.7665902701091345
50,28,2.627257693714276
50,29,2.6036782257270437
50,30,2.519946002023092
50,31,2.7325668961188403
50,32,2.7561210376957885
50,33,3.075625612697353
50,34,2.6793889093555774
50,35,2.6197283689831834
50,36,3.0150905219326307
50,37,2.7215521459503207
50,38,2.5607706342393772
50,39,2.80373278026525
50,40,2.6432520844755754
50,41,2.556796531353131
50,42,2.8349761587763807
50,43,2.9265699211570504
50,44,2.9018046867189025
50,45,3.021639486869698
50,46,2.784622733740056
50,47,2.936266306558059
50,48,2.611178566756214
50,49,2.9657573964945456
50,50,2.712011493013151
50,51,2.748319373585989
50,52,2.8190133064070166
50,53,2.7638735598813704
50,54,3.51590468460883
50,55,2.5003149990457234
50,56,2.6931073027011565
50,57,2.8170510766357446
50,58,2.7399838788633435
50,59,3.0088540802962624
50,60,2.4722703386119127
50,61,2.687769514643909
50,62,2.814886186555078
50,63,2.7653783654771624
50,64,2.5308547616032158
50,65,2.5061143987587196
50,66,2.8915516678007958
50,67,2.646074408583254
50,68,2.8109816230959086
50,69,3.5448094202538813
50,70,3.137907302726406
50,71,2.6704814420916945
50,72,2.69138722887339
50,73,2.620314480798684
50,74,2.6065929427129015
50,75,2.9140447232570077
50,76,2.9083724259735044
50,77,3.272163761275916
50,78,2.453106240070142
50,79,2.677803558809569
50,80,3.1958784583181985
50,81,2.8231432758778228
50,82,3.0174920718095364
50,83,2.6946555942146952
50,84,2.530073692273171
50,85,2.652249980060689
50,86,2.7106534364242654
50,87,2.8795362027975977
50,88,2.568419372772834
50,89,2.8058697226814258
50,90,3.015908269966172
50,91,2.5898620554457197
50,92,3.6623807564731954
50,93,2.7311991466026107
50,94,2.678878498522719
50,95,3.0808965521162883
50,96,2.7981049834914904
50,97,2.7725771346858274
50,98,2.693730390390527
50,99,2.870614453856653
50,100,2.670019882077334
50,101,2.537808073472079
50,102,3.1989823114817386
50,103,3.150028819729251
50,104,2.772329483831448
50,105,2.6570462512256903
50,106,2.668440225671466
50,107,2.556768979711654
50,108,2.8690687994101363
50,109,2.625714015887791
50,110,2.8023025746649757
50,111,3.2432645867276215
50,112,2.9220103453049173
50,113,2.7635268262496893
50,114,2.9229538693641643
50,115,3.171559094148317
50,116,3.115932780522514
50,117,2.772369911388066
50,118,2.801993178743074
50,119,2.819747556704733
50,120,2.5193362523292557
50,121,2.8457162033725063
50,122,2.603697381548361
50,123,3.3411678421364774
50,124,2.87550994849122
50,125,2.99902911866172
50,126,2.629204909149455
50,127,2.6842033205551457
50,128,3.16721113520933
50,129,2.718253177467312
50,130,2.8845753827417737
50,131,2.52681914604955
50,132,2.9918988626278407
50,133,2.8599913762486153
50,134,3.40528981118474
50,135,3.1378801764882835
50,136,2.56154911247528
50,137,2.577114535684496
50,138,3.2475570343443554
50,139,4.0467059219070975
50,140,2.811111620003032
50,141,3.064626290404439
50,142,2.666107106460144
50,143,2.93070187591186
50,144,3.9109602137716886
50,145,2.7574637803208906
50,146,3.2320348567419206
50,147,2.6289226207921694
50,148,3.05191034013813
50,149,2.693824882510064
50,150,3.114618311734581
50,151,2.864798142891974
50,152,2.585839344691125
50,153,3.0135654389356312
50,154,2.8473242884771937
50,155,2.7400224474587476
50,156,2.859767290815929
50,157,3.2279316448463735
50,158,2.6958275156479194
50,159,2.9572965557783273
50,160,2.6375418561851594
50,161,2.6268937038630606
50,162,2.519040074988313
50,163,2.608316882276677
50,164,3.076924859842267
50,165,2.8391023094190273
50,166,2.854271550901685
50,167,2.57330687376453
50,168,2.760748671140494
50,169,3.003678665416151
50,170,2.5491688587599595
50,171,2.4988056613693255
50,172,2.8830167790482064
50,173,3.0190197070676446
50,174,2.5821748827175495
50,175,3.140700012004763
50,176,2.9932222866561067
50,177,2.7147171646161476
50,178,2.646078876557608
50,179,2.736742671519524
50,180,2.668034824446607
50,181,2.499802389635993
50,182,2.552457251274515
50,183,3.88373535414586
50,184,2.9518795571361465
50,185,2.673684940410403
50,186,2.870267381564485
50,187,2.863820019083945
50,188,2.705331995940298
50,189,2.9273449954604382
50,190,2.9065860523122704
50,191,2.7274761613651624
50,192,2.5848401300044825
50,193,4.072321751754126
50,194,2.8045830739054707
50,195,2.6950815636866636
50,196,2.7123600869928706
50,197,2.523232206403306
50,198,2.892523676463637
50,199,2.5760917804624928
50,200,2.540609836970847
50,201,2.519353589159489
50,202,2.5926555404974945
50,203,2.8184556945036565
50,204,2.78087088259314
50,205,2.7146041484757353
50,206,3.0101954862947626
50,207,2.985505796405411
50,208,2.542557011214657
50,209,3.600472687906972
50,210,3.020949906832813
50,211,3.248017627856365
50,212,2.586426479579227
50,213,2.76402636888964
50,214,2.629308847520287
50,215,2.5883085972601565
50,216,2.6729771064787538
50,217,2.9982264901710223
50,218,2.6466076874011963
50,219,2.5305858819027196
50,220,2.7549867303441125
50,221,2.5721732472663104
50,222,2.7222732196833856
50,223,2.645341013179466
50,224,2.869864877207602
50,225,2.8019995763440444
50,226,2.692334547157867
50,227,2.7346005414514196
50,228,2.673779475294387
50,229,2.538787377334144
50,230,3.0962820422661697
50,231,2.590996248314009
50,232,2.6964368461458275
50,233,3.3522592170816052
50,234,2.923067628890027
50,235,3.089007930270917
50,236,2.8353144669244794
50,237,2.6643785694429134
50,238,2.4684523980265944
50,239,4.604647900414171
50,240,2.554407681001453
50,241,2.6031242820013896
50,242,2.6836827619120003
50,243,2.8825954404076946
50,244,2.5460708205064555
50,245,2.6535842058357355
50,246,2.4791812909778055
50,247,2.7312299265421576
50,248,2.5733267185185245
50,249,2.8547295620853252
50,250,2.6674752977684055
50,251,3.1333307438743114
50,252,2.886537013786616
50,253,3.34308710851603
50,254,2.5090026054982784
50,255,2.9144179258178675
50,256,2.7196594941265064
50,257,2.749945405833026
50,258,2.5919674663415235
50,259,2.5075840790171653
50,260,2.5029012769167185
50,261,3.3223823147167986
50,262,3.0238754476242136
50,263,2.7687462800372757
50,264,2.6589592383533507
50,265,2.7530043318442514
50,266,2.6336984304049778
50,267,2.585603576987401
50,268,2.862438402159923
50,269,2.516766587139574
50,270,2.5388472314351587
50,271,2.5759997265309797
50,272,2.743571557307217
50,273,3.192530605690617
50,274,2.5598843639371025
50,275,2.4652721320068203
50,276,3.1631368865393137
50,277,3.4517592701908573
50,278,2.5974570375632613
50,279,2.8203435131117587
50,280,3.239801389204351
50,281,2.9088096877725804
50,282,2.7428767077966225
50,283,2.5120936422443334
50,284,2.824425360775062
50,285,2.578614051303105
50,286,2.7303915005807267
50,287,2.5804167233620494
50,288,2.7595336651614475
50,289,2.6313607227428455
50,290,2.742889330474378
50,291,2.7447650824702694
50,292,2.77078994819675
50,293,2.7592225469808254
50,294,3.131063335170061
50,295,2.635451340026313
50,296,3.058647135289451
50,297,2.6438254631570755
50,298,2.6779079687832463
50,299,2.6199477269763465
50,300,2.7206984560811915
50,301,2.8743393615842177
50,302,3.2344611161842063
50,303,2.68744164028679
50,304,4.174595531296418
50,305,2.82876137054558
50,306,2.938243514277838
50,307,2.9109239929005963
50,308,3.065481565600491
50,309,2.63398761127664
50,310,2.6859313944865173
50,311,2.5620806412501476
50,312,2.6349180747051695
50,313,2.703335652704979
50,314,3.3180925456730646
50,315,2.5618384200420152
50,316,2.760876858302791
50,317,2.8534696351321656
50,318,2.7862970356707026
50,319,2.8813432051671737
50,320,2.9915102162025695
50,321,3.0329283775397498
50,322,2.5942814898786026
50,323,2.9699918285557807
50,324,2.7915945058403833
50,325,2.852154682385259
50,326,2.5888278100497475
50,327,3.0580699848594732
50,328,2.721158166254351
50,329,2.708718046820161
50,330,2.9949196688625346
50,331,2.7499603039808767
50,332,3.015332574236744
50,333,2.5880047506770323
50,334,3.1097817668356664
50,335,2.625853402895056
50,336,2.711963310596731
50,337,2.6724724414356316
50,338,2.741614685169517
50,339,2.7261740937464167
50,340,5.27323287195301
50,341,2.8193683547364072
50,342,2.590768743975882
50,343,2.944026767326801
50,344,2.670428076355954
50,345,2.768284469198694
50,346,2.572170033187776
50,347,2.673448777965999
50,348,2.843736554906943
50,349,3.553474597214194
50,350,2.7269030431677788
50,351,3.3629545797530644
50,352,3.402804571886941
50,353,2.6517019413063214
50,354,2.7633226179079884
50,355,2.5975256275393845
50,356,2.687711384254993
50,357,2.5926382870881404
50,358,3.329127276645146
50,359,2.678187934728998
50,360,2.8696959186894677
50,361,2.747222439560549
50,362,2.8018164057542907
50,363,2.940599671183453
50,364,2.7228551057442876
50,365,2.5245513261829644
50,366,3.3506968282274836
50,367,2.6780024350777776
50,368,2.6317687340458567
50,369,2.7222560105273406
50,370,2.760141614559178
50,371,2.677890528833284
50,372,2.6908122293885177
50,373,2.6687227485026064
50,374,2.674956858716455
50,375,2.8797465189372513
50,376,3.2674816718257
50,377,2.8466705033758157
50,378,2.5208668450984653
50,379,2.55432805203289
50,380,2.7314541428136194
50,381,2.5523542661163074
50,382,2.7127512203962603
50,383,2.496431698079676
50,384,3.224209870287237
50,385,3.8537105571788435
50,386,3.28377836570939
50,387,3.146705435977148
50,388,3.058719049879487
50,389,2.6010936515768073
50,390,2.6092725061631734
50,391,2.7557338203728023
50,392,2.7145871552355145
50,393,2.7297122610610294
50,394,2.651998371000688
50,395,2.7944703975372587
50,396,2.727519264436203
50,397,2.7462108043748574
50,398,2.720623921565687
50,399,2.6132452360091687
50,400,3.1233908072727012
50,401,3.184130491305463
50,402,2.8382746448256393
50,403,2.6509621858410273
50,404,3.062552960306557
50,405,2.5475024085412015
50,406,2.7035701814731703
50,407,3.0362100024405017
50,408,2.917992010350931
50,409,2.7055441730201064
50,410,2.5870667173644533
50,411,2.9763991191790526
50,412,2.735145816810672
50,413,2.639538466140707
50,414,3.1697819606701527
50,415,2.870452942135998
50,416,2.733290329162079
50,417,2.849595160000663
50,418,2.7792928637097396
50,419,2.715899943925769
50,420,2.9000735947495477
50,421,2.5295311529204487
50,422,2.757315896005905
50,423,3.1292732149013363
50,424,2.9229811305368365
50,425,2.5117799125783713
50,426,3.014025669334636
50,427,2.6732449371835574
50,428,2.507450139408109
50,429,2.678730048492665
50,430,2.990815329191243
50,431,2.7781007023485516
50,432,2.675364133880602
50,433,2.5614931412259976
50,434,2.8088493197818543
50,435,3.5259073248492716
50,436,2.812145122232647
50,437,2.763354290986454
50,438,2.87855383796947
50,439,2.9997497330402396
50,440,3.8131785217681466
50,441,2.4905282233306187
50,442,2.9876489439585794
50,443,2.823227099554679
50,444,2.4946201595220736
50,445,2.7141944685913315
50,446,2.6924001253836414
50,447,2.833136362511581
50,448,2.754832383543729
50,449,3.09715250903641
50,450,2.7188726776739944
50,451,2.5510028462498786
50,452,2.61470268157564
50,453,2.56411751455634
50,454,2.7415297237529086
50,455,2.846770582998711
50,456,2.814623484324424
50,457,2.821786904388664
50,458,2.538671924803832
50,459,2.948829742577385
50,460,2.6046048791208745
50,461,3.072998728186994
50,462,2.7757497101967377
50,463,2.788897221346668
50,464,2.7362814083424936
50,465,2.5636828549118045
50,466,3.0573225071658596
50,467,3.806304302559157
50,468,2.736111773031543
50,469,3.081858215727573
50,470,2.7128489703367267
50,471,2.6029639986768704
50,472,3.056102655381952
50,473,3.2194136974541947
50,474,2.6776324084287686
50,475,3.194990451426288
50,476,2.561903029102342
50,477,2.746324960635386
50,478,2.8959499477758373
50,479,2.8405604167830414
50,480,3.5433479305432067
50,481,2.616194775407897
50,482,2.5521190229134088
50,483,2.989704737197053
50,484,2.6231984920575786
50,485,2.5935188241081137
50,486,2.601988804957278
50,487,2.7066426148251077
50,488,2.8294937223727317
50,489,2.840810431971944
50,490,2.731137837988234
50,491,2.6579332775991498
50,492,3.0557074904430426
50,493,2.8884591959570476
50,494,2.4704162491184545
50,495,2.620944762938147
50,496,2.5084160036092085
50,497,2.620689085966286
50,498,2.8039152296073886
50,499,3.164042481640896
60,0,2.933613780202053
60,1,2.9060599144411836
60,2,2.559796146185539
60,3,2.629764811343778
60,4,3.0151050252831895
60,5,2.6972608452631763
60,6,3.230105250587469
60,7,2.6019377859027855
60,8,2.7319574882208757
60,9,2.8577567096704586
60,10,2.6622857399949975
60,11,2.549856582769458
60,12,2.6059847504980853
60,13,2.8042619667568407
60,14,3.7797359384682006
60,15,4.434508881530602
60,16,2.952437175971889
60,17,2.78925682585672
60,18,2.7742264173282662
60,19,2.8493597997348474
60,20,2.726232806937119
60,21,2.7728083160087897
60,22,2.521958889807976
60,23,2.5337670403142822
60,24,2.962530866506864
60,25,2.487636358716937
60,26,3.0733761604721863
60,27,3.9891404979014204
60,28,2.6843858597472883
60,29,2.947267412159132
60,30,2.852087214914656
60,31,3.32968350986643
60,32,3.3079328797146994
60,33,2.7839971617133745
60,34,3.636418024874018
60,35,2.994724580667704
60,36,3.01859091714422
60,37,2.8428921489780925
60,38,3.048999987202547
60,39,2.650412896961305
60,40,2.544181357010838
60,41,2.472671447841315
60,42,2.552107942706915
60,43,3.005435690831017
60,44,2.9238251080966893
60,45,2.6368681735532253
60,46,3.516773971979491
60,47,3.9651391195912433
60,48,3.1284626894242225
60,49,3.190026156950519
60,50,3.032542366800628
60,51,2.573443986443724
60,52,2.758244252569745
60,53,2.6771317410906685
60,54,2.8484522540718284
60,55,3.2746381196108882
60,56,3.1415953193743307
60,57,3.108653877919342
60,58,3.3002263798602587
60,59,2.5814590828259982
60,60,2.7640946492485616
60,61,2.7910825120301164
60,62,2.514001658725184
60,63,2.6923008920108273
60,64,2.8623856146057682
60,65,2.7554065759114326
60,66,2.717149803612387
60,67,2.6521341749273444
60,68,2.532660474881408
60,69,2.8212437226706246
60,70,2.801757581502785
60,71,2.9031343727899013
60,72,2.4820195457067844
60,73,2.9206634259763398
60,74,2.8579096668874095
60,75,2.6302784979345835
60,76,2.8338814157864998
60,77,3.645645474191402
60,78,2.9635784358644712
60,79,3.1429349356357505
60,80,2.6433393941044137
60,81,2.822616618903169
60,82,2.5634851545497246
60,83,2.8038727152800123
60,84,3.0218619051204474
60,85,2.752478438070263
60,86,3.68196907673864
60,87,2.703315291548012
60,88,2.6131802898596894
60,89,2.9061404291169737
60,90,3.7493624689949603
60,91,2.961455214534116
60,92,3.1449299186298894
60,93,2.8752773598523707
60,94,3.2569566272783734
60,95,2.922346642071528
60,96,3.0993392977698133
60,97,2.929580792970074
60,98,2.776564774268439
60,99,2.6783840475902694
60,100,3.242952606539082
60,101,2.904982159090093
60,102,2.9283609205656984
60,103,3.6258105669103493
60,104,2.5778909367453666
60,105,3.092494011147575
60,106,3.0013879380937194
60,107,2.7946877141982522
60,108,3.1335561700608885
60,109,4.413270102313332
60,110,4.077960161849215
60,111,2.8396967885627316
60,112,2.8115160170785125
60,113,2.8025161893764086
60,114,2.69059696384253
60,115,3.0690261771575202
60,116,2.598712687010242
60,117,2.56541795086922
60,118,2.390823585220711
60,119,2.6976654767793384
60,120,2.844253294396383
60,121,2.593559055692621
60,122,2.724633881322974
60,123,2.5351058692609416
60,124,2.815069215412183
60,125,2.6057368092945006
60,126,2.714348138009203
60,127,2.496759289744787
60,128,2.744413261943343
60,129,4.003767084361738
60,130,3.1280106513905337
60,131,2.810447279135219
60,132,2.930112528669777
60,133,3.361133805151576
60,134,2.8103337154398136
60,135,3.39964333047122
60,136,2.477912755504195
60,137,3.427005858863601
60,138,2.877224164489787
60,139,2.7919356689928287
60,140,3.0375465543222138
60,141,2.70000022184966
60,142,2.5124379220165243
60,143,3.028929363999748
60,144,2.6947820553639064
60,145,2.9360560777653797
60,146,3.2047789505825532
60,147,2.6811722143460286
60,148,3.245345087908689
60,149,2.804069188924457
60,150,2.7215717102390644
60,151,2.8793131363142703
60,152,3.4344008862688087
60,153,3.0130194762259137
60,154,3.717489191868517
60,155,2.6191929231276436
60,156,2.4390939817421486
60,157,3.0242736866219
60,158,2.972643746364812
60,159,3.4771107534825245
60,160,2.6396647515264626
60,161,2.796614773380334
60,162,3.3440677543453194
60,163,2.5916101467384824
60,164,2.6316157440215853
60,165,2.5494947905626937
60,166,2.9617217202598005
60,167,2.9431758436410345
60,168,3.2997223789737316
60,169,2.9630776137165746
60,170,3.8179217933693166
60,171,2.830504075195692
60,172,2.880688171335414
60,173,2.7391948344105628
60,174,2.7866891093133774
60,175,3.0459571581777407
60,176,3.351228790872345
60,177,2.628409005945726
60,178,4.234375420904546
60,179,2.817379523031035
60,180,2.8557555330979048
60,181,4.738663794097176
60,182,2.996489513174821
60,183,2.5357909673171326
60,184,2.8487445726582328
60,185,3.0961849507279893
60,186,2.6533599418226683
60,187,2.587230354974258
60,188,2.513742425971926
60,189,2.823069053235958
60,190,2.559044833787671
60,191,2.8342217539768084
60,192,2.6272216320236326
60,193,3.1560097755073313
60,194,3.4184260102818214
60,195,2.6264950949398274
60,196,2.7939477240212036
60,197,2.9978451400041477
60,198,2.990185020901707
60,199,2.8306427887213013
60,200,2.6832978900384643
60,201,2.679450795295066
60,202,4.013431175597645
60,203,3.074376113977647
60,204,3.914101979354218
60,205,2.525023623489942
60,206,3.7339589360547176
60,207,2.525172912524714
60,208,2.647443269502192
60,209,2.7004285234534717
60,210,2.4649914175627523
60,211,3.114604156429585
60,212,2.954852871250274
60,213,2.604201415494625
60,214,2.9720472370408006
60,215,2.961368117812872
60,216,2.6407877736703016
60,217,2.749869837232184
60,218,2.7657103493448445
60,219,2.6518306149731123
60,220,2.714079034907074
60,221,3.11471786285366
60,222,2.5810426169709833
60,223,2.869018033730848
60,224,2.7956947516882376
60,225,3.130600826660505
60,226,2.717745838208407
60,227,2.763968513879654
60,228,3.096440710417727
60,229,2.5825080413252413
60,230,3.0109515649824665
60,231,2.9537314403877573
60,232,3.057072696490367
60,233,2.952553763685878
60,234,3.41090441235635
60,235,2.6720279105684375
60,236,2.625366858546563
60,237,2.6150554694893673
60,238,2.8271485632659954
60,239,2.6694213958015434
60,240,2.703721632393743
60,241,2.698997405257028
60,242,2.9219124856809864
60,243,3.0066914661469637
60,244,4.117989063677114
60,245,2.6038731578526546
60,246,2.778999270441305
60,247,2.769851598322677
60,248,4.166031937222508
60,249,5.713410227504459
60,250,3.3927393645933894
60,251,3.1084709264329957
60,252,2.844129648204526
60,253,2.5859323645768297
60,254,2.4858259200374633
60,255,2.9067815897625118
60,256,2.6675271265821605
60,257,2.634213339693606
60,258,3.5785521514875844
60,259,2.9898974634248736
60,260,3.0669078074850242
60,261,2.8346555364558004
60,262,5.067623338641354
60,263,2.5091306460084284
60,264,3.0930982952344044
60,265,2.595613197491317
60,266,2.5289962909229926
60,267,3.0881086381285505
60,268,2.820742225481962
60,269,2.431976500556808
60,270,2.8110878877207233
60,271,2.5856371077460216
60,272,3.1009034546461614
60,273,3.2884239644330604
60,274,3.052146855802699
60,275,2.747593877305178
60,276,2.713697562501839
60,277,2.6568246735461294
60,278,2.868653452625863
60,279,2.7628772205549765
60,280,2.9413143070002743
60,281,3.025637215720859
60,282,2.5146898208742154
60,283,2.6933680691261026
60,284,2.876356691913825
60,285,2.799931065221681
60,286,2.675002933286205
60,287,2.6653252300786976
60,288,2.4509086147118775
60,289,3.217591693317535
60,290,2.6682599297444676
60,291,2.6316589050580452
60,292,3.0943398928476116
60,293,3.5500454407603947
60,294,2.6714462109889934
60,295,3.13602183953844
60,296,2.4303301232972774
60,297,2.9902254074931425
60,298,2.7639487537001
60,299,2.611180586318818
60,300,2.8508303704626194
60,301,3.433960890703936
60,302,2.6512059713029843
60,303,2.7993917764525253
60,304,2.9230359014497385
60,305,2.637167481784927
60,306,3.276590430650693
60,307,3.4666410754841928
60,308,2.7578474058853373
60,309,2.972595013943486
60,310,2.69659584345739
60,311,2.9421953148941293
60,312,2.851856824605668
60,313,3.263658826626549
60,314,3.49388881036703
60,315,2.91033377470918
60,316,2.938080337355968
60,317,3.0078689168692945
60,318,2.7781341685100114
60,319,2.6287159331129417
60,320,3.243315110209428
60,321,2.7388872195291842
60,322,3.627315881390865
60,323,2.9700667862180237
60,324,3.1795497788454217
60,325,2.9222900074995053
60,326,2.832421547789844
60,327,2.7221816991722445
60,328,2.8351148414912255
60,329,2.7606278042346233
60,330,2.5447749976286036
60,331,3.7801176987815013
60,332,3.855362238023615
60,333,2.766816650323095
60,334,3.276450030520964
60,335,2.6158170706346024
60,336,2.6270261156524284
60,337,2.6591211731543174
60,338,2.8648275475657528
60,339,2.81436494659967
60,340,2.8128952904668014
60,341,2.757020236698786
60,342,2.570611207870873
60,343,2.626592851109683
60,344,2.700641490946844
60,345,2.516188351624925
60,346,3.0402697195909067
60,347,3.2594923772162114
60,348,2.5834362221642606
60,349,2.470050755221187
60,350,3.0814853219697333
60,351,2.92617983470687
60,352,2.5388748111999493
60,353,3.122396819451662
60,354,2.766175389501775
60,355,2.733262847905009
60,356,2.640504923883959
60,357,2.7300493898536113
60,358,2.8370145433500236
60,359,2.4001709279311774
60,360,2.7745381714051622
60,361,2.928100270650932
60,362,3.4893643397329406
60,363,2.686023297371497
60,364,2.663720316307095
60,365,2.610924906411832
60,366,2.6120995620415903
60,367,2.6427207809274686
60,368,2.680101619203942
60,369,2.5381187839877004
60,370,3.237155066513914
60,371,2.8545737136723055
60,372,2.7992376444952534
60,373,2.4992328249331575
60,374,2.623141207628209
60,375,2.8458964639456674
60,376,2.977828198249789
60,377,2.769696626234935
60,378,3.1389696111557615
60,379,2.76282242649501
60,380,2.8737839709474544
60,381,2.7984240979691744
60,382,3.126450975469458
60,383,2.589748779150904
60,384,3.038066469341188
60,385,2.949754406559536
60,386,3.2162041797320424
60,387,2.81752974790189
60,388,2.5889176813300145
60,389,2.666507570476262
60,390,2.8311343422077346
60,391,3.390454484063318
60,392,3.616347420960717
60,393,2.76842742433516
60,394,2.567497957505344
60,395,2.9125996768182474
60,396,3.8166806012609684
60,397,2.9057193636939833
60,398,2.678069415851094
60,399,3.0169801544018044
60,400,2.9145268526540637
60,401,3.3054459176408
60,402,2.58551348930129
60,403,2.797816670906259
60,404,2.70018097318513
60,405,2.582510969199353
60,406,2.8004945103058687
60,407,4.362656934510256
60,408,2.924219458705266
60,409,2.65550347219012
60,410,2.6129668947087734
60,411,2.8759894831835546
60,412,2.789297042433028
60,413,3.965294980403343
60,414,2.648463890045482
60,415,3.046030438486918
60,416,3.096898390177316
60,417,3.240639203346273
60,418,2.7056549072755467
60,419,2.7114081142969044
60,420,2.7150922480358055
60,421,2.5425742673019043
60,422,2.6966402024168565
60,423,2.7256718392497836
60,424,2.7965537357939807
60,425,3.627481983491104
60,426,3.265111578109998
60,427,2.560584843678196
60,428,2.9867719023243327
60,429,2.642091296996943
60,430,2.944536153481978
60,431,2.5200937565456094
60,432,3.312227795557878
60,433,4.055170654543009
60,434,2.912091476390128
60,435,3.156353967044236
60,436,2.666473688939842
60,437,2.5324095385578116
60,438,4.107838440934286
60,439,3.5905812601689444
60,440,2.690911015114297
60,441,2.8636599581685513
60,442,2.624698291377412
60,443,3.4581919298250563
60,444,2.6545788966478505
60,445,2.901564391254068
60,446,2.5266777203441984
60,447,2.910642579363148
60,448,2.9812724453379875
60,449,2.8449266816173306
60,450,2.818823003611922
60,451,3.4336077617088
60,452,2.698271385795224
60,453,2.846392727337543
60,454,3.533219683954804
60,455,3.131418059064263
60,456,3.2551164750943182
60,457,3.1576202372046955
60,458,2.7405985976955733
60,459,2.551409432420577
60,460,3.3782212250068633
60,461,3.0732925119899663
60,462,2.504107156204808
60,463,2.9471481105560313
60,464,3.58101941148974
60,465,2.76438168246747
60,466,3.2132888337605214
60,467,2.665382781419217
60,468,3.5246652395098415
60,469,2.6767751483435767
60,470,2.603817756113565
60,471,2.8445240680257338
60,472,2.8730162837186293
60,473,3.2298881795261223
60,474,2.5882358125228935
60,475,2.961016564919522
60,476,3.0748101305994715
60,477,2.598829223760711
60,478,2.649575197402033
60,479,2.705431917928816
60,480,2.6040838644004416
60,481,3.321720991041683
60,482,2.636157075984689
60,483,2.886969078381176
60,484,2.5983308631081186
60,485,2.895696974726135
60,486,3.123619298992994
60,487,4.816269312487389
60,488,2.615258628343019
60,489,2.917545097834384
60,490,2.7014681813331607
60,491,2.554729555599146
60,492,3.0425777169482684
60,493,3.282090030536862
60,494,2.5590122889794573
60,495,3.031346011537057
60,496,3.733254296316734
60,497,3.04739992352741
60,498,3.9753892872453673
60,499,2.636791656430059
70,0,4.078241574099651
70,1,2.7082271359673102
70,2,2.798496254402269
70,3,3.385174519144471
70,4,3.545430512855634
70,5,2.5485311591133852
70,6,2.9433741148166184
70,7,4.347823777058705
70,8,3.4468375516235703
70,9,2.950371801410886
70,10,4.4171285453621385
70,11,3.3200570828606986
70,12,2.8461629505582056
70,13,2.9488085949875993
70,14,2.946517636938003
70,15,3.1260328055404005
70,16,3.426734372298475
70,17,2.590725752280077
70,18,3.0081481301555613
70,19,3.1586343061242528
70,20,2.662062317111836
70,21,2.4942224036802467
70,22,2.9767173324478766
70,23,3.7355481194604048
70,24,3.495796009000759
70,25,4.708484474371017
70,26,3.0771444560443397
70,27,2.7410033660609985
70,28,5.221442167539429
70,29,4.627478207093756
70,30,2.631887617498071
70,31,2.891790640365453
70,32,3.6999515614550824
70,33,3.002889776557764
70,34,2.7658211406163637
70,35,3.7893725938903695
70,36,3.146914017860566
70,37,2.8088353244990576
70,38,2.674050515664724
70,39,3.70502189386155
70,40,3.2455630608695163
70,41,2.8608898322844323
70,42,2.8756073593436104
70,43,2.5654348758707544
70,44,3.0082893786048746
70,45,3.9661928150001025
70,46,2.708193054181715
70,47,3.775727409804106
70,48,4.871228521249078
70,49,2.903552584701177
70,50,3.1485689183951244
70,51,3.422063390467646
70,52,2.69421032720846
70,53,3.8154493748009917
70,54,3.059184374438158
70,55,3.0007579741147614
70,56,4.199399790124334
70,57,5.143402884982484
70,58,2.858089506079114
70,59,4.204269487192697
70,60,3.236692588392794
70,61,3.4871048026279974
70,62,2.728122063360977
70,63,2.8113041275003696
70,64,3.0762166493424545
70,65,2.9575465652603334
70,66,3.7564180170835773
70,67,2.8229446773934685
70,68,2.999167974370298
70,69,4.126725006033516
70,70,3.533230299272815
70,71,2.6720007280265916
70,72,4.130200825751314
70,73,2.6515118064355194
70,74,2.933061618481435
70,75,2.503775166354412
70,76,3.1815809006121376
70,77,2.8614165087621295
70,78,2.531961526355065
70,79,2.744860599368221
70,80,2.7012901041575508
70,81,3.629970987798312
70,82,2.852255134400065
70,83,2.62962440026833
70,84,2.594141501379784
70,85,2.580143622170732
70,86,4.912793632137586
70,87,2.772677832571643
70,88,2.6171819528820524
70,89,2.9037609424553716
70,90,2.459592199564327
70,91,3.516093736669662
70,92,4.070589442213705
70,93,3.5452743006832828
70,94,2.5940763048502467
70,95,3.2077423041590363
70,96,2.8313949004482155
70,97,2.8988771546825536
70,98,3.7331558214828444
70,99,3.021234045223835
70,100,3.2476550028521087
70,101,2.478685106784796
70,102,3.725032569917485
70,103,3.021249407697274
70,104,2.8524178151628625
70,105,2.700170857369943
70,106,4.527718425917463
70,107,2.90253360695197
70,108,2.600709947274713
70,109,3.6866057851024143
70,110,2.7505393533617455
70,111,3.2112618114123883
70,112,2.6902135942018095
70,113,2.573004952631721
70,114,2.7346814420959435
70,115,4.279405232036511
70,116,2.9503208023220893
70,117,2.7101527493224733
70,118,3.5154432400282998
70,119,2.740300298118194
70,120,2.972223685910661
70,121,3.401203592658926
70,122,2.7297192931806937
70,123,3.4197336920347032
70,124,2.994980959693177
70,125,2.536744622445168
70,126,2.6853297447435085
70,127,3.49327959849164
70,128,2.882782977477981
70,129,2.9364018321944103
70,130,2.609436111704868
70,131,3.2941673315432634
70,132,3.6185227061817686
70,133,2.9762980692217744
70,134,2.541988965742139
70,135,6.336809193699183
70,136,2.874263673245954
70,137,2.6609530287141605
70,138,3.3064888112156225
70,139,5.214395252361845
70,140,2.6191100333432735
70,141,3.0563332801292704
70,142,2.8133659332041847
70,143,3.9090590902195608
70,144,4.356192823091985
70,145,2.538690886149326
70,146,2.7199503223823847
70,147,2.831599567824131
70,148,3.306854337850407
70,149,4.051435660261646
70,150,2.539419756876005
70,151,2.6642698159468114
70,152,2.8859151779566603
70,153,2.843395238435921
70,154,3.066434234533963
70,155,3.0152638493749424
70,156,3.3268875625592624
70,157,2.9814211306218246
70,158,2.8964465490257623
70,159,3.369826933781307
70,160,2.5553395384901996
70,161,2.5728081946592973
70,162,2.9645620615074715
70,163,3.5177252322927153
70,164,3.0981413319262723
70,165,4.315580193311917
70,166,5.440179816882726
70,167,3.6874476752059815
70,168,2.7351671883870643
70,169,3.419001025133401
70,170,2.8713448203416836
70,171,3.077268743785181
70,172,2.955053330517462
70,173,2.7142059196619583
70,174,3.1854211336401757
70,175,4.207732937776382
70,176,3.671651002736647
70,177,3.389125023146758
70,178,2.9069802687262016
70,179,4.030897032467923
70,180,3.2487852547758433
70,181,3.2387231221898185
70,182,3.353423225924624
70,183,2.702541148634087
70,184,2.8190646221157354
70,185,2.773351863565241
70,186,3.2874272110988154
70,187,3.1025806237574924
70,188,3.144549883536554
70,189,4.055950165434732
70,190,3.108928049380443
70,191,3.70992336350798
70,192,2.669773374543616
70,193,2.5798343438527898
70,194,2.6206323931836377
70,195,3.244406301422629
70,196,4.0918980458859195
70,197,2.85559918527618
70,198,3.1765510686120515
70,199,2.517622821967197
70,200,2.627837075189018
70,201,2.905930914061964
70,202,4.6460094145479855
70,203,3.6889933689484646
70,204,5.903452279848738
70,205,2.6708641111224773
70,206,3.8953210576239456
70,207,3.0764323466152574
70,208,2.9696262886198856
70,209,3.1646685478182075
70,210,5.588241492041246
70,211,3.91612536749613
70,212,4.0022778026098305
70,213,2.9542274749073396
70,214,2.66104242391434
70,215,3.302161259351394
70,216,4.613771501906953
70,217,3.435879003983051
70,218,2.7302287349789878
70,219,3.2030844006094292
70,220,3.4296637226943316
70,221,3.0294056548561428
70,222,2.9021620014917664
70,223,3.0339531694825683
70,224,2.512522950066795
70,225,2.9595063145727862
70,226,2.6931414602031993
70,227,2.7058967336266906
70,228,2.7178798738640966
70,229,2.70970195220233
70,230,3.281597358097445
70,231,3.024258204627836
70,232,2.820605895599749
70,233,2.516747866554422
70,234,3.106446977689624
70,235,2.651730254719328
70,236,7.319317683704131
70,237,4.041087303511477
70,238,4.305026007347781
70,239,3.4622241518860846
70,240,2.859522091731868
70,241,2.991910614345605
70,242,2.7718865009138955
70,243,2.587042369904258
70,244,4.190531307474329
70,245,3.3721309949999974
70,246,5.000944474099554
70,247,3.4510208148563364
70,248,2.6013154412519337
70,249,3.4302108105042253
70,250,2.807499566609755
70,251,3.370387363027556
70,252,2.6176401208499334
70,253,4.0000991589865125
70,254,2.7932123357896654
70,255,2.537858841181679
70,256,3.041758987414961
70,257,4.51800757879097
70,258,2.8607901145184313
70,259,2.7986485352943977
70,260,2.7614783604348196
70,261,2.6042556748923062
70,262,3.301771373198479
70,263,2.6979117604172598
70,264,2.9882144043899994
70,265,2.6874518808167895
70,266,2.886510347010415
70,267,2.6177346008379856
70,268,5.71695961535919
70,269,3.333298561601702
70,270,4.607358635253554
70,271,2.91167530262953
70,272,2.5987791980752384
70,273,3.1337760846245364
70,274,3.8816078326223455
70,275,2.584007702422706
70,276,2.7543180551297355
70,277,4.044440671333936
70,278,3.700148941412766
70,279,3.29597936492805
70,280,3.767766518376047
70,281,3.386850086068517
70,282,3.7648412969579113
70,283,3.382427798175491
70,284,3.241921256768021
70,285,2.6047391577735017
70,286,2.9005416009328773
70,287,2.644004173934078
70,288,3.152866142710368
70,289,2.800304049077703
70,290,3.627866875142898
70,291,4.044261641870235
70,292,3.3986304903259175
70,293,4.053392789436443
70,294,3.732174002805693
70,295,3.303549707831048
70,296,3.999441630639157
70,297,4.308965696713038
70,298,3.1727031384490436
70,299,3.080867992511691
70,300,2.717166265588765
70,301,2.7161307407514834
70,302,2.7951822427716073
70,303,3.895786736458064
70,304,3.8717441466218676
70,305,2.964346599789567
70,306,2.8904738842100777
70,307,2.8439879939792028
70,308,2.936614150800192
70,309,3.634857998841411
70,310,3.88849341649938
70,311,4.1122537461377044
70,312,3.096536122086782
70,313,2.597874788401411
70,314,3.7221529622526384
70,315,4.211590726623582
70,316,2.767696154903899
70,317,3.4379676521500344
70,318,3.980459916659494
70,319,2.8304728853293373
70,320,3.285587233082487
70,321,3.568597274423685
70,322,4.03145109876287
70,323,3.4178779531350227
70,324,3.936506345655804
70,325,3.919034825797519
70,326,3.4883617917391647
70,327,2.9132416245641126
70,328,2.917018875621143
70,329,3.1780614554607376
70,330,3.0227457016106705
70,331,2.7237903297700754
70,332,2.7628121354218713
70,333,2.7851783981805522
70,334,4.811300405394887
70,335,2.59498680295377
70,336,3.8293993688146566
70,337,2.79265625000863
70,338,2.787743540811495
70,339,3.7654323600571105
70,340,3.662412062574088
70,341,3.317756241537853
70,342,3.066740813048568
70,343,4.424530479081375
70,344,3.4476712525253204
70,345,2.703536861987769
70,346,2.7914770411800913
70,347,4.210269890965696
70,348,3.621015721423836
70,349,3.3402561426214
70,350,3.2906760385314113
70,351,3.1091962918641762
70,352,3.2638217419471753
70,353,3.147357947597604
70,354,2.6853581134109845
70,355,4.452425563881326
70,356,2.6285563061724364
70,357,2.855486203548668
70,358,2.560447863316202
70,359,2.5240503348843832
70,360,2.436084417486505
70,361,4.08463003441934
70,362,2.5441380133065277
70,363,3.778363096121776
70,364,3.6361146484529447
70,365,2.9456254537987623
70,366,3.037776169880431
70,367,3.4660898820224246
70,368,3.442641975781691
70,369,4.245362372270819
70,370,2.5485987515847945
70,371,2.8373517275388447
70,372,2.4925511536173808
70,373,2.8555626297238037
70,374,2.775496225088417
70,375,2.52936946670298
70,376,2.8139570891858163
70,377,4.27029005495372
70,378,2.633407186297604
70,379,2.6871167988309534
70,380,4.065611742389392
70,381,3.723531279765328
70,382,2.575827734294147
70,383,3.6012107737870815
70,384,4.239333444213441
70,385,2.6682725277030634
70,386,3.9869624175876943
70,387,2.6809294328774453
70,388,2.7339993720037157
70,389,2.5863462092192453
70,390,3.8600098144251414
70,391,3.6695776585592927
70,392,3.2172314735569096
70,393,3.4386677699836836
70,394,3.354747832615814
70,395,2.9282467936407603
70,396,3.0315001075857624
70,397,2.857445455706527
70,398,4.529682943921298
70,399,2.6418948754134237
70,400,2.778055396426256
70,401,2.7458182344075057
70,402,2.9268726176408153
70,403,3.739895557981548
70,404,3.520474473377204
70,405,2.9479017878166203
70,406,4.259585054605517
70,407,2.7516586508426277
70,408,2.69219195667331
70,409,4.68901782752628
70,410,2.6572923767787233
70,411,3.0182802678706966
70,412,3.415664630247923
70,413,3.347197030012049
70,414,3.922678259364476
70,415,3.4814395182102142
70,416,2.88006923403137
70,417,2.5733587836151437
70,418,3.243082005911249
70,419,2.801904206539422
70,420,2.6123190763805133
70,421,4.92044314069885
70,422,3.0354017172360503
70,423,2.982189664970574
70,424,3.704180043615125
70,425,2.927774988373622
70,426,4.012513196685748
70,427,2.715327477993219
70,428,3.204709287664225
70,429,3.7630021966951723
70,430,3.0592044879880507
70,431,2.734350867089896
70,432,2.6371732983231593
70,433,2.7301658367593205
70,434,3.6809247581610416
70,435,2.853619232237083
70,436,2.8745712768505274
70,437,2.7359509940946145
70,438,3.8108973660093604
70,439,3.367076885183106
70,440,3.1713564370744316
70,441,3.451546339322187
70,442,2.629158829513256
70,443,2.7314448435744834
70,444,3.020358437930007
70,445,2.5771432776879744
70,446,3.0376814965354577
70,447,2.7664869496321858
70,448,2.961888157186764
70,449,2.7790212913784913
70,450,2.60299421026015
70,451,2.501462960333557
70,452,2.6054510021329196
70,453,3.7448665075985197
70,454,3.9520984909819448
70,455,2.733242250998429
70,456,2.9533991352295232
70,457,3.933415979750628
70,458,4.5714106879750425
70,459,2.664538884937858
70,460,3.449438748481074
70,461,3.3849106562280054
70,462,3.7376132479587074
70,463,3.135806683495585
70,464,2.738747624547879
70,465,3.079916179153016
70,466,2.812110081140536
70,467,2.762990444248655
70,468,3.0915122549102536
70,469,2.4458579360235633
70,470,3.3781324641289334
70,471,2.677071406278004
70,472,3.5118645805788047
70,473,3.8677750954048844
70,474,4.331737266974625
70,475,2.726897816969248
70,476,4.469420348657413
70,477,4.524314122063768
70,478,3.205780839003976
70,479,2.891407863285727
70,480,3.0644647810216807
70,481,2.631905853488654
70,482,3.1450516986334196
70,483,3.5920467496902533
70,484,2.690689612560009
70,485,2.841903160591026
70,486,2.71249059761841
70,487,2.883580791130755
70,488,2.6642276455089764
70,489,2.9448964396276285
70,490,2.690780269542511
70,491,3.5055848746950424
70,492,2.7030888422147474
70,493,3.6506300056690586
70,494,2.577436650037577
70,495,2.885233524448831
70,496,2.5022497928819503
70,497,3.282399681862897
70,498,4.326637354010939
70,499,3.3350593134376165
80,0,4.468257561199461
80,1,3.9194260541377526
80,2,3.4030376131464655
80,3,3.6210542453788133
80,4,2.8455709332176555
80,5,6.023204032974497
80,6,3.3123948955183526
80,7,3.960374137108833
80,8,3.0987718537454567
80,9,3.443072897949418
80,10,3.4247186502374483
80,11,2.47891123452926
80,12,3.018867048796163
80,13,2.624631327554626
80,14,5.451760299946611
80,15,2.7696207485794275
80,16,3.655652653138464
80,17,3.245933194275149
80,18,2.854406799555158
80,19,2.650718270900146
80,20,4.161569584632669
80,21,3.426537015648019
80,22,6.892348650921581
80,23,3.028288447624946
80,24,5.7406274824503605
80,25,2.974778560255035
80,26,3.447778796632915
80,27,2.762458391382364
80,28,4.549069196147342
80,29,2.679461720242633
80,30,3.440221299318719
80,31,5.586371361081912
80,32,4.425943321491678
80,33,3.0287980366567804
80,34,4.657378967547036
80,35,5.948173163494863
80,36,5.582085026976989
80,37,7.754071906677227
80,38,2.7283675530897398
80,39,4.55354158149778
80,40,2.639151203629244
80,41,2.8574480903020825
80,42,2.948899692618777
80,43,3.547263268949881
80,44,3.3855003878597043
80,45,2.618788223638184
80,46,4.168652289825636
80,47,4.900471015507191
80,48,3.5124394467380387
80,49,5.56024215495053
80,50,3.2161648804951666
80,51,2.872827112426309
80,52,4.904219537982161
80,53,4.267013902990585
80,54,4.298490244632938
80,55,4.1486171424094165
80,56,2.750262407126514
80,57,3.140679821578021
80,58,3.2793208497352087
80,59,3.16818440300409
80,60,4.383607082584896
80,61,5.691244987462005
80,62,4.194485682887484
80,63,2.8476696251984026
80,64,3.0547467184925687
80,65,3.41526389293892
80,66,2.6598121668890755
80,67,3.0799807685295844
80,68,4.0149935477744485
80,69,4.52627169386494
80,70,4.011700119427888
80,71,4.1846133603031275
80,72,3.12772596633681
80,73,3.2901935581810116
80,74,4.318296822575636
80,75,2.6451843551780154
80,76,4.702441979738817
80,77,4.992781391208061
80,78,5.532121742316657
80,79,6.40838971751249
80,80,3.408323730659092
80,81,4.679922658424315
80,82,4.068833418466567
80,83,3.1689533639316823
80,84,4.934194139096668
80,85,3.598878934448734
80,86,3.0576100288747017
80,87,2.851475340791615
80,88,2.555660493087149
80,89,3.7334720637066825
80,90,4.596038231858174
80,91,3.0975326728821586
80,92,7.1371274045652076
80,93,4.752184826158985
80,94,3.3929999616958653
80,95,3.2057536198721017
80,96,3.818210750966969
80,97,5.035255095503551
80,98,3.2106276731295997
80,99,2.605896606372226
80,100,6.202904870613604
80,101,3.056647847222581
80,102,2.4522379945969996
80,103,5.693840002047565
80,104,4.398300258609871
80,105,4.880695394129186
80,106,3.610480756804906
80,107,3.5905598926396505
80,108,6.138171872887307
80,109,4.046380153912765
80,110,3.3313464846911707
80,111,4.062514885935472
80,112,7.03565201303098
80,113,3.2694093562986906
80,114,3.680585025317775
80,115,6.426357552067325
80,116,2.5709939475651495
80,117,2.860678782382465
80,118,3.9808636548964786
80,119,3.422846317993379
80,120,8.507165511929205
80,121,2.816352682061321
80,122,4.944967691708515
80,123,3.4675763455125606
80,124,4.1989668867320455
80,125,3.3716476160864577
80,126,7.963273725234234
80,127,3.1286174356966656
80,128,9.070784369167418
80,129,3.0069409849602238
80,130,5.959608906225514
80,131,3.7186254277137136
80,132,7.839241009720332
80,133,2.993601407459821
80,134,3.7084625344514044
80,135,2.6696590289971516
80,136,4.114920570616884
80,137,3.3446928224884016
80,138,2.8675874940777972
80,139,3.0376049355626735
80,140,4.404643158478432
80,141,4.3937255479472395
80,142,4.271628222645331
80,143,3.2987174717121954
80,144,3.452903361773411
80,145,6.299940011280381
80,146,2.9995121011177788
80,147,4.49785737272129
80,148,3.933675582849609
80,149,2.840327485892869
80,150,5.830516720844498
80,151,4.036541477911447
80,152,7.5013166770799256
80,153,6.774175020620164
80,154,4.097893944144211
80,155,3.9642280256739726
80,156,2.5012327367483858
80,157,4.064744151469152
80,158,2.726458736091604
80,159,2.97485569584578
80,160,6.883933280518309
80,161,7.0101933789083155
80,162,4.485427573936883
80,163,3.284042568815872
80,164,6.8047084273580785
80,165,3.0335063817988446
80,166,2.5568848912208066
80,167,3.556657348898703
80,168,2.6722784778353805
80,169,6.796688292475677
80,170,8.339232296986582
80,171,2.930495479644361
80,172,2.6733314756357514
80,173,2.8846267241425436
80,174,3.0759622195340404
80,175,2.7059976952253475
80,176,3.4166798340014597
80,177,5.049550527170535
80,178,3.8292893482141492
80,179,9.357339486297734
80,180,2.593054763900114
80,181,2.628627256847056
80,182,3.3336630810629564
80,183,3.8142507739453624
80,184,3.928052823976638
80,185,4.4482803020439885
80,186,2.971175276846681
80,187,3.1064505554539164
80,188,3.791619727676275
80,189,2.722791244940986
80,190,3.3078658846396114
80,191,3.2311205740865994
80,192,2.9184999566319085
80,193,3.2992697940621065
80,194,3.114949078366548
80,195,4.787729261456981
80,196,3.3817761723039834
80,197,4.458344474692733
80,198,3.3402580380695124
80,199,3.1038521866966047
80,200,3.041016561485943
80,201,2.9912143610068256
80,202,3.609503080304352
80,203,2.592741653706149
80,204,4.765277883105382
80,205,5.354008718177493
80,206,2.643323141796882
80,207,3.2600790316555748
80,208,3.1756664466427686
80,209,4.253349930897943
80,210,6.692855322679409
80,211,3.520478418268758
80,212,4.27231626552436
80,213,3.18566559466966
80,214,2.7998853929601855
80,215,3.5565094727922992
80,216,6.216883573471624
80,217,2.9186704158748684
80,218,3.9165158942846277
80,219,3.0451575349846376
80,220,4.053107119388615
80,221,2.887104020530815
80,222,2.904556514990234
80,223,3.775653806119585
80,224,2.7631381437106466
80,225,2.948532745808533
80,226,4.157139794508593
80,227,4.295531203000206
80,228,4.093872475374761
80,229,2.7333657504154334
80,230,3.0151623900362994
80,231,3.199424674993548
80,232,4.060770409357558
80,233,2.8183787331957535
80,234,2.7753273732227517
80,235,3.2892790457800216
80,236,6.099092680731715
80,237,5.478692645673638
80,238,7.146224061668939
80,239,4.148527152072225
80,240,3.8008954266743897
80,241,2.6179373712032312
80,242,2.876026738036177
80,243,2.6356965317618526
80,244,3.2431318595698317
80,245,3.27076770767282
80,246,2.535290259190876
80,247,3.182079401000668
80,248,2.9254477165443626
80,249,2.6953806549362804
80,250,3.1047651271064236
80,251,5.269878834874256
80,252,3.8929466868003137
80,253,3.3042463188183775
80,254,5.603933334589305
80,255,5.125591559623192
80,256,4.77045514169276
80,257,2.75842688261024
80,258,4.512320513090903
80,259,5.441002231451063
80,260,4.333589586694525
80,261,3.134991058505117
80,262,3.6252327247815836
80,263,3.269335829467599
80,264,3.626584114441274
80,265,2.9338095354943112
80,266,3.856360769609744
80,267,3.99324085836425
80,268,4.849094594053234
80,269,3.201234551098738
80,270,3.3801326099381845
80,271,5.677581597607713
80,272,2.727802014273886
80,273,2.671697892337519
80,274,3.8499131175107704
80,275,3.1248862954761014
80,276,3.1664222242724427
80,277,6.998420548215615
80,278,7.01689646710553
80,279,3.588954422000245
80,280,6.407820206252652
80,281,3.0950414566525666
80,282,2.8421786882331794
80,283,2.6106793795973484
80,284,2.5510657521445887
80,285,2.6384382389600907
80,286,4.69535825031609
80,287,3.8601872227799885
80,288,4.05536032272876
80,289,2.6700083822286476
80,290,2.73468501124253
80,291,2.794364515474298
80,292,2.9767088894741622
80,293,5.4353043157211625
80,294,5.648341841929326
80,295,4.015546779073543
80,296,5.279595315158279
80,297,2.9085359269854156
80,298,3.470899978238088
80,299,4.08846203646807
80,300,2.6770610765765563
80,301,4.815798144045625
80,302,3.351338310656459
80,303,3.621924755999087
80,304,6.895325105755052
80,305,2.735230869325641
80,306,4.611809251259124
80,307,3.6083251478959526
80,308,2.6715299849799226
80,309,3.387467889945639
80,310,3.393961581910894
80,311,5.278974630307645
80,312,6.98533903284072
80,313,7.135862112453263
80,314,6.104255930899605
80,315,2.4708976543109933
80,316,3.1617682190502125
80,317,3.476505693562012
80,318,3.8344629063910833
80,319,3.7838116259570698
80,320,4.421824650364806
80,321,3.4732402306599988
80,322,4.083012249647638
80,323,2.5344954314430557
80,324,5.196325453562193
80,325,5.1959660555414855
80,326,2.7047533138054183
80,327,3.0218451834183857
80,328,3.114820086474254
80,329,2.6319589550286424
80,330,2.9258369403427826
80,331,2.883658683931714
80,332,4.054961155392392
80,333,3.93199569622196
80,334,8.086502177117357
80,335,4.442545299153585
80,336,3.5981249633757693
80,337,2.639968652007298
80,338,5.512778454017048
80,339,8.138680030327206
80,340,3.3640607175009865
80,341,4.202393410557859
80,342,6.484875619299775
80,343,3.004399362728167
80,344,2.6557031508746025
80,345,2.7169761080962074
80,346,2.948130994270501
80,347,4.665191042748531
80,348,4.566802584135026
80,349,3.630111122969884
80,350,3.2852066086601974
80,351,2.5714509504639738
80,352,4.096849912898475
80,353,4.036641206424457
80,354,2.7928017632080966
80,355,4.399016218554392
80,356,4.464137022511989
80,357,2.503526566825349
80,358,3.6003024971574
80,359,3.180160595650675
80,360,4.403348474004436
80,361,4.132161749521936
80,362,7.004656124905928
80,363,3.098980770349114
80,364,2.816469823880829
80,365,2.6894845711348645
80,366,3.563915350507498
80,367,3.340102118579487
80,368,4.410120503823239
80,369,4.335822466204576
80,370,5.967293273956364
80,371,3.3728938875029697
80,372,3.098198598553427
80,373,6.115364245547484
80,374,4.637471989522705
80,375,3.1807920858334064
80,376,2.8118601841736535
80,377,2.883184803387078
80,378,3.757302872947924
80,379,2.6671427342947154
80,380,4.5048125754643555
80,381,2.768817897576405
80,382,3.5824826215522525
80,383,3.3634097684559774
80,384,5.002267342062068
80,385,2.933242725167279
80,386,5.8892451962420465
80,387,4.357792158724854
80,388,3.6674678464568946
80,389,3.7474376487480763
80,390,3.3854888638764837
80,391,4.540538415559483
80,392,2.622062204563951
80,393,2.60135757715646
80,394,4.356627871554296
80,395,4.861323479512086
80,396,3.0394486315103633
80,397,6.675837051527605
80,398,4.80986987476749
80,399,2.852656188066444
80,400,5.1155908696756445
80,401,4.2262382107630305
80,402,5.153340448236783
80,403,3.276249338057213
80,404,2.9614784712299564
80,405,3.8156448247817116
80,406,3.911018581580573
80,407,5.849677305829122
80,408,2.7698632553384157
80,409,6.58841997676537
80,410,4.134465359935988
80,411,3.224912624300342
80,412,3.8454895028604112
80,413,3.8759677370146965
80,414,3.7443886045193078
80,415,2.8682781785857525
80,416,2.975633120672252
80,417,5.313640740880805
80,418,2.7389892530862
80,419,6.368129921918831
80,420,2.642653101679494
80,421,5.103992379524532
80,422,2.9167198163114056
80,423,4.6798850482235475
80,424,7.610097752524251
80,425,4.183623633843893
80,426,2.8962068721967285
80,427,5.129800425534266
80,428,4.397550808821463
80,429,2.848223701198588
80,430,4.127707974898377
80,431,2.749599420781402
80,432,4.263434532263706
80,433,2.7621838250160415
80,434,3.3307647248625094
80,435,3.308492275252166
80,436,3.7886886163113935
80,437,3.976064845606542
80,438,4.646044416621793
80,439,2.790491913071703
80,440,3.343094689505431
80,441,2.604354789399988
80,442,3.812334941801008
80,443,2.7258793654230073
80,444,4.121227710897152
80,445,8.469392187022136
80,446,4.796637114726387
80,447,3.4792522866256834
80,448,2.562010500395196
80,449,3.185213022906246
80,450,3.853760607021741
80,451,3.5963978772058005
80,452,3.4378161206836713
80,453,2.9145231658987782
80,454,3.0280989688549242
80,455,4.157991127447391
80,456,5.383366272323021
80,457,5.600629793771338
80,458,4.271374009382421
80,459,2.923371794759214
80,460,3.3177486336922013
80,461,4.088524800577378
80,462,2.988981249078305
80,463,2.994615891500714
80,464,6.351606953116246
80,465,7.419344511177193
80,466,2.6874892173208824
80,467,2.9688992766935676
80,468,3.5502566790690975
80,469,2.815482504820713
80,470,4.959957555690856
80,471,5.375522004438344
80,472,4.857283337036572
80,473,3.447452041511647
80,474,3.2107325999189866
80,475,8.107907002137392
80,476,6.5976075134823375
80,477,6.902827831553935
80,478,3.501550069445194
80,479,3.5465621067889708
80,480,3.7496751219462334
80,481,4.249796820620442
80,482,4.194649143878093
80,483,6.441655084703951
80,484,4.6943978626718
80,485,3.142082939504777
80,486,4.245820270289935
80,487,4.178310287157034
80,488,3.418053477018183
80,489,4.166695757488176
80,490,3.3401244941807047
80,491,3.382706535339076
80,492,4.28192947496786
80,493,3.970843870546725
80,494,2.8555688676562485
80,495,5.238162485359963
80,496,4.726277061463316
80,497,3.798364828161571
80,498,7.81859022866548
80,499,3.264863768067962
90,0,8.48792694696957
90,1,5.627275192422951
90,2,4.95384420117045
90,3,3.712619804023592
90,4,12.481183851872453
90,5,4.59435131559001
90,6,18.5521528589162
90,7,14.632767399158306
90,8,21.6398356877581
90,9,3.0820894487554304
90,10,10.354564322457161
90,11,4.884332267850484
90,12,2.964627487320765
90,13,3.6254357958601764
90,14,20.24449844415057
90,15,6.196483708465352
90,16,6.70914435201668
90,17,2.9876785032878046
90,18,4.8630928952089505
90,19,3.048863476699853
90,20,4.441305155526554
90,21,8.786428181274887
90,22,3.4893024595630955
90,23,8.16661597744092
90,24,6.466262535445
90,25,5.986755821975569
90,26,14.414270263459876
90,27,5.113010683787425
90,28,17.308387403808933
90,29,2.899745156659364
90,30,9.114189929771456
90,31,9.723056791854683
90,32,4.476058700522913
90,33,3.9734055047279035
90,34,3.681702482410098
90,35,14.151064385774934
90,36,3.907971770602869
90,37,7.840877612805195
90,38,10.123573040664
90,39,11.481175868188739
90,40,2.6398206490454306
90,41,19.22675873936552
90,42,9.765352375427382
90,43,6.257450063906109
90,44,9.836200538096136
90,45,3.4269221191373056
90,46,6.578441961477164
90,47,16.491453552587245
90,48,34.66317045351823
90,49,8.643400353276556
90,50,14.06099179488578
90,51,6.576890748306112
90,52,5.60313386860003
90,53,11.415684880651641
90,54,3.081981120376165
90,55,5.172537675406579
90,56,7.412768264771397
90,57,8.515557701495597
90,58,18.58187995781809
90,59,11.549376763192965
90,60,4.3543838351962725
90,61,18.587136253725937
90,62,7.207142767542134
90,63,10.111908916271714
90,64,15.703752586041086
90,65,5.84879375333867
90,66,8.518359396719687
90,67,4.144833018403513
90,68,3.9093630267457615
90,69,5.555161261474686
90,70,2.8442734907205574
90,71,3.5150152880798307
90,72,2.9886211614838807
90,73,10.665301572147202
90,74,9.141647403173408
90,75,6.9141743177809305
90,76,7.751420546496216
90,77,13.617911527482638
90,78,3.7463224735174587
90,79,7.058425067827326
90,80,18.45813954754309
90,81,8.656106450781317
90,82,5.4837394095985434
90,83,8.880295093751952
90,84,10.801392991373046
90,85,5.621885695214248
90,86,10.224489918723643
90,87,2.904409416712995
90,88,13.411098896670634
90,89,8.4956849966919
90,90,6.276681048209553
90,91,3.982640040671473
90,92,9.04928102492647
90,93,2.6859257684639823
90,94,3.6128811408254005
90,95,9.868736106084468
90,96,15.489046619999039
90,97,2.765269410245005
90,98,5.196014727566101
90,99,5.173361401284853
90,100,5.029532048516368
90,101,8.690696046780117
90,102,5.160331418405307
90,103,4.1395657142555535
90,104,6.963052050562178
90,105,5.914647013158347
90,106,10.723371304661919
90,107,9.65454869951454
90,108,5.733941244086425
90,109,4.144043882706918
90,110,12.887979896932242
90,111,2.4827941564776164
90,112,5.341565338582413
90,113,18.47445092127511
90,114,4.572329001644973
90,115,16.728631258331788
90,116,2.786092385509453
90,117,4.339378655977444
90,118,5.297646867124469
90,119,4.300944937456326
90,120,5.711251795022847
90,121,7.74690657303514
90,122,6.279303490580387
90,123,2.672214459998275
90,124,4.265794610799263
90,125,3.935151881142909
90,126,4.622423692738494
90,127,3.7149003674348027
90,128,7.166479198133571
90,129,14.066441881174036
90,130,5.724117025860066
90,131,3.7746404648191154
90,132,7.008859121984259
90,133,2.9027149137003425
90,134,4.75552332225211
90,135,6.6017742646921995
90,136,7.498186141283948
90,137,15.924190064975116
90,138,11.050988753880565
90,139,6.545338709013381
90,140,6.240772353019727
90,141,2.8782219917537617
90,142,2.998542799751538
90,143,2.7863749721112008
90,144,6.598879704493014
90,145,8.674916201270726
90,146,17.463139060942662
90,147,2.57324389186919
90,148,12.198022914311347
90,149,9.558390813920159
90,150,15.752635280045332
90,151,9.102834709267642
90,152,5.489299029631156
90,153,6.93534195877308
90,154,8.595630702070721
90,155,3.9586455108681715
90,156,4.210101945253095
90,157,3.838093544958388
90,158,9.917662939264018
90,159,4.255084191853312
90,160,3.417564517499122
90,161,3.1529623270534266
90,162,16.73040242804799
90,163,5.521881939793518
90,164,8.829489567306624
90,165,17.0299322687756
90,166,6.274326996873946
90,167,3.6673195579492264
90,168,3.992452101389347
90,169,9.224778564293567
90,170,3.9059977539714317
90,171,4.072865626770133
90,172,10.243658908050813
90,173,9.832229425895777
90,174,10.278930528338355
90,175,6.5643078050769965
90,176,3.440560541062835
90,177,6.455993825227744
90,178,10.718717784410758
90,179,11.836468407212713
90,180,2.765260647034418
90,181,11.023323889396249
90,182,4.273008695588168
90,183,4.927410717693205
90,184,10.03528214110288
90,185,9.567579270315582
90,186,6.062840292481139
90,187,11.946523304886865
90,188,5.347271511072652
90,189,10.553082584902961
90,190,8.590528101170756
90,191,4.25013876315754
90,192,3.3571987439659137
90,193,3.276567841211219
90,194,3.718282154775877
90,195,14.551991655081574
90,196,5.504437462881519
90,197,8.388494715836632
90,198,11.384740353508144
90,199,7.991238284824635
90,200,6.564039687038514
90,201,7.197297380815326
90,202,3.0979264837116025
90,203,3.800322636406826
90,204,24.22610011236955
90,205,17.907817098641864
90,206,17.151426908954956
90,207,2.941800202023042
90,208,2.8978118658949255
90,209,5.288200209588608
90,210,3.213830693796874
90,211,5.58561991047773
90,212,3.3308962122856003
90,213,3.1870568446055954
90,214,6.359907709442661
90,215,5.623022302386675
90,216,3.80271077873017
90,217,14.708707369432677
90,218,2.9762398190804316
90,219,5.241658324717732
90,220,11.73329034814685
90,221,4.253374028732194
90,222,11.038427234698027
90,223,5.091993352596908
90,224,3.100662801547561
90,225,8.610053233695442
90,226,12.380118071473545
90,227,7.304817399744161
90,228,4.382972140174647
90,229,5.671478578309008
90,230,11.120456362591593
90,231,2.6292124716561784
90,232,17.484547132163975
90,233,10.163710853574157
90,234,9.140199930020813
90,235,3.6244228584746
90,236,3.33480657179399
90,237,2.6148530920265416
90,238,4.250596579400109
90,239,6.359070422268312
90,240,8.214331778654852
90,241,11.783476561392844
90,242,10.365832349371264
90,243,13.718150120930359
90,244,5.415267649690625
90,245,5.4251581830987075
90,246,6.886118016808228
90,247,3.8325114490443095
90,248,9.60317969903708
90,249,5.167438180674567
90,250,5.911673205580309
90,251,5.56157471192816
90,252,6.264080449514749
90,253,3.7384836112762767
90,254,13.858554808335095
90,255,4.266224544755188
90,256,7.400965673073633
90,257,5.985437775287942
90,258,10.884267145230927
90,259,4.732504975676282
90,260,3.7965933494534063
90,261,8.318887209614298
90,262,8.003908493678244
90,263,9.840201538713467
90,264,2.9076659447912925
90,265,4.13666696072398
90,266,8.675885171160104
90,267,2.849610838575346
90,268,8.776256385245187
90,269,3.9890456964225063
90,270,5.0858907088845
90,271,5.923845065389539
90,272,2.624049157027103
90,273,3.329531766030924
90,274,8.134278354152855
90,275,11.080485521916058
90,276,5.650997632617244
90,277,5.254657353300769
90,278,4.49498466022348
90,279,6.857137601002294
90,280,5.572092651935232
90,281,18.686885604814652
90,282,13.258275716805285
90,283,2.7149291487863967
90,284,4.934220113080358
90,285,2.881470839394057
90,286,6.933676403233486
90,287,5.4560555691074475
90,288,3.270253473950147
90,289,12.410931282636598
90,290,3.514567848586995
90,291,4.117852128114967
90,292,5.91838436756155
90,293,4.423810101262324
90,294,3.867155342524335
90,295,19.991621618053262
90,296,8.021205398440731
90,297,3.8309975817568342
90,298,5.8795320641540565
90,299,9.181006930543184
90,300,12.29963228693157
90,301,3.1770939260918016
90,302,6.863477107224901
90,303,4.555660763146235
90,304,2.756289134582198
90,305,13.913091240878531
90,306,3.4726854603054784
90,307,5.673983623071976
90,308,15.715313817802572
90,309,3.358551817743225
90,310,5.858196084343427
90,311,8.459099429165649
90,312,6.712794312577262
90,313,21.478462872014486
90,314,3.3139187999121464
90,315,13.389374918140117
90,316,5.250746685381298
90,317,21.331280228872732
90,318,6.3577617639164945
90,319,3.8422019144426005
90,320,4.659613997741662
90,321,4.995661103712436
90,322,7.888477914817417
90,323,3.1989149424774914
90,324,4.458581290202343
90,325,22.268125925296367
90,326,15.346836283216815
90,327,7.646614418280704
90,328,3.191215012845468
90,329,6.553515860162793
90,330,4.236961011896484
90,331,3.541140804607021
90,332,3.7335281795363864
90,333,3.2698481566234303
90,334,3.412315910119881
90,335,9.192880579180926
90,336,3.9555423470935276
90,337,3.504533111023242
90,338,5.907758184952611
90,339,7.165687650892756
90,340,5.350172844240015
90,341,10.30761813299597
90,342,11.506901413047146
90,343,3.66557834269473
90,344,4.218648906969251
90,345,5.425566868940285
90,346,11.367400377778475
90,347,3.6324319295824696
90,348,3.553275663712352
90,349,2.921261845788511
90,350,8.836225017157075
90,351,4.0730688367082575
90,352,3.3208036436348127
90,353,4.795953569543937
90,354,7.983316156964499
90,355,3.156126999847225
90,356,3.4517243019656547
90,357,5.097136520766331
90,358,8.15371852058397
90,359,3.2052891815515663
90,360,3.80334763525316
90,361,10.43783534478682
90,362,27.682159890167412
90,363,3.1538195392023662
90,364,8.445355646374079
90,365,4.095510391026384
90,366,5.740383462982867
90,367,6.535017450827982
90,368,3.648031582193841
90,369,5.117146792180719
90,370,13.441666725914448
90,371,3.2057724946124777
90,372,6.7380591948548885
90,373,20.693143073224437
90,374,8.118354086602183
90,375,11.737566769032966
90,376,7.48158963411803
90,377,2.876699122912613
90,378,5.192215563600081
90,379,9.724091857644323
90,380,6.572218514255357
90,381,3.216277247624105
90,382,9.322182808322705
90,383,6.334397147846284
90,384,15.535678115138175
90,385,12.562683503649353
90,386,7.2543889043231555
90,387,4.6868747051122535
90,388,6.088264728042872
90,389,2.8576649283782585
90,390,2.798664711820696
90,391,3.8474069920941876
90,392,16.348383468785073
90,393,2.9950257524335018
90,394,3.502419974677841
90,395,7.1268566765080195
90,396,3.048841215604331
90,397,9.687691404372405
90,398,3.3265041225417846
90,399,7.800868783519304
90,400,7.274838348766952
90,401,2.683005292561981
90,402,19.67411272966035
90,403,14.382732632054354
90,404,7.5783706772150214
90,405,3.91472796265576
90,406,9.823229049386
90,407,2.653444119515601
90,408,11.699741170440065
90,409,9.396402818130678
90,410,3.914914568245121
90,411,3.132054571399445
90,412,8.355857717018939
90,413,4.1882721356366455
90,414,3.300545825716641
90,415,8.96586463560915
90,416,2.714133698178545
90,417,8.16436143268342
90,418,3.4929329046665805
90,419,3.6307841867641555
90,420,4.355194333718928
90,421,13.380139770423291
90,422,4.577657880762211
90,423,4.196098025952313
90,424,2.8763654247432946
90,425,7.489191434420895
90,426,3.4364918797473067
90,427,6.744433714185377
90,428,2.992498525615967
90,429,3.5468256584155133
90,430,6.805221901595526
90,431,6.303160986061819
90,432,8.243846710878014
90,433,10.82396689599691
90,434,4.158852862992249
90,435,7.321245507005684
90,436,7.769293633907308
90,437,4.911103049946443
90,438,3.3086858564813015
90,439,5.043236974353475
90,440,4.937476188227128
90,441,3.8777894403783812
90,442,5.918959708832403
90,443,6.066127757666138
90,444,19.37086098526564
90,445,7.919752518445073
90,446,5.228764794870294
90,447,10.528476114929086
90,448,7.5182264059088535
90,449,4.3308582511213265
90,450,4.2249220024733125
90,451,6.268228415312087
90,452,2.6689196063955283
90,453,5.714649578033385
90,454,7.582602576198238
90,455,10.671849581576252
90,456,3.765760416736803
90,457,25.952225637823116
90,458,3.707787855997378
90,459,11.565033374011163
90,460,4.72428840300985
90,461,4.591921443947823
90,462,3.046278134651075
90,463,10.130509411659556
90,464,6.92730180679254
90,465,2.926744053512453
90,466,7.769409285343585
90,467,4.590805076496788
90,468,3.5749780404410085
90,469,11.984278693633899
90,470,5.920855087244613
90,471,3.3677518558386947
90,472,3.087106820436307
90,473,3.1160201840361927
90,474,2.887005108199473
90,475,5.538216641387486
90,476,2.6649647116221487
90,477,4.164361808684197
90,478,7.483545263116841
90,479,5.64522996366678
90,480,10.348438333632306
90,481,8.273744063460477
90,482,14.319030962835383
90,483,5.266786192915802
90,484,13.116921177251198
90,485,5.770547872576292
90,486,2.6169223088085354
90,487,4.398052722181975
90,488,5.0222919777987185
90,489,12.649421173223631
90,490,3.454939341452503
90,491,14.50883089985747
90,492,3.403938637099147
90,493,4.270164758906532
90,494,8.805468211653658
90,495,3.703726576185051
90,496,5.367521234450737
90,497,13.530666152058973
90,498,4.043835515459053
90,499,2.988709485426465
100,0,7.543019754080002
100,1,2.6456104297955294
100,2,9.826472712698427
100,3,2.696438540990108
100,4,6.015025805906088
100,5,2.843286612437868
100,6,13.394367687686284
100,7,6.654083453420869
100,8,17.49347360290709
100,9,12.227108280093182
100,10,11.756255761916478
100,11,3.464928122402393
100,12,5.802964573970695
100,13,3.038480557848079
100,14,4.800719607345868
100,15,4.965941891662886
100,16,8.343569556853968
100,17,4.456218803497349
100,18,4.219324741227761
100,19,5.987913139029134
100,20,21.01394211252042
100,21,13.810585619447256
100,22,5.89912286374005
100,23,4.513234439506423
100,24,4.036904345435328
100,25,3.6540398270741092
100,26,3.260720891421191
100,27,11.462965280728042
100,28,2.9982296414408265
100,29,3.2181337870988727
100,30,7.706496232225961
100,31,11.886524886933271
100,32,4.343947669944428
100,33,2.827036038595797
100,34,7.483893999076109
100,35,2.8129369155139208
100,36,3.7953954677509465
100,37,3.376564093931927
100,38,4.213815064372166
100,39,11.235386453618945
100,40,5.148177323067477
100,41,6.8982225165974915
100,42,5.9725551863749216
100,43,5.363107073650961
100,44,9.50925849577848
100,45,2.6153994544028434
100,46,4.053473782865503
100,47,8.41446597251196
100,48,6.815789978464417
100,49,3.9544853471648147
100,50,8.24124898397855
100,51,9.237966992065498
100,52,4.1868502752791725
100,53,3.0967796292193306
100,54,2.7495757056511785
100,55,2.687834692908131
100,56,7.370136815544099
100,57,25.880035923281564
100,58,2.4920204933108607
100,59,3.6156940942888487
100,60,6.412563111438642
100,61,3.8529077813686317
100,62,4.620767426518425
100,63,7.011363251902811
100,64,2.793553770795385
100,65,2.7514300732785304
100,66,11.876677950493367
100,67,3.15773612866582
100,68,13.50309166640377
100,69,9.247315140467819
100,70,4.787867723333297
100,71,8.981995085649555
100,72,6.45784590831316
100,73,7.6179138446704195
100,74,5.209439224801869
100,75,3.119422002740062
100,76,8.358096963466508
100,77,2.7456993717111264
100,78,3.6091240540394423
100,79,9.892271671759877
100,80,6.339396343625446
100,81,2.952143214047698
100,82,2.5941110152160447
100,83,3.9983841989528073
100,84,2.65542583739644
100,85,9.200650268835696
100,86,3.7435513431607963
100,87,3.486525102605651
100,88,5.398838342337816
100,89,13.572958810158713
100,90,4.971949926762351
100,91,5.155247493971397
100,92,2.998595420636129
100,93,9.46525178370262
100,94,15.134241364225954
100,95,8.425233503972795
100,96,3.0420017937862434
100,97,3.2008572012540655
100,98,9.99222133981006
100,99,3.7063109377648775
100,100,3.233777099312583
100,101,10.507036927152834
100,102,10.762097203145016
100,103,13.013900716866472
100,104,6.001791870026161
100,105,2.6551350889466656
100,106,9.01913002628423
100,107,3.9101328988709514
100,108,2.985456576475136
100,109,8.152831931822934
100,110,4.189883954154422
100,111,5.633002200479078
100,112,10.611742455538478
100,113,3.856648384086493
100,114,3.0440724393284446
100,115,6.355363794184091
100,116,3.0115638602977146
100,117,4.6354772585139745
100,118,3.1784331626831053
100,119,4.952251757187433
100,120,4.701598454039556
100,121,5.659058969278087
100,122,4.880571685084673
100,123,5.121500825131577
100,124,4.298978637515255
100,125,5.673725553782609
100,126,6.668238375910913
100,127,5.237707237314465
100,128,14.936443683219586
100,129,4.281034768266846
100,130,6.774576186945249
100,131,7.3997790675062145
100,132,16.535027957808335
100,133,3.883632653568802
100,134,11.708829562848168
100,135,3.0733723843934775
100,136,3.5875941727382528
100,137,9.037321625079842
100,138,2.598839361940225
100,139,5.850888975114328
100,140,25.60457100379058
100,141,3.7832521407775066
100,142,12.365117373727719
100,143,3.5200590695466625
100,144,6.183308853301332
100,145,5.441507159963851
100,146,8.938579800784689
100,147,12.204849458298051
100,148,2.635043971159851
100,149,4.642925897945407
100,150,19.176801252385477
100,151,6.171026130020799
100,152,6.361327444083416
100,153,5.8895676931142855
100,154,5.566868184879758
100,155,3.4531904532196775
100,156,3.5987094394225796
100,157,3.714417783496123
100,158,5.887123515664521
100,159,13.171100218787558
100,160,4.354633809823297
100,161,6.203826257332681
100,162,12.7626831834709
100,163,4.104050413494042
100,164,10.80566724986188
100,165,3.754830510537105
100,166,2.8183092294628644
100,167,3.4276109310836653
100,168,3.168439680449248
100,169,4.804752114580175
100,170,11.734938203921104
100,171,3.4583260779313334
100,172,6.056650752760962
100,173,4.363405699672593
100,174,9.588011436748946
100,175,7.268665448905115
100,176,8.862915737588215
100,177,7.939600068935998
100,178,4.629165124397876
100,179,7.172568118845985
100,180,4.165737123470641
100,181,2.9215791901688717
100,182,8.462362433318669
100,183,5.305519128265966
100,184,10.591752307107322
100,185,19.449163556598663
100,186,3.9044329248074408
100,187,6.5670137779480005
100,188,3.3023702322993533
100,189,3.4176449720421886
100,190,4.03030517077649
100,191,3.7813749651168638
100,192,4.143751731299553
100,193,5.585421347609281
100,194,7.453354549728384
100,195,2.749540467457942
100,196,6.170365178862463
100,197,5.049964619670849
100,198,5.655623173858028
100,199,3.2783744374696226
100,200,7.756935542231819
100,201,3.608738272148988
100,202,4.520418888568756
100,203,4.910779216706082
100,204,6.64996187932888
100,205,16.156270419566237
100,206,8.584691805066974
100,207,6.397128716404475
100,208,5.291854265987052
100,209,13.643256615807362
100,210,2.7760066760099575
100,211,5.336876486340681
100,212,4.121536400475156
100,213,3.369690637859188
100,214,2.9485370258992907
100,215,2.6912588369298582
100,216,15.814652385232995
100,217,4.655373267796671
100,218,8.123593148134944
100,219,4.885088452924024
100,220,3.0717551560700476
100,221,15.66387125828989
100,222,9.795008255417331
100,223,4.6006619471984695
100,224,4.60588945936904
100,225,6.911551762385883
100,226,3.846541477641398
100,227,2.954952201927692
100,228,6.815326511679746
100,229,6.909351660340968
100,230,8.205756351985427
100,231,9.287904526248676
100,232,4.1423272537143765
100,233,2.8884147622288383
100,234,2.773564601425757
100,235,7.356853768153463
100,236,16.630472837909874
100,237,15.127828688504867
100,238,4.26244557196949
100,239,2.872073044516912
100,240,6.232647891032317
100,241,17.12912557333568
100,242,4.185133248159114
100,243,3.3500115569139606
100,244,6.238981312874581
100,245,5.1139234457561455
100,246,6.009724030193315
100,247,7.648193663134434
100,248,12.281776996708336
100,249,6.844619289223148
100,250,4.417691339292579
100,251,11.26442702573325
100,252,3.9119914288307727
100,253,7.439735966678557
100,254,7.5872696466578216
100,255,4.398435062579756
100,256,5.950896649758817
100,257,6.488570097819803
100,258,3.0358034777591314
100,259,2.9811768056635803
100,260,16.596287439995148
100,261,5.531109947974533
100,262,2.574973137186918
100,263,3.1641279818598167
100,264,12.35884967397077
100,265,4.79940459658951
100,266,7.863303335413109
100,267,3.200836588321837
100,268,5.857882527553747
100,269,2.5663028632042293
100,270,3.9368594216089483
100,271,6.994938869977364
100,272,4.792154855250287
100,273,7.395571362574394
100,274,25.447156060564918
100,275,3.0593634214390235
100,276,8.115496643408312
100,277,7.007830349848522
100,278,4.47096448208518
100,279,3.1864628708481324
100,280,3.2751018961004412
100,281,3.155591736229346
100,282,3.8172319057423265
100,283,3.98252107900128
100,284,7.782279682449315
100,285,5.743806595051447
100,286,2.511262197069713
100,287,3.731335137838095
100,288,9.259629959122595
100,289,4.5533176061186476
100,290,4.363934444933091
100,291,8.962488287308936
100,292,4.537757528535251
100,293,14.88347742169589
100,294,12.276306569204696
100,295,3.554677543289456
100,296,3.735939201151061
100,297,8.216691415368539
100,298,5.405141539595197
100,299,3.361834670786137
100,300,4.961417869757819
100,301,3.735305432469351
100,302,3.3878658638638766
100,303,3.115082264686158
100,304,6.307771334413034
100,305,4.049367913969889
100,306,17.032404616074007
100,307,7.6422548630117815
100,308,7.291291884615533
100,309,10.635220641973959
100,310,5.055192702375762
100,311,4.028102764009904
100,312,8.939229362123555
100,313,13.345298360004783
100,314,8.590103408945321
100,315,5.22396103884948
100,316,14.847065415170594
100,317,10.465345914761743
100,318,4.142036415834025
100,319,4.79320896382206
100,320,10.573852234172165
100,321,4.489708293517761
100,322,6.744904052398148
100,323,10.342608536664045
100,324,3.535095128594193
100,325,5.4644278373078565
100,326,6.595681015994934
100,327,15.270478670462897
100,328,9.170382520935192
100,329,3.8327480901919624
100,330,3.8361942982560295
100,331,6.55873134724537
100,332,4.504209537626219
100,333,3.3909699759689698
100,334,5.6848387391289465
100,335,6.857108605533287
100,336,11.71851764215618
100,337,8.222886836965456
100,338,12.757392258033564
100,339,5.223036825148809
100,340,9.814218796643383
100,341,5.61874765320178
100,342,4.0263207231368
100,343,5.242283383829183
100,344,5.42787894286363
100,345,2.7897399162060865
100,346,8.742526552198749
100,347,9.413829834344613
100,348,2.4879450608092686
100,349,10.814915373554893
100,350,2.917787756434795
100,351,19.404230916849603
100,352,3.730571597363689
100,353,3.5088445745521444
100,354,4.46161326140929
100,355,4.795469742963295
100,356,3.399965749576231
100,357,4.070336246853595
100,358,16.841539282850807
100,359,8.648523288940716
100,360,4.766742114629123
100,361,4.314249316184475
100,362,10.188814754537072
100,363,3.5671904096565332
100,364,3.161729035388904
100,365,10.549045789435132
100,366,3.075026552787253
100,367,3.3874588411282485
100,368,7.339921644056799
100,369,5.793487632709702
100,370,17.723610527916797
100,371,2.789106625064214
100,372,9.53386540766585
100,373,3.09604679217101
100,374,10.162434733844377
100,375,12.774119925562314
100,376,9.278048356391828
100,377,5.3722789374708055
100,378,3.7030569059286194
100,379,2.670135326547838
100,380,15.182913719070926
100,381,4.798159246339798
100,382,19.668221519634347
100,383,15.77841895116394
100,384,11.90050644052203
100,385,9.803036347250314
100,386,4.354059305654214
100,387,4.237738391950942
100,388,8.685944636156583
100,389,11.992702634275213
100,390,6.328945501903259
100,391,3.3541586630359834
100,392,3.2844010365696805
100,393,3.529051198528699
100,394,21.88089197470183
100,395,12.773327401692331
100,396,4.260628997439005
100,397,5.273862554173129
100,398,2.647977709056376
100,399,3.5393718080464946
100,400,4.186495284763585
100,401,5.9721591413159265
100,402,6.752692824692401
100,403,6.557954994023183
100,404,7.044770275238502
100,405,6.026276674698705
100,406,3.376305105644712
100,407,10.77185340363289
100,408,5.262447319947021
100,409,4.3241123732692115
100,410,4.021153812857989
100,411,7.398945072066395
100,412,9.953906084624142
100,413,2.596605640482673
100,414,9.198397847837105
100,415,3.684275389657628
100,416,15.408452452628248
100,417,7.002082500230827
100,418,7.952716619736443
100,419,8.306324644426457
100,420,11.764230815448721
100,421,7.7591011849823115
100,422,3.007227029342852
100,423,4.662390127681196
100,424,6.265984869118212
100,425,5.975099499888058
100,426,5.03594439652678
100,427,13.313473329042427
100,428,5.160091190748947
100,429,3.4630581350421727
100,430,3.9482052708182
100,431,3.288422321731897
100,432,10.80552192292172
100,433,3.522003560477547
100,434,3.682870551211866
100,435,17.555117998534417
100,436,5.410484910918423
100,437,4.457365560747905
100,438,7.536677287810686
100,439,3.1743337243603467
100,440,4.375162159959385
100,441,18.22698816255772
100,442,9.114217466310974
100,443,13.374027413097865
100,444,9.148261952922589
100,445,19.655315836741423
100,446,7.449080177624811
100,447,3.0896547310193982
100,448,2.9076116956516507
100,449,5.667016568308389
100,450,10.413358705386186
100,451,5.199401946306294
100,452,15.101594055063861
100,453,2.5998288479904303
100,454,10.901576946248301
100,455,8.1911139514938
100,456,23.138218954913416
100,457,18.32922751327503
100,458,8.97323245678515
100,459,3.0735372126197857
100,460,7.12551536248819
100,461,4.142546279213229
100,462,3.1529808596603743
100,463,4.922370215857396
100,464,6.753353817958225
100,465,13.116830515530367
100,466,14.048771837925136
100,467,8.582143591256596
100,468,17.17191919478455
100,469,6.199490003085041
100,470,9.609967698399437
100,471,6.510214004622011
100,472,7.250780488624497
100,473,3.3452691085011192
100,474,15.706299380740406
100,475,9.878835505456296
100,476,13.517258912037333
100,477,2.951408989384083
100,478,8.041779023755131
100,479,6.991678433345457
100,480,8.06138334280921
100,481,10.820546955123096
100,482,3.255954384494647
100,483,7.199006655945891
100,484,4.334355958433117
100,485,12.537498269533693
100,486,4.498755407026546
100,487,6.351607397612419
100,488,8.875511034398663
100,489,3.192487667817261
100,490,10.50036962939352
100,491,3.8092586714412766
100,492,12.376095666983247
100,493,5.830897197595494
100,494,4.018501129731917
100,495,6.175207128509077
100,496,5.052392993857096
100,497,24.511198827542344
100,498,8.59776077898978
100,499,3.8437137781746595
