swarm_size,trial,handshake_latency_ms
10,0,0.790539261590331
10,1,0.7218845123144977
10,2,0.7677342814829626
10,3,0.7116242232254567
10,4,0.7670178101424783
10,5,0.7471949247221642
10,6,0.7973261036624163
10,7,0.7222501621458469
10,8,0.7326052702116108
10,9,0.7715846249072892
10,10,0.7681449427686075
10,11,0.774811820482101
10,12,0.7695007317308916
10,13,0.772790644724417
10,14,0.7734113371718916
10,15,0.7918573558416679
10,16,0.7484985963427764
10,17,0.7677670943883054
10,18,0.7250187543948202
10,19,0.7896156473563519
10,20,0.7490233260878244
10,21,0.7323524343107258
10,22,0.7671451695821367
10,23,0.8695820603546458
10,24,0.7593690735438758
10,25,0.7447843212490686
10,26,0.7791114799051958
10,27,0.7877719532535604
10,28,0.7657003544552047
10,29,0.6989398400163527
10,30,0.7414321787532514
10,31,0.7363220784316934
10,32,0.7031501883298947
10,33,0.7578195646053073
10,34,0.8693910714185765
10,35,0.7494937480837518
10,36,0.7311377517391955
10,37,0.7384037847091123
10,38,0.7717587781397895
10,39,0.7616060572148747
10,40,0.7664949978883698
10,41,0.7250238282668148
10,42,0.7709080190767674
10,43,0.8318776210148687
10,44,0.8247999332398979
10,45,0.7336034191548261
10,46,0.7244033130406181
10,47,0.7318651425804953
10,48,0.8141004301945741
10,49,0.7444452641277958
10,50,0.7602992452135667
10,51,0.8498790086016448
10,52,0.7548536227400825
10,53,0.7485708172996128
10,54,0.7579071960140129
10,55,0.7460577059200664
10,56,0.8012550887942802
10,57,0.7679600249367563
10,58,0.7332483499861735
10,59,0.7670353503487979
10,60,0.7420384306669154
10,61,0.789290486766012
10,62,0.7347529532192535
10,63,0.7464591253118242
10,64,0.7461079103073339
10,65,0.7400153159759381
10,66,0.790361861773039
10,67,0.8122339536015551
10,68,0.753102991086481
10,69,0.7002942923965552
10,70,0.7960768247304107
10,71,0.6994414930621589
10,72,0.7718636404908515
10,73,0.8120619475510098
10,74,0.8229403830103855
10,75,0.7963346938838862
10,76,0.730797912525153
10,77,0.7453642128260141
10,78,0.8605851585605058
10,79,0.7183390884922644
10,80,0.713965781459481
10,81,0.7827349728100887
10,82,0.7293349467144672
10,83,0.7964313534540306
10,84,0.9182111043097944
10,85,0.7162339622849099
10,86,0.7838884887186365
10,87,0.7472292527606113
10,88,0.7731679492646631
10,89,0.7121510943919823
10,90,0.8184846581603676
10,91,0.7926526130979907
10,92,0.7379112673770261
10,93,0.819380217367529
10,94,0.727754183394946
10,95,0.8321372640330428
10,96,0.743429218639952
10,97,0.7442378068615835
10,98,0.8267364806789698
10,99,0.7541358073072086
10,100,0.7863112232551452
10,101,0.7880209160129275
10,102,0.7364060894179776
10,103,0.7632149257586487
10,104,0.7857452829225526
10,105,0.8608505866333113
10,106,0.775036198439071
10,107,0.7241716869780851
10,108,0.7602801632269817
10,109,0.8443674050866282
10,110,0.7395825239607413
10,111,0.7756187532174804
10,112,0.7067512724927915
10,113,0.7820676881288015
10,114,0.7586331614869994
10,115,0.7685582044928216
10,116,0.7544083685712251
10,117,0.7310206452763509
10,118,0.7243823816801278
10,119,0.7226753135345297
10,120,0.788018981037511
10,121,0.7608395493422356
10,122,0.6880168239504547
10,123,0.7620397859906338
10,124,0.776107013852155
10,125,0.7100752869476171
10,126,0.7370698586918147
10,127,0.7709955996137043
10,128,0.822030172214277
10,129,0.7778091168529422
10,130,0.7729700228166164
10,131,0.7365140636688325
10,132,0.7420233556371505
10,133,0.7116751464207025
10,134,0.705982656557087
10,135,0.7483640652179431
10,136,0.748063705017597
10,137,0.6806371304745711
10,138,0.735895256968654
10,139,0.7702894277110208
10,140,0.8014499255466094
10,141,0.7646340356371745
10,142,0.7476503747683045
10,143,0.7471378114502855
10,144,0.7675373259603018
10,145,0.7421884255831265
10,146,0.744673312923105
10,147,0.7968585911531074
10,148,0.7652244169082587
10,149,0.7716202981896597
10,150,0.8053819446229892
10,151,0.7997578713688711
10,152,0.752490649679517
10,153,0.7902771692047736
10,154,0.713831227745741
10,155,0.7621821035869043
10,156,0.7493577990975423
10,157,0.8473917707877511
10,158,0.7013313961427928
10,159,0.7660699726565605
10,160,0.8125794445753363
10,161,0.7206495200071356
10,162,0.756155429182698
10,163,0.7715372443837093
10,164,0.6995900142605764
10,165,0.8143063802448884
10,166,0.7411776273038099
10,167,0.7558627227448522
10,168,0.8773580576786333
10,169,0.7325767738818975
10,170,0.7590184633776237
10,171,0.7475782489473741
10,172,0.7331368621750897
10,173,0.7686241726439976
10,174,0.7367543369313764
10,175,0.7494607169572717
10,176,0.7614090040608203
10,177,0.7732688792111306
10,178,0.7798671837853688
10,179,0.7884978238333442
10,180,0.7893096293983192
10,181,0.8121518885682809
10,182,0.7877120809399528
10,183,0.8212207736869127
10,184,0.7234437821208182
10,185,0.7320659936699706
10,186,0.7846460492842939
10,187,0.7461030596767229
10,188,0.7123833435044903
10,189,0.7379536714887589
10,190,0.765821559930768
10,191,0.8058288257179177
10,192,0.8090407893964332
10,193,0.800476926958437
10,194,0.7348411262671182
10,195,0.6963793560525618
10,196,0.814096846184437
10,197,0.7322461257053615
10,198,0.795623756160534
10,199,0.7647208970924948
10,200,0.7758458448519723
10,201,0.7707324098968977
10,202,0.7058450445026538
10,203,0.7019397016619453
10,204,0.7463233243628403
10,205,0.744024744291821
10,206,0.8044712341970359
10,207,0.7901254487174194
10,208,0.765750857551765
10,209,0.7825323040886248
10,210,0.8079158206054614
10,211,0.7813177401999266
10,212,0.7366480523397708
10,213,0.7722863408039272
10,214,0.7809376188064627
10,215,0.7431530813088344
10,216,0.7543871212436952
10,217,0.737662513551933
10,218,0.7239603762413324
10,219,0.7424802549072347
10,220,0.7597268974908057
10,221,0.7541346303069283
10,222,0.7799711955343823
10,223,0.7272627265623378
10,224,0.7360558779288335
10,225,0.749768320251901
10,226,0.8205349760689501
10,227,0.7990030819140259
10,228,0.7467466764677587
10,229,0.7376478979802046
10,230,0.7607472567048427
10,231,0.7813950429334839
10,232,0.7362408862973586
10,233,0.781033388468695
10,234,0.7555093401882207
10,235,0.7452337702209054
10,236,0.7435794609637904
10,237,0.7689962293167346
10,238,0.7403402914244807
10,239,0.8633099027091009
10,240,0.7917404874394556
10,241,0.7895793423343153
10,242,0.7266364240214275
10,243,0.75576149390045
10,244,2.8280923309984654
10,245,0.8011566604474719
10,246,0.7769901741100385
10,247,0.6867570042450507
10,248,0.778717911037284
10,249,0.7764646026371345
10,250,0.7782119801610877
10,251,0.745261514290807
10,252,0.7963420241480794
10,253,0.7943399658025251
10,254,0.7401648196005571
10,255,0.7955341203905542
10,256,0.7527239527535757
10,257,0.7746032822285902
10,258,0.697631830043336
10,259,0.7281229420929851
10,260,0.7798023444984279
10,261,0.7169869697079388
10,262,0.7780400695545888
10,263,0.7945316397742188
10,264,0.794931204350996
10,265,0.7460181000468611
10,266,0.7691725719302241
10,267,0.7893922991564162
10,268,0.7839521473430182
10,269,0.7482958106575597
10,270,0.7512364304197879
10,271,0.7457718569992297
10,272,0.7579175863677976
10,273,0.724147744667722
10,274,0.7679878121711811
10,275,0.7996127356242739
10,276,0.748779993050118
10,277,0.7461827071077939
10,278,0.7661094005685063
10,279,0.7539512630600131
10,280,0.6787776454242719
10,281,0.723285115050738
10,282,0.8004132942877671
10,283,0.7560128202063465
10,284,0.7400546555599751
10,285,0.7529234574267513
10,286,0.7554630346611522
10,287,0.7173339694216245
10,288,0.7891508339972491
10,289,0.7478451066475422
10,290,0.8163655646590198
10,291,0.7391091477714945
10,292,0.7763059136996667
10,293,0.7259615653415968
10,294,0.8036695653058861
10,295,0.7353087879889595
10,296,0.749091370487538
10,297,0.7170187813770653
10,298,0.7867157230497166
10,299,0.733782203953162
10,300,0.7916910264974597
10,301,0.7022405377350196
10,302,0.7497407032802849
10,303,0.8033038111519599
10,304,0.7305187416110308
10,305,0.7983755284497375
10,306,0.8020731471472058
10,307,0.681737681247326
10,308,1.7474257350548041
10,309,0.8190427529522162
10,310,0.7787679930239552
10,311,0.728485227656457
10,312,0.8176930161979629
10,313,0.7724737002810366
10,314,0.7698311173681698
10,315,0.8496884012858095
10,316,0.7275487008483945
10,317,0.7801414062825871
10,318,0.750106956460446
10,319,0.797508687432011
10,320,0.8026001719095261
10,321,0.7846473307344843
10,322,0.7740138348889586
10,323,0.8020097757965337
10,324,0.7413987919296644
10,325,0.7544943108509183
10,326,0.7171661679267259
10,327,0.7784549602158957
10,328,0.7059307597854568
10,329,0.7227294103829621
10,330,0.7284568234693344
10,331,0.743962619670838
10,332,0.7286230085508492
10,333,0.7375527110783501
10,334,0.8023948390508647
10,335,0.7458987244271046
10,336,0.7666701432479386
10,337,0.7204604388741074
10,338,0.7287726733983504
10,339,0.7552284124046033
10,340,0.7384328623108684
10,341,0.7201218521525136
10,342,0.762584949602277
10,343,0.7954045868692586
10,344,0.7329104761469258
10,345,0.7892940821254427
10,346,0.7893227651913218
10,347,0.7075555504763078
10,348,0.7755276940688797
10,349,0.8272680546704874
10,350,0.7350315170676269
10,351,0.8659644676352475
10,352,0.7351571115423654
10,353,0.7613149944717736
10,354,0.833563476442675
10,355,0.7085570045652098
10,356,0.7376920634843828
10,357,0.7920953680789338
10,358,0.7661182877928224
10,359,0.7394784510695106
10,360,0.8051814253574564
10,361,0.7390295884392463
10,362,0.7417102699406352
10,363,0.7776875304865914
10,364,0.720461601302818
10,365,0.7462757192316523
10,366,0.8991872239577092
10,367,0.7322460397627926
10,368,0.7631648846478358
10,369,0.7950710073559669
10,370,0.7435484000192186
10,371,0.755240677412904
10,372,0.789494552726861
10,373,0.7713143075006801
10,374,0.7738849424810849
10,375,0.812018127356984
10,376,0.7751345668900483
10,377,0.7316527309225069
10,378,0.7114457104986741
10,379,0.7938217996221332
10,380,0.7550308656537188
10,381,0.7589692865295955
10,382,0.7697344660303475
10,383,0.7464206690856963
10,384,0.7531049541162861
10,385,0.7290461889957722
10,386,0.8123164596695249
10,387,0.7956865642700939
10,388,0.7545242633415694
10,389,0.7442431370991135
10,390,0.7256765432101063
10,391,0.8116943429097924
10,392,0.7845612758123274
10,393,0.758509700828688
10,394,0.8876759105338888
10,395,0.7825513883478181
10,396,0.7450741694389588
10,397,0.7031618029385415
10,398,0.7457822318511276
10,399,0.7890730625849565
10,400,0.7678271537192236
10,401,0.727626377302882
10,402,0.7559030548065284
10,403,0.8537626246321375
10,404,0.7613376168389374
10,405,0.736016484586887
10,406,0.7512538882514189
10,407,0.6893295673061195
10,408,0.8279016203893598
10,409,0.8572795187324339
10,410,0.7675969799965403
10,411,0.7704040603497927
10,412,0.7400765600362791
10,413,0.7489889888161972
10,414,0.8480685828277692
10,415,0.7399099934325234
10,416,0.7637814804880352
10,417,0.7886483724196435
10,418,0.7510210396526943
10,419,0.7761018947573379
10,420,0.7734375185106599
10,421,0.7165701675209541
10,422,0.703278983439071
10,423,0.7808547940069197
10,424,0.7763531670628115
10,425,0.6623945204907583
10,426,0.7011160464097577
10,427,0.7149113694508697
10,428,0.9078313106714677
10,429,0.7796460779400143
10,430,0.7645249661550578
10,431,0.742406060105079
10,432,0.8122236838536585
10,433,0.7547369746340346
10,434,0.7428603211521644
10,435,0.7313996398057067
10,436,0.7885020192593728
10,437,0.7634888979382172
10,438,0.7931865880994626
10,439,0.7491870050090438
10,440,0.7576905338120561
10,441,0.729731688689911
10,442,0.7727657050544368
10,443,0.7467739567383644
10,444,0.7692232659346124
10,445,0.7374223044566991
10,446,0.7868501164950973
10,447,0.7299120081694245
10,448,0.856579019785738
10,449,0.8755328941047058
10,450,0.8247591130395893
10,451,0.737973156709475
10,452,0.7957218363333805
10,453,0.7674936611042051
10,454,0.7597729225248065
10,455,0.7282821939870757
10,456,0.7479873332189915
10,457,0.7848581456498088
10,458,0.7307597749330546
10,459,0.7251644293104237
10,460,0.7538912991382161
10,461,0.7607832347139415
10,462,0.7760923950874982
10,463,0.7718581110829859
10,464,0.7787828374078454
10,465,0.7866289338099448
10,466,0.7961171166100623
10,467,0.7506851390512851
10,468,0.8124389032875294
10,469,0.7857384554786357
10,470,0.7745130329614522
10,471,0.7116224643309105
10,472,0.744340105548587
10,473,0.7636209811283097
10,474,0.8118263908546665
10,475,0.751192811522905
10,476,0.7577033444379004
10,477,0.7439718325303784
10,478,0.7460902117422437
10,479,0.7756984384463746
10,480,0.7509765359907258
10,481,0.6874421584038641
10,482,0.7750958158733859
10,483,0.8086129550496394
10,484,0.7790588741399102
10,485,0.7670863734713053
10,486,0.7758369502903131
10,487,0.7592358635644325
10,488,0.7773221473940989
10,489,0.8242735011725674
10,490,0.7300726106157671
10,491,0.7416230867751312
10,492,0.7572633579230437
10,493,0.7937416831245098
10,494,0.7550110960855452
10,495,0.8066695626628393
10,496,0.7553342069503101
10,497,0.7810551516661239
10,498,0.76886200407459
10,499,0.8124780236239385
20,0,0.8788265308621046
20,1,0.7461091926383339
20,2,0.81400472086033
20,3,0.7346481384451397
20,4,0.8332114650182952
20,5,0.8638409347466018
20,6,0.886561595006938
20,7,0.7660994256185792
20,8,0.7688535450702025
20,9,0.745367442398252
20,10,0.7662932737957969
20,11,0.7395167069524197
20,12,0.7748611007307338
20,13,1.0007174983336817
20,14,0.8053224587623765
20,15,0.7873647830446723
20,16,0.8609657554544667
20,17,0.7470760649037839
20,18,0.7610032962416794
20,19,0.7811807515143709
20,20,0.8740678782910827
20,21,0.7190809270285927
20,22,0.7579189432731748
20,23,0.7412906929866213
20,24,0.9344073222356419
20,25,0.7825181825634315
20,26,0.9024271964145089
20,27,0.778205243435405
20,28,0.9152486581429577
20,29,0.7620253122279007
20,30,0.8642517460620815
20,31,0.9409341360687967
20,32,0.8699912666455735
20,33,0.6900614957498864
20,34,0.7935958654289875
20,35,0.7309593030863216
20,36,0.9197853084720411
20,37,0.8032109529101549
20,38,0.7601956351348887
20,39,0.7253997666459525
20,40,0.7653768221842074
20,41,0.840873681730842
20,42,0.7995998421922704
20,43,0.7516010258900223
20,44,0.7858840170280994
20,45,0.709396945544189
20,46,0.7722527893830191
20,47,0.8302833506763538
20,48,0.7687446414674354
20,49,0.7840190214112597
20,50,0.7753067328506318
20,51,0.7954035544946777
20,52,0.7756300575839425
20,53,0.962223966458403
20,54,0.8343484767237979
20,55,0.7318834677917955
20,56,0.7945997138536046
20,57,0.949107931185756
20,58,0.7536109065907133
20,59,0.918754456938052
20,60,0.7432093734448899
20,61,0.7548213052438518
20,62,0.7512254090065926
20,63,0.8796473991740453
20,64,0.7458930541658685
20,65,0.8469035940481794
20,66,0.7684711425924556
20,67,0.8021386903795117
20,68,0.8966459165887882
20,69,0.7069308629252777
20,70,0.8484191596975502
20,71,0.7536585361224063
20,72,0.7222625204718479
20,73,0.7531252239026578
20,74,0.7242403004231435
20,75,0.8735639426162588
20,76,0.7628703456567075
20,77,0.7425202919523557
20,78,0.7408550649892515
20,79,0.7417108398654814
20,80,0.84737218922589
20,81,0.9003348815173988
20,82,0.8354139769495964
20,83,0.8362878392095048
20,84,0.8348938237412455
20,85,0.7174858470552704
20,86,0.8678018309366813
20,87,0.7875529483922334
20,88,0.8717005406501988
20,89,0.7960552868965035
20,90,0.7939660886909189
20,91,0.8961083230946845
20,92,0.7811686064604958
20,93,0.7732059038844838
20,94,0.7909227741839664
20,95,0.7542460161056075
20,96,0.8803917704185035
20,97,0.7708070628298526
20,98,0.8158652156838064
20,99,0.8377213321553183
20,100,0.7024808906162546
20,101,0.8146909493763074
20,102,0.7594428404065986
20,103,0.7381910012485289
20,104,0.8448980531739337
20,105,0.7588516048019257
20,106,0.7548823585178857
20,107,0.8548874324285057
20,108,0.7936817129166143
20,109,0.7623363714374666
20,110,0.741311853297839
20,111,0.7444194812689912
20,112,0.8916386869108142
20,113,0.8350120274399854
20,114,0.7207548121509253
20,115,0.8162748788979587
20,116,0.8231256610057371
20,117,0.8180386251479765
20,118,0.7729192734975217
20,119,0.7757703607011557
20,120,0.7179085764658754
20,121,0.8482607435273499
20,122,0.7973215304664399
20,123,1.865536498224683
20,124,0.7032986577388419
20,125,1.1071201065298424
20,126,0.8643680357985427
20,127,0.8075490512202971
20,128,0.7498117953081868
20,129,0.7995317162337515
20,130,0.7909695569089483
20,131,0.7522846202586048
20,132,0.8015633998243598
20,133,0.7585638975932864
20,134,0.7704967974259693
20,135,0.8231798833344977
20,136,0.7925708757370378
20,137,0.7535353062191232
20,138,0.8100984004810443
20,139,0.8764923801231125
20,140,0.837147002638964
20,141,0.7843719336748646
20,142,0.9346829818399324
20,143,0.6953548233403362
20,144,0.7555672887750159
20,145,0.8251375640823708
20,146,0.8401450290896841
20,147,0.7638248827718712
20,148,0.7965217820560251
20,149,0.8004004408313006
20,150,0.6967150601201098
20,151,0.8138716505534119
20,152,0.7875332723230337
20,153,0.7619888231916898
20,154,0.8055441367870769
20,155,0.7931461811090735
20,156,0.8237101939300291
20,157,0.8047295060281776
20,158,0.8129088578643482
20,159,0.6894347398786421
20,160,0.7423085107384955
20,161,0.8167378246445406
20,162,0.7562752437725708
20,163,0.9548224923282621
20,164,0.8678437489675794
20,165,0.7336438520245361
20,166,0.7337811894024223
20,167,0.7959971637899419
20,168,0.8086191195640398
20,169,0.7560975636470406
20,170,0.7751806978008162
20,171,0.7874851008032153
20,172,0.7547295949764201
20,173,0.8145905544836405
20,174,0.7510428974125034
20,175,0.7106088663216542
20,176,0.7392108360526145
20,177,0.7558989335206596
20,178,0.7722668678497814
20,179,0.7650302342246027
20,180,0.7538947300337078
20,181,0.8092924149577585
20,182,0.7623877241062232
20,183,0.7739477662106231
20,184,0.8295310696105297
20,185,0.7962055867770391
20,186,0.761864377984283
20,187,0.8071044813844291
20,188,0.9775155894985423
20,189,0.9186793747144428
20,190,0.7212118853909802
20,191,0.7530358461668661
20,192,0.7573705120814748
20,193,0.800439569353455
20,194,0.7523686888398077
20,195,0.783967239863588
20,196,0.7414309156638089
20,197,0.7712097759637233
20,198,0.7728955438910434
20,199,0.7648487721632417
20,200,0.7834842582949468
20,201,0.7468828284336662
20,202,0.8442187086091417
20,203,0.7676827547230256
20,204,0.7369260735708211
20,205,0.8852813480970201
20,206,0.7581123692721156
20,207,0.7557262553033648
20,208,0.7999393925488785
20,209,0.7658905663973935
20,210,0.7405262216905844
20,211,0.771318687891189
20,212,0.7731953013846253
20,213,0.8109694965942371
20,214,0.7271600050754841
20,215,0.8055130970485621
20,216,0.8680225310827233
20,217,0.7551439019594349
20,218,0.8401844763692222
20,219,0.8220784391549047
20,220,0.8224627081880007
20,221,0.7343984273009739
20,222,0.8718104691952756
20,223,0.9476770560551847
20,224,0.7288684427945709
20,225,0.8079053943139877
20,226,0.7201672338025167
20,227,0.7101804935646395
20,228,0.7231048579155882
20,229,0.9876471818448772
20,230,0.9183627333706509
20,231,0.775409077396659
20,232,1.0772008035658862
20,233,0.78950812446339
20,234,0.8251090493743936
20,235,0.7488583732487659
20,236,0.7656202198457581
20,237,0.7666855715876502
20,238,0.7427526421440399
20,239,0.8289267878003928
20,240,0.7013170375047505
20,241,0.7922195423364403
20,242,0.7889154201292659
20,243,0.7948529324278927
20,244,0.7871637769237118
20,245,0.8930816482120565
20,246,0.8577062393496578
20,247,0.7456276560804307
20,248,0.7343945264367535
20,249,0.7512067396562762
20,250,1.7751888265071076
20,251,0.8244841808515132
20,252,0.8154415144793448
20,253,0.8570510815242719
20,254,1.7957085007128208
20,255,0.8010904979899139
20,256,0.8161036689456792
20,257,0.7210742190444783
20,258,0.7253217942841701
20,259,0.756073535597948
20,260,0.8212707838605673
20,261,0.8519180396761912
20,262,1.005358477954094
20,263,0.9002897727338738
20,264,0.8293688433081157
20,265,0.8011968517761372
20,266,0.856601509169456
20,267,0.8028776947767808
20,268,0.8228458790917541
20,269,0.7478612421619332
20,270,0.7483553713211846
20,271,0.7943708053509247
20,272,0.9422355266292186
20,273,0.722618774957416
20,274,0.8268929890678266
20,275,0.8578150909599301
20,276,0.7762384759357364
20,277,0.7843766148006127
20,278,0.7958425819747758
20,279,0.7479916032556966
20,280,0.8717532980905962
20,281,0.6950630625124912
20,282,0.8363729700924878
20,283,0.7550841870617082
20,284,0.8225904375792477
20,285,0.7773816384248964
20,286,0.7164760859878777
20,287,0.8094603756322862
20,288,0.7322926319692735
20,289,0.8455719108099168
20,290,0.83986319867986
20,291,0.7427936708969438
20,292,0.9060324148280688
20,293,0.8408357962962404
20,294,0.7120759426286494
20,295,0.7541703946319206
20,296,0.9078457824520437
20,297,0.8553096517378367
20,298,0.8607533446459741
20,299,0.8295186339862728
20,300,0.7597128471899748
20,301,0.7473208289055335
20,302,0.7973483208689752
20,303,1.028028238827479
20,304,0.8172053462088545
20,305,0.7572710966315986
20,306,0.8138124614596197
20,307,0.7426577752276509
20,308,0.925532223672373
20,309,0.8190738219164015
20,310,0.783625111148224
20,311,0.7785563099727795
20,312,0.745793446703618
20,313,0.7667435093741704
20,314,0.8153398115362585
20,315,1.051788085401438
20,316,0.8928361633909705
20,317,0.775405172314685
20,318,0.8046551845625796
20,319,0.6922026492974183
20,320,0.8831053607502997
20,321,0.7654471240538744
20,322,0.7520251930415436
20,323,0.8733208317061656
20,324,0.7654179811216723
20,325,0.7456852385924706
20,326,0.8051763508291467
20,327,0.7755578383875601
20,328,0.8417892101555904
20,329,0.8778982844390523
20,330,0.8146928769796239
20,331,0.7660576292253909
20,332,0.7199270031986027
20,333,0.7540978581387019
20,334,0.7783777850621914
20,335,0.7939624695949162
20,336,0.8039396991569563
20,337,0.9800830028199075
20,338,0.7341746381417422
20,339,0.7401309687697692
20,340,0.718419563105911
20,341,0.7529409952855953
20,342,0.833900382606026
20,343,0.7010185415498239
20,344,0.8188509657900493
20,345,0.7733878237854614
20,346,0.8068616152183272
20,347,0.8204866442363504
20,348,0.7938866936055656
20,349,0.7700945462278337
20,350,0.7798991510168671
20,351,0.7466517259657255
20,352,0.7119785026506847
20,353,0.8507541474888475
20,354,0.8134932533628123
20,355,0.8055881190402304
20,356,0.8263880272245033
20,357,1.9816033561017459
20,358,0.7296005107079504
20,359,0.8572541183620204
20,360,0.7878538667601298
20,361,0.843472254153055
20,362,0.7346463593892606
20,363,0.7550636717387139
20,364,0.7964187707494782
20,365,0.7577586118465836
20,366,0.8297207237523075
20,367,0.7959773899353492
20,368,0.8075873245639864
20,369,0.7459614565060612
20,370,0.7058192012283989
20,371,0.7741090013238807
20,372,0.8095715311801059
20,373,0.9163898017309025
20,374,0.7524504491982167
20,375,0.774825442344533
20,376,0.7805217123714626
20,377,0.8688228871444067
20,378,0.7333554598556823
20,379,0.7729553937763801
20,380,0.822366020408025
20,381,0.7282948007252638
20,382,0.7684795534347698
20,383,0.7754850964574836
20,384,0.8008208408170936
20,385,0.7512241476185211
20,386,0.837733792832789
20,387,0.7337476530217141
20,388,0.7494833041005011
20,389,0.8114743901026854
20,390,0.719018731174664
20,391,0.8126532938226898
20,392,0.7967382229693769
20,393,0.8908143217553279
20,394,0.7996851809927346
20,395,0.7874286688007307
20,396,0.7238838770834239
20,397,0.7688539231885602
20,398,0.746196037274804
20,399,0.7445354694115879
20,400,0.8431752127718051
20,401,0.7943426099759572
20,402,0.7715142834721997
20,403,0.7712198269107701
20,404,0.7092385296004278
20,405,0.8276646851360272
20,406,0.7516441558335614
20,407,0.8408162035450876
20,408,0.7273197011711521
20,409,0.7962574772072297
20,410,0.7464209158336473
20,411,0.7286607851442477
20,412,0.693488027793527
20,413,0.7929787356051061
20,414,0.7299199330363753
20,415,1.0051933431158606
20,416,0.7490624709074345
20,417,0.6852619505882577
20,418,0.7506701183681662
20,419,0.7581302149651634
20,420,0.9506345321639017
20,421,0.7680189774203495
20,422,0.7549216152653568
20,423,0.7462159941069628
20,424,0.7410155218173577
20,425,0.7943301636243436
20,426,0.7670931156491669
20,427,0.7969828519280527
20,428,0.8061411563018243
20,429,1.1170092556496694
20,430,0.8170050288953072
20,431,0.9005182908401838
20,432,0.7928385909583939
20,433,0.7641499725100109
20,434,0.8863205851933017
20,435,0.7061175372426571
20,436,0.8726635171516324
20,437,0.7842031742149791
20,438,0.7409714255767963
20,439,0.7590890199403484
20,440,0.7765509847357286
20,441,0.7900072053924034
20,442,0.8068980498142523
20,443,0.7497343408501329
20,444,0.8622171322757656
20,445,0.752622275193011
20,446,0.7443056206882583
20,447,0.7477632824625393
20,448,0.7843215345437498
20,449,0.7470038685684234
20,450,0.7652341607923688
20,451,0.7596619616484107
20,452,0.840438801571036
20,453,0.7764497454441776
20,454,0.7618467290105049
20,455,0.7489430561251641
20,456,0.8924370565293439
20,457,0.9232645397234615
20,458,0.8591221127946508
20,459,0.9625226247100088
20,460,0.7043040660351146
20,461,0.7704234034265116
20,462,0.8089834901983852
20,463,0.7548459772471008
20,464,0.79694272223876
20,465,0.8174163407684655
20,466,0.7422975059755972
20,467,0.7560040489060452
20,468,0.7706923426006644
20,469,0.798032722919279
20,470,0.80577157789599
20,471,0.7590082084820786
20,472,0.8644640853289572
20,473,0.7446607247584487
20,474,0.7807624959002283
20,475,0.8889694051936392
20,476,0.7821545119897375
20,477,0.8268230700430553
20,478,0.8146836686949502
20,479,0.8264733710619061
20,480,0.8059457348978528
20,481,0.7208830367689306
20,482,0.8322221121166374
20,483,0.7804331521236144
20,484,0.740477950044464
20,485,0.7166944578188919
20,486,0.7414257820383003
20,487,0.8174199317651973
20,488,0.7543888585261334
20,489,0.8261461721639591
20,490,0.7711240671542557
20,491,0.8268198329384604
20,492,0.7726840097968581
20,493,0.750551253259693
20,494,0.7322608908687144
20,495,0.7906456160963169
20,496,0.790341172815986
20,497,0.8201637095194131
20,498,0.8050621252950162
20,499,0.7774520077113859
30,0,1.0865103755561676
30,1,0.8236083594337554
30,2,0.9176664586704535
30,3,0.8790747660805825
30,4,0.8695574407363894
30,5,0.7937521487956397
30,6,0.8021121315100945
30,7,0.8208988581631542
30,8,0.6996859783024667
30,9,0.800542154506875
30,10,0.736305812669201
30,11,0.8477716453455091
30,12,0.8676919901120773
30,13,0.8658519923361252
30,14,0.8006973579529103
30,15,0.7931898852572494
30,16,0.7763108005702909
30,17,0.7381700628897564
30,18,0.7702956489887787
30,19,0.7871696494114492
30,20,0.791174312766045
30,21,0.7674811241476943
30,22,0.8571467918792598
30,23,0.6933136531365753
30,24,0.7552085166291891
30,25,0.7812617435557635
30,26,0.7139765095500412
30,27,0.911190811095448
30,28,0.6672494385246079
30,29,0.7718150965050021
30,30,0.9060052942604366
30,31,0.8471614393201161
30,32,0.7429312452430202
30,33,0.7502500065299
30,34,0.6988460154179997
30,35,0.7947005382377362
30,36,0.8332982528264983
30,37,0.7809310783201406
30,38,0.7720739115378744
30,39,0.7940242153056601
30,40,0.9668850339307389
30,41,0.7503814777625316
30,42,0.9127972370070032
30,43,0.999699274242003
30,44,0.7506814634069492
30,45,0.7115157173523041
30,46,0.9247721025103196
30,47,0.7306444357291494
30,48,0.7868999515436873
30,49,0.7367915664521936
30,50,0.8031218846800066
30,51,0.766544942877164
30,52,0.8908992056358803
30,53,0.934164727911044
30,54,0.9425361336618733
30,55,0.7867615377650389
30,56,0.8715609432230196
30,57,0.7337777297522822
30,58,0.780470077772286
30,59,0.8574849762395952
30,60,1.0577677903151328
30,61,0.8350739881675417
30,62,1.0806588422519119
30,63,0.728013794243256
30,64,0.8217435909025961
30,65,0.7763074643573268
30,66,0.7342059690613787
30,67,0.8142903837442907
30,68,0.737764796190987
30,69,0.9603599743124277
30,70,0.9271165310248113
30,71,2.249589538225745
30,72,0.9085316514393339
30,73,0.7853800269403467
30,74,0.8516711883884036
30,75,0.7724927364537927
30,76,0.7874404581061754
30,77,0.7462444352088499
30,78,1.0721552943365038
30,79,0.9568834097123543
30,80,0.7697573478296915
30,81,0.81459538138187
30,82,0.8880197245793634
30,83,0.7792381357173397
30,84,0.9219245790951628
30,85,0.8186540204775854
30,86,0.7221274033819091
30,87,0.7813485242795996
30,88,0.7299657809307605
30,89,0.8232233929057943
30,90,0.8979915571526544
30,91,0.8593313375759436
30,92,0.7987939694752565
30,93,0.7007538601184188
30,94,0.7270131326713369
30,95,0.7868950857705478
30,96,0.9770795641099262
30,97,0.7537460139914126
30,98,0.7619723403010599
30,99,0.7960141937442834
30,100,0.7135086531150109
30,101,0.904965573263357
30,102,0.782536716246633
30,103,0.8426848679755778
30,104,0.7750220418170487
30,105,0.8645762999405188
30,106,0.8467712346719191
30,107,0.850463075621092
30,108,0.8590638767192645
30,109,0.8259026687815587
30,110,0.8436462678875657
30,111,0.738649329710163
30,112,0.728181664363969
30,113,0.7809483996656058
30,114,0.7963427946712147
30,115,0.8296869571353743
30,116,0.9189128395465899
30,117,0.7296331331580055
30,118,1.0879654757390231
30,119,1.096412725840692
30,120,0.7485236423842003
30,121,0.8194386522025313
30,122,0.8435513704879214
30,123,0.7904909975637306
30,124,0.763865155316347
30,125,0.9257588455677891
30,126,0.8614442525254479
30,127,0.7830911692015574
30,128,0.9854150929675618
30,129,1.0658832673490726
30,130,0.8589631227411847
30,131,0.8342203414227158
30,132,0.8514117222038446
30,133,0.8694350880321934
30,134,0.8085851653466372
30,135,0.7585500973944413
30,136,0.7890399330335297
30,137,0.941909448978719
30,138,0.7483862265166167
30,139,0.7445841076470694
30,140,0.8661845725433616
30,141,0.9088830225988594
30,142,0.8017674301403854
30,143,0.8581017032258719
30,144,0.8081180164227799
30,145,0.8361765134472058
30,146,0.7700750373608121
30,147,0.7569387858563268
30,148,0.7759380422418983
30,149,0.8748023040343864
30,150,0.7474047714165579
30,151,0.8439695764966826
30,152,0.7923927859240367
30,153,1.1570296477098678
30,154,1.816675051584871
30,155,0.80996623251963
30,156,0.8415851209108832
30,157,0.8069322162742176
30,158,0.8243081597630548
30,159,0.9378723452807795
30,160,0.8755243845245161
30,161,0.8212690739943916
30,162,1.0945285284616368
30,163,0.8451356522823169
30,164,0.8475495342988413
30,165,0.7649027303862083
30,166,0.9067390229791967
30,167,0.9183988175641455
30,168,0.8742382394127747
30,169,1.142759548827698
30,170,0.8066864486705466
30,171,0.7498322582698767
30,172,0.8149732141492851
30,173,0.806370722559835
30,174,0.7980343293602729
30,175,0.7441395037976487
30,176,1.0637714539020713
30,177,0.7587291604886227
30,178,0.7420108875427871
30,179,0.8339857484618157
30,180,0.8782802637973856
30,181,0.8733937990129407
30,182,0.8631197412761599
30,183,0.7642635099445204
30,184,0.774441572113955
30,185,0.8407532386731059
30,186,0.7690485100968251
30,187,0.7073071650778904
30,188,0.795959117516484
30,189,0.7164622595437418
30,190,0.8532161121606553
30,191,0.8234003245480433
30,192,0.7929438920825098
30,193,0.871462145173595
30,194,0.8090734219943149
30,195,0.8496049170748368
30,196,0.7871023857651589
30,197,0.740719074284878
30,198,0.7871752935224434
30,199,0.7688846361523352
30,200,0.8129638534333927
30,201,0.9089971396788803
30,202,0.8656790875529096
30,203,0.7794059643645078
30,204,0.7404930819047716
30,205,0.8012427009350793
30,206,0.7666716779693891
30,207,0.9350862621785397
30,208,0.7958640437535539
30,209,0.799830456184758
30,210,1.0302817096250934
30,211,0.774796244165419
30,212,0.7741582086472838
30,213,0.94992277791805
30,214,0.7745435058593455
30,215,0.8231112387553581
30,216,0.8430066767137119
30,217,0.9954935975523056
30,218,0.7653365416879125
30,219,0.9109007661345918
30,220,0.8514054079626205
30,221,1.0533239512346604
30,222,0.9262831864444526
30,223,0.7846248134844885
30,224,0.7097846487436797
30,225,1.0187668022140723
30,226,0.9276255105603797
30,227,0.8218623679676625
30,228,1.1654192812439637
30,229,0.9636567998753153
30,230,0.713533132162914
30,231,0.6965043801392093
30,232,0.779806849422698
30,233,0.8083903865240396
30,234,0.8565987096380923
30,235,0.9629815255639389
30,236,0.9620915511321868
30,237,0.8201366148737632
30,238,0.872925934971493
30,239,0.728519728579153
30,240,0.7882888587668035
30,241,0.7767127186912802
30,242,0.9496610783551623
30,243,0.8028815995124458
30,244,0.8002968517195136
30,245,0.7818843266770763
30,246,0.8350402550635831
30,247,0.8859313494464629
30,248,0.7753947663302281
30,249,0.9359068519578773
30,250,0.7096088895645735
30,251,0.7375548841326801
30,252,0.8108903978629953
30,253,0.7473491919245466
30,254,0.7760785872136905
30,255,0.8825915415084669
30,256,0.7590249949627655
30,257,1.2149401260603225
30,258,0.743910380377434
30,259,0.8754325610562202
30,260,1.1269691264063122
30,261,0.7740349721998339
30,262,0.7695518715108494
30,263,0.8224733043883228
30,264,0.7879540429432109
30,265,0.7836225703429546
30,266,0.7456572197660752
30,267,0.7744176674845087
30,268,0.9368989750946053
30,269,0.7919145252085934
30,270,0.9460087324955835
30,271,0.7673561049842723
30,272,0.8477255693565721
30,273,0.8138268191300376
30,274,0.8372512724208077
30,275,1.0447052695169663
30,276,0.9613724626982169
30,277,0.7864688975689808
30,278,0.8025671026043897
30,279,0.7380269219742545
30,280,0.7606230294952643
30,281,0.8170724139162876
30,282,0.8701124173299933
30,283,1.032329633481177
30,284,0.7286057011834585
30,285,0.8002038491651919
30,286,0.9203716442023357
30,287,1.2083352456639451
30,288,0.8449755774526002
30,289,0.8945945383514011
30,290,0.7811945759883686
30,291,0.7256682144132133
30,292,1.0971685842880332
30,293,0.7981321900757634
30,294,0.7979719109835337
30,295,0.76007096105683
30,296,0.7790034624191158
30,297,0.8551538887950196
30,298,0.9817479428642403
30,299,1.0953272690985296
30,300,1.0531477353788872
30,301,0.9180744277848789
30,302,0.8797865624519006
30,303,0.8925638453911344
30,304,0.7938048583344041
30,305,0.7787472277436105
30,306,0.8829748094878971
30,307,1.096883574426889
30,308,0.839723168599814
30,309,0.7586754794538463
30,310,0.7710333038149398
30,311,0.8413020282674503
30,312,0.7988356661511172
30,313,0.9335811699726596
30,314,0.7744921805982792
30,315,0.7876821391572578
30,316,0.9616586528673987
30,317,0.8050689023973807
30,318,0.8716357917891344
30,319,0.7911545906836559
30,320,0.8359717708397321
30,321,0.7625932184015148
30,322,0.7781465495664588
30,323,0.8999760164239491
30,324,0.8118632220385343
30,325,1.0093310543428602
30,326,0.763843036347681
30,327,0.8099436892102414
30,328,0.8234501466226578
30,329,0.7812324561599598
30,330,0.8792258549404524
30,331,0.8623616869068219
30,332,0.8204150662372119
30,333,0.7430269931442187
30,334,0.8227763164203439
30,335,0.7397537580005091
30,336,0.7772280004711134
30,337,0.9011689927280123
30,338,0.8952933186220052
30,339,0.9645408539035618
30,340,0.7854243885150283
30,341,0.8370325572468238
30,342,0.8178376043033382
30,343,0.8756107706797759
30,344,0.795407835743738
30,345,1.0818747148861212
30,346,0.7238544070453715
30,347,0.7621361264663117
30,348,0.7647479090059217
30,349,0.743409539096274
30,350,0.9859038244526587
30,351,0.7854253602107721
30,352,0.7486859355140282
30,353,0.8076915766800027
30,354,0.8552078267932006
30,355,0.7199330050817464
30,356,0.8282290068606118
30,357,0.776691848314466
30,358,0.7394368778924263
30,359,0.8939582305719863
30,360,0.7622833409239177
30,361,2.0995657787742257
30,362,0.7766854306902269
30,363,0.7151017144182967
30,364,0.8435448424352255
30,365,0.7162317006406718
30,366,0.8217978358713312
30,367,0.9624242771457352
30,368,0.9261926923910968
30,369,0.7782942488674992
30,370,0.820975513796343
30,371,0.7629421112168725
30,372,0.7766345781863682
30,373,0.7594640075313963
30,374,0.8619188198993959
30,375,1.004622358621608
30,376,0.7893626727859251
30,377,0.7565834315510113
30,378,0.8200307043358255
30,379,0.9471472630788693
30,380,0.9428341593958178
30,381,0.7723216565447714
30,382,0.9536090184876532
30,383,0.86707460899671
30,384,0.9658323401139298
30,385,0.779658641910473
30,386,0.9104404144917403
30,387,0.8825915135803221
30,388,0.7955971525670532
30,389,0.8264777148934777
30,390,0.7866835050486617
30,391,0.7839822424638235
30,392,0.7767757298972594
30,393,0.8031779000489289
30,394,0.7178437870597388
30,395,0.8975207504868511
30,396,0.9509995562206611
30,397,0.8780289215940545
30,398,0.763550913178311
30,399,0.7557361721524453
30,400,0.814204432942171
30,401,0.8184617177727828
30,402,0.7522035468353722
30,403,0.8506147739789606
30,404,0.7101755820917169
30,405,0.7618107252873575
30,406,0.7255389022874947
30,407,0.7429343483053645
30,408,0.9206307019073572
30,409,0.7521290800468887
30,410,0.9984743594354215
30,411,0.7970384026812615
30,412,1.043664091839059
30,413,0.805030637496758
30,414,0.9190341529802477
30,415,0.7115441268481184
30,416,0.8730600772528746
30,417,0.8123211886994002
30,418,0.7830336537005677
30,419,0.815506228627002
30,420,0.8481038533182578
30,421,0.7322906868331762
30,422,1.0258072796610185
30,423,1.0809413009498252
30,424,0.925212840906114
30,425,0.7780454335337875
30,426,1.1032399227523155
30,427,0.7560861222002513
30,428,1.1285416809793762
30,429,0.8514903333434679
30,430,0.9449208838314189
30,431,1.0403176181685145
30,432,0.8492560049165118
30,433,1.1185457000297307
30,434,0.7693809393883037
30,435,0.8133081462953117
30,436,0.876126792921213
30,437,0.8905550814818561
30,438,0.8066451335001922
30,439,0.9571204896593714
30,440,0.762377418094693
30,441,0.7448095762610708
30,442,0.7922857428428433
30,443,1.0519269889604834
30,444,0.9479910563156804
30,445,0.8739610182208795
30,446,0.8387038489734705
30,447,0.91146836366681
30,448,0.8944067433360094
30,449,0.7683361907771282
30,450,0.7536224380156566
30,451,0.7612664963167424
30,452,0.8011842650494178
30,453,0.7754875538275141
30,454,0.8012501413237628
30,455,0.841826105338908
30,456,0.8108941025523145
30,457,0.7301845579058481
30,458,0.8511553832080331
30,459,0.9776053834538629
30,460,0.8803391890794978
30,461,0.8032799678424942
30,462,0.7604386538456442
30,463,0.8065375930068208
30,464,0.9018875628234453
30,465,0.7697601935209473
30,466,0.8368411223074561
30,467,0.8021091709009984
30,468,0.7277010631866025
30,469,1.0654378270169345
30,470,0.8480863004812877
30,471,0.8553659825742711
30,472,0.8858584470265679
30,473,0.8959300822603159
30,474,0.8151555409157228
30,475,0.7549559562953994
30,476,0.8495358845774611
30,477,0.968719908332221
30,478,0.7555851020021268
30,479,0.7753712724789684
30,480,0.7252885700942894
30,481,0.7819913976085131
30,482,0.9779857319243896
30,483,0.7419686208072163
30,484,0.8434006264906287
30,485,0.9385782714166501
30,486,0.8649964806118202
30,487,0.7270567593455014
30,488,0.7253585858758704
30,489,0.8401370182799366
30,490,0.7580457997497446
30,491,0.837959121439986
30,492,0.7346396759686301
30,493,0.8119998496412373
30,494,0.7847772969759402
30,495,0.834804995240783
30,496,0.7623398757960221
30,497,0.7760297209968267
30,498,0.9520161514160518
30,499,0.7903916175543709
40,0,0.8142683745887617
40,1,0.729503021067865
40,2,1.0170431146803285
40,3,0.7598731743366738
40,4,0.9531043961470277
40,5,0.8313652029045617
40,6,0.8009976880270943
40,7,1.2138145787118086
40,8,0.8075846592596873
40,9,0.9989250342012677
40,10,0.9713288433259668
40,11,0.7718566408167453
40,12,0.7703974882959578
40,13,1.1025068099481183
40,14,0.8210879576895843
40,15,0.7974359852797679
40,16,0.9374917991327597
40,17,0.7746561998127954
40,18,0.8438682655520161
40,19,0.9881807438604774
40,20,0.7656905275603135
40,21,0.8369743279657985
40,22,0.9287992905845354
40,23,1.0060940007539985
40,24,0.8382083873129936
40,25,1.1149727341576285
40,26,0.6948631070280566
40,27,1.0068312930452208
40,28,0.7656456891465325
40,29,0.770489603565497
40,30,0.9292306107614363
40,31,0.8162158541312663
40,32,0.7641996258113061
40,33,0.75666641714356
40,34,0.8778326892351741
40,35,0.9014751849113563
40,36,1.1821912638263288
40,37,0.7857313374164162
40,38,0.8629403205740402
40,39,1.013010803712048
40,40,0.8229874328949892
40,41,1.4629740134448126
40,42,0.8605203233603494
40,43,1.083424594427383
40,44,0.8757768082634366
40,45,1.1444660038051608
40,46,0.8927940038270186
40,47,0.9155059461809454
40,48,0.9408963012704101
40,49,0.9594257232193675
40,50,0.7427022696220659
40,51,1.0231426394548535
40,52,0.951087848171534
40,53,1.1624153958413261
40,54,0.9122587508021707
40,55,1.0093491966340509
40,56,0.7294721406938686
40,57,1.2417872551392974
40,58,0.7890467249257885
40,59,0.8437679260662242
40,60,0.7630109778123528
40,61,1.3885245769805035
40,62,0.8308862062691449
40,63,0.8062878933667977
40,64,0.7925029146325449
40,65,0.7776645300954323
40,66,0.8136520798353054
40,67,0.8131183285435292
40,68,0.9036718984184402
40,69,0.8162729539663606
40,70,1.112370043747437
40,71,0.8992164957802427
40,72,0.872834380673756
40,73,0.9093148649687824
40,74,1.8044467478020354
40,75,0.7669593121774617
40,76,0.9654442398628025
40,77,0.8071169017014375
40,78,1.0209611212326806
40,79,0.8294670451119196
40,80,0.8217407391107158
40,81,0.7528360516901348
40,82,0.8976830252956689
40,83,0.7724725263626596
40,84,1.07156878360142
40,85,0.9449164909419505
40,86,0.9402072760748105
40,87,0.82085428011023
40,88,0.8937472687637991
40,89,0.9090491189467946
40,90,0.8586180102176647
40,91,0.7336674582136002
40,92,0.8961954863680467
40,93,1.034846245359154
40,94,0.8760684856639214
40,95,0.7691195406852214
40,96,0.9330165017666968
40,97,1.1050754382603853
40,98,0.9523013968686063
40,99,0.7772368815368516
40,100,0.7879423402094726
40,101,0.756869663197753
40,102,0.9066249885136703
40,103,0.8555209866930632
40,104,0.8590619714879655
40,105,0.9160956773998867
40,106,1.1118669056305182
40,107,0.7898539721291061
40,108,0.7699271812650659
40,109,0.8591959963349612
40,110,0.7866589231200549
40,111,0.8464113874848429
40,112,1.8239537764883436
40,113,0.7854355026113794
40,114,0.7723739298612452
40,115,1.075322490473859
40,116,1.0996860293659207
40,117,0.773137677297887
40,118,1.0305348340816791
40,119,1.2833054036232776
40,120,0.8947536668038827
40,121,0.8428402822498587
40,122,0.7892598958186513
40,123,0.8747672482401538
40,124,0.7517629176453804
40,125,0.7547577638594123
40,126,0.9324078097302702
40,127,0.8210327150797837
40,128,0.8147636707807142
40,129,1.249235645443283
40,130,0.9771330832495043
40,131,1.2294205255233042
40,132,1.257605024918707
40,133,0.8106317843533304
40,134,0.7678682403304375
40,135,0.9796834162791814
40,136,0.7599982435314495
40,137,1.0726274627824128
40,138,0.8124389969602015
40,139,0.8638900065662315
40,140,0.7404056165964377
40,141,1.0177735496787363
40,142,0.767498486372652
40,143,0.8140861031947334
40,144,0.816093774495455
40,145,0.7870950611983258
40,146,0.7859873735429278
40,147,0.8220453464800435
40,148,0.7041650773991017
40,149,0.8474240594641996
40,150,0.7530517939448682
40,151,0.817779998600535
40,152,0.8564155729305196
40,153,0.7889310188107129
40,154,0.7780728277987116
40,155,0.9369106744160605
40,156,0.9727032101123503
40,157,0.8208108809917586
40,158,0.7457702458868596
40,159,1.6089699623388019
40,160,0.7471444963147431
40,161,1.0015691020610589
40,162,0.9995746573039792
40,163,0.8239984150725138
40,164,0.9791650574195142
40,165,1.0449143048642116
40,166,0.908182229681282
40,167,0.8100620022490127
40,168,0.8012354724570987
40,169,0.9636275107427074
40,170,0.7717392681924753
40,171,0.7757232386328878
40,172,0.7886010378271304
40,173,1.0617867306701783
40,174,0.7894128066546937
40,175,1.0546073196810335
40,176,1.047409425968643
40,177,0.8451221720901587
40,178,0.7687278000295775
40,179,0.694893788530397
40,180,0.8422649950958083
40,181,0.7881831131939477
40,182,1.174540649739419
40,183,0.8669247468333146
40,184,0.9687736460109161
40,185,0.7927561482862974
40,186,0.7406647302168419
40,187,1.0727554076246784
40,188,0.8803813488532612
40,189,1.0426710144297104
40,190,0.96554782476947
40,191,1.0853034963205446
40,192,0.7155898981528864
40,193,0.8828912444933525
40,194,1.087243667020904
40,195,0.7686684657656626
40,196,0.8062111964656363
40,197,0.7586095690132756
40,198,0.909626564494656
40,199,0.9872989324116599
40,200,0.7926996647949776
40,201,0.8960762660373687
40,202,0.9500047875765261
40,203,0.7888239443122025
40,204,1.0349412038109433
40,205,0.7372584085929711
40,206,0.7083423904929843
40,207,1.1297832241124823
40,208,0.7537163026136148
40,209,0.7571756351115245
40,210,1.1949872515097184
40,211,0.9452195271985042
40,212,0.8605564887208714
40,213,0.7133244724694989
40,214,0.8994097067243533
40,215,0.8615005416047327
40,216,0.8482176199396185
40,217,0.7854237325290022
40,218,0.8824498025077613
40,219,0.881446946637028
40,220,0.74315480315746
40,221,0.9706564886519711
40,222,1.0493529612419779
40,223,1.0095692051216774
40,224,0.8379808838772262
40,225,0.8957135085926718
40,226,1.230244197995022
40,227,0.782141530304395
40,228,0.7560281807526905
40,229,0.8614942582407535
40,230,1.0594399384766913
40,231,0.9140113814005401
40,232,0.82889393113595
40,233,0.7958350392081379
40,234,0.8160153829302658
40,235,0.9608225481392763
40,236,0.7784262615939395
40,237,0.8171259582720256
40,238,1.1416968344454845
40,239,0.8007890545783316
40,240,0.7739781711790292
40,241,1.132137559058522
40,242,0.7622425140482513
40,243,0.8581060957062101
40,244,0.8935035588317326
40,245,0.80771054007113
40,246,1.1737664441579692
40,247,0.8164828377613851
40,248,0.8083873765460794
40,249,0.7885886168860053
40,250,0.722813840309639
40,251,0.8250418024821374
40,252,0.8120326052040784
40,253,0.7343930738866832
40,254,0.8279969514094023
40,255,0.8595713347987596
40,256,1.1380428263847466
40,257,0.9196154347019919
40,258,1.0608388719999138
40,259,0.7976838415720906
40,260,0.9663862669409534
40,261,0.8586531193740606
40,262,0.903336368828496
40,263,0.7533624306011366
40,264,0.7846462745342162
40,265,0.9259490738808672
40,266,0.7701677625632771
40,267,0.9083967132187565
40,268,0.9134747281037412
40,269,0.7852087940652852
40,270,0.8039604717256891
40,271,0.830226826034133
40,272,0.7677997566089794
40,273,1.0166532466114662
40,274,0.7978662712296954
40,275,0.9211785791708212
40,276,0.7484343438142222
40,277,0.9175791212396336
40,278,0.8470082304623434
40,279,0.8358269332092908
40,280,0.9272907969319842
40,281,0.7109671102827588
40,282,1.0028002206775073
40,283,0.9695204562882971
40,284,0.7921303813383961
40,285,0.88634964655057
40,286,0.8705669026762728
40,287,1.1249879177307174
40,288,0.7802878127375418
40,289,1.031292096172926
40,290,0.7431938548649091
40,291,0.7457410863959069
40,292,0.766280274761475
40,293,0.7888058179926634
40,294,1.0963814628309763
40,295,0.9769989062748571
40,296,1.0804570417011534
40,297,0.9369013421445009
40,298,0.738818383748531
40,299,0.8223359191106804
40,300,0.884607786687443
40,301,0.8499831619766673
40,302,0.8260499517977095
40,303,1.1464133910711805
40,304,0.8117999319759859
40,305,0.8024481213883771
40,306,0.9270956444661033
40,307,0.8236373585278071
40,308,0.864392748269162
40,309,0.8310207007901226
40,310,0.779772065141067
40,311,0.8437857425152522
40,312,0.8084837829386678
40,313,0.694886378311076
40,314,1.0336413623022769
40,315,0.7440501933860646
40,316,0.8368596012184354
40,317,0.8162938644721189
40,318,1.0379349610036093
40,319,1.5411044802827618
40,320,0.7529218602416539
40,321,0.8384606023063
40,322,0.9313623171087875
40,323,0.7331469803253946
40,324,1.145647136033515
40,325,0.9175518893847764
40,326,0.8102745507775081
40,327,1.080238728867439
40,328,1.1456492520471717
40,329,0.8943033690849852
40,330,0.8440096890896152
40,331,0.9731838627570057
40,332,0.7759702417477652
40,333,1.1491822235848086
40,334,0.9004254988949433
40,335,0.9053469807413145
40,336,0.8723992973303882
40,337,0.8392878463308443
40,338,0.7572371975695864
40,339,0.7717752650301922
40,340,1.050693894374022
40,341,0.8267814004447793
40,342,0.9583142612875649
40,343,0.8307879603270052
40,344,0.8141395352926701
40,345,0.8703531714848867
40,346,0.7962649185370576
40,347,0.9522216401099606
40,348,0.9360787411867802
40,349,0.9739676367527172
40,350,0.8642590303034045
40,351,0.9807502954763682
40,352,1.2481479155284945
40,353,0.8115510668474819
40,354,0.7625991483493529
40,355,0.7527621682847204
40,356,0.7487278039957678
40,357,0.7876992707027025
40,358,0.9168375116892123
40,359,1.2561122592964604
40,360,0.8646536622706535
40,361,0.7830796014427747
40,362,0.7407005289854621
40,363,1.042322685169041
40,364,0.8669190980671415
40,365,0.88376296722637
40,366,1.1841490197608158
40,367,0.8113099103626817
40,368,0.8342281481464173
40,369,0.764907881760018
40,370,0.9533376916678303
40,371,0.7045006449336224
40,372,1.0864416329331534
40,373,1.0363209246003966
40,374,0.710262483356546
40,375,0.779288790759113
40,376,1.270030400214241
40,377,1.0192970402772576
40,378,0.9774771560494153
40,379,0.8491354645955846
40,380,0.7865882261210932
40,381,0.7884826387539922
40,382,0.8456919069157137
40,383,0.7202426428131169
40,384,1.0541365580544175
40,385,0.8213895791625875
40,386,0.7192282961808533
40,387,1.2053108018600742
40,388,0.9279994799869072
40,389,0.8803901423352553
40,390,0.9072846707308914
40,391,0.7698559517091571
40,392,0.8993486164580379
40,393,1.158269708491244
40,394,0.805637608076816
40,395,0.8577238027324248
40,396,0.924998207971493
40,397,0.783852696181307
40,398,1.527699409655131
40,399,0.7935875245337863
40,400,0.9033819385825841
40,401,0.959745551667634
40,402,1.0023705741822437
40,403,0.9740885169166564
40,404,0.8930515497046669
40,405,1.171431589346778
40,406,0.8582927802874867
40,407,0.7254379524277651
40,408,0.7564392461982706
40,409,1.1468471629379564
40,410,0.8937551364343508
40,411,0.788714447071099
40,412,0.7580281662674997
40,413,0.7694301138100257
40,414,0.7971149220582954
40,415,0.7901315704706756
40,416,0.9176679835843813
40,417,1.5724688725624028
40,418,0.8017923699075291
40,419,0.899059993897381
40,420,1.190504170352857
40,421,0.8200429724307859
40,422,0.8324044451895418
40,423,0.7896824056574094
40,424,0.9198354639089025
40,425,0.832565699911443
40,426,0.8031675065930499
40,427,1.1423103712931981
40,428,0.8163943169848525
40,429,0.7883472427091851
40,430,1.0280844755639795
40,431,0.736534582234314
40,432,1.0433996068826328
40,433,0.8983091740248863
40,434,1.0592100328637983
40,435,0.8183770431494035
40,436,0.751184718622517
40,437,0.8728793515935912
40,438,0.8080203855723711
40,439,0.8868504867279261
40,440,0.7525930518987732
40,441,0.7246936404980441
40,442,0.8979373453987929
40,443,0.80647644860788
40,444,0.8455452930816832
40,445,0.7045572151688825
40,446,0.8121524362265986
40,447,0.7164165507290372
40,448,0.8916249853814356
40,449,1.1748700681872684
40,450,1.4692978933284742
40,451,1.0450244204607189
40,452,0.8455619337956305
40,453,0.8007095797487703
40,454,0.7918493278342137
40,455,1.35527275693232
40,456,0.8291976540036865
40,457,0.8630280071793766
40,458,0.7326273679829821
40,459,0.9313648775361604
40,460,0.9262363330454985
40,461,0.869913007181093
40,462,0.7657356324639075
40,463,1.4333812742522445
40,464,0.862319288786437
40,465,0.7464697840992873
40,466,0.8528585492098603
40,467,3.4619151068736826
40,468,0.8760868725736295
40,469,1.1582813324575183
40,470,0.7888098902975526
40,471,0.8314146916100429
40,472,0.7515761444794304
40,473,0.7562458681416244
40,474,0.8034149027644671
40,475,1.023953227524639
40,476,0.8913341005100474
40,477,0.7758999706546506
40,478,0.8068709249366648
40,479,0.9022942692017778
40,480,0.8737335901819003
40,481,0.9318422973970512
40,482,1.0440067485368305
40,483,0.8124645645926667
40,484,0.7350219146815911
40,485,1.2196578454812477
40,486,0.7020344729023854
40,487,0.9155115029746744
40,488,0.7868180133478084
40,489,0.8823363994730171
40,490,0.6868356509187795
40,491,1.0570334655661826
40,492,0.888204703329412
40,493,0.9372800816656415
40,494,1.8386971767987774
40,495,0.8524337631942981
40,496,0.7633710742914852
40,497,1.6385078394829715
40,498,0.7504734245361833
40,499,0.9768257864377179
50,0,0.8856713988016248
50,1,0.8238331023462677
50,2,0.8575172060664404
50,3,0.9225721686800887
50,4,0.8203088712965386
50,5,1.1335330877226573
50,6,0.9599521529615737
50,7,0.9774883411514498
50,8,0.8920916198211887
50,9,1.1384715422818412
50,10,0.9111674769871606
50,11,0.99698671472829
50,12,0.8307290322398051
50,13,1.318252658941739
50,14,1.1563454825442632
50,15,0.7827645630402933
50,16,0.7087907052063588
50,17,0.8645902132028581
50,18,1.3725761820489828
50,19,1.0873568278376897
50,20,0.808980020605023
50,21,0.8323988515563887
50,22,0.799323566984727
50,23,0.8205314519055009
50,24,0.8766208967177904
50,25,0.7788908460817169
50,26,0.8229651275990665
50,27,0.7742007538304811
50,28,0.8127533806438728
50,29,0.715771508962338
50,30,0.8066506689190099
50,31,1.1126542336249565
50,32,0.8581218293849244
50,33,0.9405204632133134
50,34,0.829070205824966
50,35,1.1038563769676866
50,36,2.7155419129437424
50,37,1.0508347001493303
50,38,0.8020647674005459
50,39,0.7800690848553286
50,40,0.9452490099138684
50,41,1.0699205482132865
50,42,0.7462339554812433
50,43,0.9747863870394599
50,44,0.9577084777211917
50,45,1.695286459613966
50,46,0.7921674559884585
50,47,1.6545310964088813
50,48,0.8368710497039107
50,49,1.1701988137987533
50,50,0.8244697549745459
50,51,1.3376173133275904
50,52,1.3312607047797305
50,53,0.9640892572751754
50,54,0.8706058976031702
50,55,1.2022401943396661
50,56,0.9296710647165605
50,57,1.0221737725989888
50,58,0.7048467864692998
50,59,1.1783329375054563
50,60,1.4315346406863985
50,61,1.0746674479117282
50,62,0.872028325447505
50,63,1.9985989683680583
50,64,0.7431043212591785
50,65,0.762150994486512
50,66,1.0410933797333224
50,67,0.7597007612279233
50,68,0.8046106903059429
50,69,1.0752731413380594
50,70,0.9412847501913814
50,71,1.0377518460937136
50,72,1.0514598381198015
50,73,0.9348163733666757
50,74,1.2544244288385238
50,75,0.7417881479281684
50,76,0.8138072941568608
50,77,0.8245410496947154
50,78,0.9170769901263911
50,79,1.3140075725404108
50,80,1.1916531357661446
50,81,0.8567795660728131
50,82,0.7959661335858716
50,83,0.7618603227733537
50,84,0.888514090184541
50,85,0.9861062072804323
50,86,0.7964498651709987
50,87,1.684405565167193
50,88,0.8341947672113162
50,89,0.9255366252667511
50,90,0.8533801762152463
50,91,1.008307150135702
50,92,1.7880567130915754
50,93,0.9067189174338193
50,94,0.8724599238638032
50,95,1.1356523390822573
50,96,1.3969090099513
50,97,1.1676744268529555
50,98,0.7675861805206002
50,99,0.9223433988398948
50,100,1.242834101891586
50,101,0.7549063206551779
50,102,0.7579756960577035
50,103,0.7972954562687055
50,104,1.1251434234278486
50,105,0.913756649774497
50,106,0.7255982428090988
50,107,0.7773416663968499
50,108,0.9814703534502222
50,109,1.0950668872076663
50,110,0.8017028016609563
50,111,0.7076059461197508
50,112,1.163088211514267
50,113,0.7170845603131798
50,114,0.6947431031967081
50,115,1.2002100146256953
50,116,0.7518771044845769
50,117,0.8853249936929003
50,118,0.8218770259001859
50,119,1.0474368416031998
50,120,1.2299723366490138
50,121,0.8484893039714567
50,122,0.7402196372869178
50,123,1.6755785214854486
50,124,0.9863896408210093
50,125,0.7844367796384567
50,126,0.8571616372208716
50,127,1.2753578649308719
50,128,0.7972112938108312
50,129,0.9796363061193961
50,130,0.9686435849135727
50,131,0.9014842782779086
50,132,0.7743767593836285
50,133,2.181015148533572
50,134,0.9024602213269884
50,135,0.8124827831576001
50,136,1.2985752932817156
50,137,0.7968877237460856
50,138,0.7182058122374623
50,139,1.3817986897192862
50,140,0.995975557940481
50,141,0.8322758121024986
50,142,0.8447489745771218
50,143,0.8182296638805235
50,144,0.7599096838268624
50,145,0.7366539185426721
50,146,1.1824370515706428
50,147,0.8244021498691095
50,148,0.9205149269806143
50,149,0.7827642455163023
50,150,1.0347993846539854
50,151,0.7841462558838611
50,152,0.7870692513635613
50,153,1.2016604088891607
50,154,0.7639422888985282
50,155,0.9871293590882873
50,156,0.8164529550703742
50,157,0.7228804863940785
50,158,1.2517345268047855
50,159,0.7504217624417422
50,160,1.5784677759459478
50,161,1.1574845988980376
50,162,0.7389941758658956
50,163,0.7194941890394091
50,164,1.212337203520597
50,165,0.872097588670202
50,166,1.8519018542465993
50,167,1.1399963224269283
50,168,1.1188457585493854
50,169,0.9649574560650512
50,170,0.7997740515927358
50,171,1.0497928910571217
50,172,0.8096779686295504
50,173,1.7905651495608967
50,174,0.9472095764969802
50,175,0.7844547973909641
50,176,0.7664676306870923
50,177,0.9598886746984889
50,178,0.9737140671656886
50,179,1.0949382519165896
50,180,1.1388966899417714
50,181,0.7734615060898916
50,182,0.91376144597777
50,183,0.7403144691270563
50,184,0.7591572771600538
50,185,1.4777943491797858
50,186,0.7794367333745049
50,187,1.699457867845237
50,188,1.117995608525201
50,189,1.2996118551947184
50,190,1.103826225694742
50,191,1.0534747109531877
50,192,0.7839773034151607
50,193,0.8425921820920899
50,194,1.9930070576270915
50,195,1.4345870784402166
50,196,0.8625990373005634
50,197,0.9967358620059437
50,198,0.8710198723172955
50,199,0.8301939461169914
50,200,0.7495498779901572
50,201,0.9697939058455811
50,202,1.9950991085851832
50,203,0.974709034286526
50,204,1.009026354733934
50,205,0.8276411054614885
50,206,0.740824142895551
50,207,0.8202346300954128
50,208,1.0084041269225967
50,209,1.1783230550028048
50,210,0.8013686503673388
50,211,0.9187029838854166
50,212,1.774225013261885
50,213,0.9421773789705308
50,214,1.0084542641959895
50,215,0.953816165075707
50,216,1.2276989844864172
50,217,1.1016660922359407
50,218,1.1271130137649634
50,219,0.7639932720537436
50,220,0.7910690112902387
50,221,0.8712111982687006
50,222,1.0519194372258935
50,223,1.3753188342941778
50,224,0.8867660218772548
50,225,1.1521154843954082
50,226,1.3202422100208009
50,227,1.114909369936357
50,228,0.7162917930607169
50,229,0.8664951153323796
50,230,0.8118026642726505
50,231,1.3623654701640235
50,232,0.9111002818035997
50,233,1.1266360558323958
50,234,1.9397023979602264
50,235,0.9774588113691973
50,236,1.1808930039299943
50,237,1.1506325709011922
50,238,0.913732444909039
50,239,0.7878341289374753
50,240,0.9272709525413737
50,241,0.9289270585116289
50,242,0.9745132673521967
50,243,0.8195403681174678
50,244,1.1085333212454216
50,245,1.0426691213149881
50,246,2.738150979994676
50,247,1.402744141265306
50,248,0.8792965232967174
50,249,0.7939371617836541
50,250,1.0066027478085895
50,251,0.7758880534324226
50,252,1.1898216375861215
50,253,0.8335362322691195
50,254,1.0829007822941994
50,255,0.7874725716153368
50,256,1.761203454877088
50,257,0.9160859408817505
50,258,0.847372829526459
50,259,1.0487462101109166
50,260,0.9307852834959597
50,261,0.9696661547131205
50,262,0.8238059841099562
50,263,0.7895361316764442
50,264,0.869899253079238
50,265,1.0774345235128309
50,266,1.360784928907124
50,267,1.3419236815245394
50,268,0.7453007057195584
50,269,0.9162889364126092
50,270,0.8339546485629495
50,271,1.85441427243779
50,272,0.7325375501766249
50,273,1.3651236413726564
50,274,1.0428065950442635
50,275,1.2925996165387637
50,276,1.2075311273545075
50,277,0.7669873230768053
50,278,0.9565396578017685
50,279,1.6971153688019527
50,280,1.1226545643897683
50,281,1.096422160015819
50,282,0.9398205285594984
50,283,1.4250005223637408
50,284,0.7789606839629397
50,285,0.9088505989686099
50,286,0.9931374158736587
50,287,0.8502047455054282
50,288,1.0828319256056327
50,289,0.8700247887719368
50,290,1.143305576369664
50,291,0.8781415630674533
50,292,0.7942578015159445
50,293,0.716785053199943
50,294,1.1486835400167377
50,295,0.7658701120029336
50,296,0.7337543718436454
50,297,0.8030426950538058
50,298,0.8063200765614126
50,299,0.85178776555423
50,300,1.3979430891296116
50,301,1.3829682557740024
50,302,1.220492546429082
50,303,0.8836594735075596
50,304,0.8538701768941819
50,305,0.875188708615806
50,306,0.7578756895976253
50,307,1.1492914159817296
50,308,1.0291399886299748
50,309,0.8165329586337516
50,310,1.1371499040269004
50,311,1.0358596633748247
50,312,1.0804554183582695
50,313,1.0264891562344738
50,314,0.7569781066127059
50,315,0.7613812881704214
50,316,0.8284812278046908
50,317,0.815465304291614
50,318,0.7895660477523192
50,319,0.7370621344766553
50,320,1.421619261806054
50,321,0.7254943047573741
50,322,0.7983812127946848
50,323,0.9045420313721506
50,324,0.8008164557961722
50,325,1.163095508976784
50,326,0.8846908537084444
50,327,0.8281518911414985
50,328,0.905132573281018
50,329,1.2666032257764828
50,330,0.8661363513953726
50,331,1.2791732179803272
50,332,0.838016249361314
50,333,0.8100649833730538
50,334,0.8165272099978707
50,335,1.1117228379788813
50,336,0.8072765915756817
50,337,0.7117763501019699
50,338,0.8181190474881805
50,339,1.0699236530848104
50,340,0.8253221619758924
50,341,1.0327343387310375
50,342,1.1526063188955036
50,343,1.1922621632313957
50,344,1.7977675761378948
50,345,1.043833822184871
50,346,0.9419704905752733
50,347,0.8299080027772454
50,348,1.3925665920480228
50,349,1.1244712548820586
50,350,0.9397974095359172
50,351,0.832879669900618
50,352,0.8018711913313142
50,353,0.8844278761326024
50,354,0.7820635213897547
50,355,1.2735861280183458
50,356,0.7098926885358173
50,357,0.8110990974877513
50,358,0.7136022308779105
50,359,1.1392270686511163
50,360,1.7810108514252905
50,361,0.7885479680126782
50,362,0.8510701303532737
50,363,0.9050070075390415
50,364,0.9007074131428336
50,365,1.9713563358665895
50,366,1.1108492580067884
50,367,1.0697534156206108
50,368,0.8445170817574644
50,369,0.931024402821545
50,370,0.8545056104654576
50,371,1.161093476674074
50,372,0.8115324280320981
50,373,1.2036707112166936
50,374,0.7433340911542221
50,375,0.8424546798414951
50,376,0.8140274975079572
50,377,0.8476993256607508
50,378,0.7986831429341853
50,379,1.3098037481733629
50,380,0.9352158363147003
50,381,0.8409647796559697
50,382,0.7685502019123901
50,383,1.1092297332877916
50,384,0.9137098936874735
50,385,1.0532296385463917
50,386,1.5700597306220545
50,387,0.9850031608753101
50,388,0.7875665150225127
50,389,0.7809545815763603
50,390,0.8078454888546538
50,391,0.8069831847847945
50,392,0.8222776624075371
50,393,0.8451979960855686
50,394,0.954089914294358
50,395,1.120147686072228
50,396,0.8438377824469238
50,397,1.0579799363744686
50,398,0.8694641934671277
50,399,0.7603810452415873
50,400,0.8994341743189387
50,401,0.7813964552953596
50,402,0.734347695204707
50,403,0.8084610059752033
50,404,0.8011417426515253
50,405,0.9734209721009895
50,406,1.269686877013762
50,407,0.7248998909439097
50,408,0.8795969001446106
50,409,1.221306967183275
50,410,1.2193255732381283
50,411,0.8234733222614473
50,412,0.9175649493628455
50,413,1.0966916513084868
50,414,1.298142522156932
50,415,1.1982310810313428
50,416,0.9111768526620773
50,417,0.862627377760708
50,418,1.0029641187423957
50,419,1.175456485799694
50,420,0.7321283050256849
50,421,0.9067568171990961
50,422,0.8852290984131337
50,423,0.9625090056809986
50,424,0.9301021708927804
50,425,0.7527903586883394
50,426,0.8122512170139566
50,427,1.1431660505763894
50,428,0.8548245487618277
50,429,1.4221022061868447
50,430,1.0978189390460442
50,431,1.320475204461947
50,432,0.7638332629515987
50,433,0.8774544319541272
50,434,0.9947728395403174
50,435,0.8226364752646123
50,436,0.8668964170791885
50,437,0.8244127455224485
50,438,0.8808120308776481
50,439,0.7625321961543359
50,440,0.8704935377957561
50,441,0.8372557169788937
50,442,0.9302337663818581
50,443,0.9497517473278722
50,444,1.0086252534330058
50,445,0.7398637469517901
50,446,0.786086352431884
50,447,0.7718691257323538
50,448,0.9947611904189234
50,449,0.7552200745617549
50,450,0.7883961482616445
50,451,0.8087813003697442
50,452,0.9187431143295077
50,453,0.8730048894841589
50,454,1.096875815653953
50,455,0.7384752307456999
50,456,1.4514306533237284
50,457,1.0037748067851302
50,458,0.8089814958090344
50,459,0.8831138503593853
50,460,1.0635054428765252
50,461,1.0155015544620223
50,462,0.8071135008549984
50,463,0.9092979467287233
50,464,0.8149804713860079
50,465,0.9521497056517028
50,466,0.7837353510876115
50,467,0.7748712046077884
50,468,0.7602880202922693
50,469,0.8251885595015831
50,470,0.9662412273549397
50,471,0.8090446054436888
50,472,0.7980256650747357
50,473,0.7532068976177502
50,474,1.3151055437237642
50,475,0.8679366211657598
50,476,1.0068195253204504
50,477,1.3853280439584745
50,478,1.0260741690837485
50,479,0.7620657997446686
50,480,0.9874630729056334
50,481,0.8499255566694583
50,482,0.7561651163978476
50,483,0.8250864152559239
50,484,0.8673299353740552
50,485,0.7965091075463909
50,486,1.2166646244364476
50,487,1.2947754630907038
50,488,0.7977671135793057
50,489,1.3966740104147064
50,490,0.8659548149193383
50,491,1.0093270396538185
50,492,0.9460487519761294
50,493,0.7466350722176589
50,494,0.8069438017934167
50,495,0.8102309176872841
50,496,1.839549396036213
50,497,1.0697655988938832
50,498,0.8390600844025751
50,499,0.7537049063941311
60,0,0.8098626998450986
60,1,0.8859279164223542
60,2,1.008357801418286
60,3,0.9373163980650975
60,4,0.7699012869349938
60,5,1.118138732936176
60,6,2.5685769958365134
60,7,0.8569614127073542
60,8,2.3009473568684973
60,9,2.612754211802769
60,10,1.0120513169983074
60,11,1.3536376983908136
60,12,0.7540969196215794
60,13,0.87870349848652
60,14,1.1881778035477997
60,15,1.0925751244228414
60,16,0.8565523032828073
60,17,1.6963615236865421
60,18,1.0244997358039025
60,19,1.4328393924287641
60,20,1.1934320837313006
60,21,1.2123731757211509
60,22,1.4391549707716307
60,23,1.3929713036933724
60,24,1.1998821550475764
60,25,1.2210933221040512
60,26,1.58838344563569
60,27,0.9962694521118974
60,28,1.049959802884938
60,29,1.1881598730299405
60,30,0.8367369782837933
60,31,0.84417196948768
60,32,0.8262879019944404
60,33,1.0868290583189575
60,34,0.75894874844726
60,35,0.7659408459805747
60,36,1.8045356764123421
60,37,1.045471352685466
60,38,1.109928277455443
60,39,2.382433168074914
60,40,1.1325532003928196
60,41,0.7603883582708088
60,42,0.9840142282024117
60,43,2.0673002361184585
60,44,1.0780697363206562
60,45,1.8551589171939413
60,46,1.2622680501707004
60,47,0.7676003856536506
60,48,0.7940148804449325
60,49,0.7787274438701776
60,50,0.8634752065151208
60,51,0.9460069338567982
60,52,1.970422754723081
60,53,1.0921706524461012
60,54,1.1817972275819644
60,55,1.3263470566663254
60,56,1.3052816093943742
60,57,1.7534438880955752
60,58,1.065811736979226
60,59,1.6342312495449878
60,60,1.0777950762256114
60,61,0.7710625828828107
60,62,0.8905412157864896
60,63,1.4445690776268003
60,64,1.1806518622948725
60,65,1.1892126509093883
60,66,0.9252371650434377
60,67,1.8215018178510394
60,68,0.9456919528010053
60,69,1.1057140561857597
60,70,1.1413268185789491
60,71,0.8524553565191423
60,72,1.0069569247982486
60,73,0.8951964030517188
60,74,2.0137595746176356
60,75,0.8185501448419766
60,76,2.0608228158783435
60,77,0.8493003528831334
60,78,1.0158598022219627
60,79,1.5567674043345652
60,80,1.069714025802955
60,81,1.0351035131313049
60,82,1.8024559412029202
60,83,0.9291040485703577
60,84,1.1467731334231706
60,85,0.9736093949040655
60,86,1.5461137728889678
60,87,1.3556006938502851
60,88,1.3574724586497269
60,89,0.8529939621490642
60,90,1.370850727986134
60,91,0.8920525832712367
60,92,0.823536344829397
60,93,1.9177626967408623
60,94,3.666046290197801
60,95,1.1851247304565253
60,96,0.8663773551243117
60,97,1.0220118435396306
60,98,1.223802022592612
60,99,1.204895361006093
60,100,1.4028820728534845
60,101,0.8988001709950952
60,102,0.7973719103576953
60,103,1.8105706819555103
60,104,0.8250648264632601
60,105,1.160052891349745
60,106,1.1795432962221972
60,107,0.7728452591023033
60,108,1.089559220092616
60,109,1.824610044150064
60,110,0.8187782796146035
60,111,0.7914539908737466
60,112,1.4321617495741599
60,113,0.8818679411595531
60,114,0.8562222368907787
60,115,0.8239046302752313
60,116,1.2919196341417345
60,117,2.2287908193362687
60,118,0.9359165147726172
60,119,0.9571990292627138
60,120,1.2923920391110033
60,121,0.7750138690137078
60,122,0.9070753595976321
60,123,0.9400775905696883
60,124,0.8813364178770351
60,125,2.2500228351433607
60,126,0.8611070235063655
60,127,1.5159687106349107
60,128,1.3516699926425964
60,129,1.0895999647473036
60,130,0.9169352447822423
60,131,1.0509847223322408
60,132,1.197417627447075
60,133,1.2013897089632155
60,134,1.4990712970801716
60,135,1.325353733337293
60,136,1.1915100156079759
60,137,1.3242570498617912
60,138,1.3089043214760228
60,139,2.064251217600037
60,140,2.044783966710965
60,141,0.8820499942004806
60,142,1.7381604593467677
60,143,0.792987485054709
60,144,0.8348724949854375
60,145,1.1655631379766669
60,146,0.9007917462769202
60,147,0.9033639438660072
60,148,1.1287113044537407
60,149,1.318534268669574
60,150,1.0389603881031682
60,151,0.822399427983515
60,152,1.334403823484557
60,153,0.830721374066058
60,154,1.6209381759801726
60,155,1.0298426079069742
60,156,1.103925166379602
60,157,0.774177281681444
60,158,0.886899574300618
60,159,0.7817189350228905
60,160,0.7818690288978476
60,161,1.1122761018460994
60,162,0.9558622736322929
60,163,0.8774036116160105
60,164,0.8027793311797364
60,165,1.0368629775327167
60,166,0.861380350751834
60,167,1.3701350605665132
60,168,1.0130903134444205
60,169,0.9840835943584768
60,170,0.9430257558287577
60,171,0.9443999342259729
60,172,1.9041670842974776
60,173,1.781269893074246
60,174,0.8919484000353611
60,175,1.0093624360822695
60,176,1.8622754251221862
60,177,0.7736909388777458
60,178,0.7880969395361573
60,179,0.84088244639302
60,180,1.1181778551804091
60,181,1.0162698400167223
60,182,1.4037293505849346
60,183,0.8642408925694044
60,184,1.1112639873700083
60,185,1.3135377880105987
60,186,0.822139166161182
60,187,1.102137770029802
60,188,1.1545860611078649
60,189,0.7315499243079266
60,190,1.5068074384069041
60,191,0.96039810036982
60,192,1.1678585481599402
60,193,0.7468320224234326
60,194,0.8821893201300108
60,195,0.8268344781251141
60,196,0.9148715107164717
60,197,1.3857563997847016
60,198,1.6853930579502003
60,199,1.0734621335819716
60,200,1.2439630398604966
60,201,1.0758710447201525
60,202,1.3650948544863437
60,203,0.9126103868274147
60,204,0.9174577532400546
60,205,2.620620756740436
60,206,1.3012038075662438
60,207,0.8282724375969037
60,208,1.159648442504168
60,209,1.0386258257392023
60,210,1.2990253198439796
60,211,1.9087158927467567
60,212,0.9665898058870739
60,213,1.0450511899163175
60,214,1.2044477077964266
60,215,1.55543317464752
60,216,2.360720975875652
60,217,1.4618458785410342
60,218,0.8205481771714492
60,219,1.286798798651679
60,220,1.2565586407140767
60,221,1.4424077966334823
60,222,0.7524579603878694
60,223,1.5847005875603069
60,224,1.3300451991623492
60,225,0.8241354785107686
60,226,0.9591563999951284
60,227,0.802565986771136
60,228,1.0098722576556984
60,229,2.0334343697625097
60,230,1.1006885119033458
60,231,1.0401214213150443
60,232,0.8785793223703943
60,233,1.7121222060566392
60,234,0.8143927197729308
60,235,1.5422634583147647
60,236,0.9267121444357074
60,237,0.9872133451240729
60,238,0.8022438105473475
60,239,0.830506154962581
60,240,0.8078158751028813
60,241,0.7872270715591856
60,242,0.7732325156085544
60,243,1.2076749802416225
60,244,0.7545537021888876
60,245,1.843285731625729
60,246,1.3561511268010327
60,247,0.8460285171971759
60,248,0.9686399254299294
60,249,1.0838367274178335
60,250,1.3280929765536806
60,251,1.205771683953127
60,252,0.8907506959888692
60,253,1.631251765547671
60,254,1.218364205074949
60,255,1.1053274674205065
60,256,1.2420942842884912
60,257,0.9581988654429346
60,258,0.9114902039471772
60,259,0.8536492340562558
60,260,0.727346178947326
60,261,1.34301323517605
60,262,1.1162941073418025
60,263,0.7592186420047331
60,264,1.4042492426979087
60,265,0.834722041725784
60,266,1.2448647106126933
60,267,1.3512172720921778
60,268,1.1254492816700783
60,269,1.5320118329744639
60,270,1.0441126753033108
60,271,2.1704458792145114
60,272,1.0233877213254792
60,273,1.1812997092281008
60,274,1.8124802114233203
60,275,1.017929285609517
60,276,0.7305375992094945
60,277,0.9611865955045616
60,278,1.3853818443365926
60,279,1.0278487752387655
60,280,0.9524086973711541
60,281,1.1387778247632583
60,282,0.7424986400536454
60,283,1.410107021900675
60,284,1.0725608300353844
60,285,0.8536762366655496
60,286,1.3930695807790086
60,287,1.3013884568823855
60,288,0.9343901971053317
60,289,0.8846531672587846
60,290,1.7735602978970684
60,291,1.3808988238193487
60,292,0.7667983768864376
60,293,1.0735871212901675
60,294,1.0315255405822112
60,295,1.790176409111982
60,296,1.1566639443571989
60,297,1.0388391004280104
60,298,0.9476229756663752
60,299,0.8408549816121159
60,300,1.5241185742237668
60,301,1.029658566520303
60,302,1.714319000327945
60,303,0.9157162988491303
60,304,1.483893169410021
60,305,0.780960840090411
60,306,1.3698912005045758
60,307,1.482044401392644
60,308,1.3459753078252636
60,309,1.4261696650949107
60,310,0.7702875824033071
60,311,1.1289110121373058
60,312,0.9330368169803541
60,313,1.140484024900103
60,314,1.0114420351931517
60,315,0.7970799663248006
60,316,0.847522558981631
60,317,1.5044119874006232
60,318,0.8570448090458865
60,319,1.0671628968986107
60,320,1.0455238882125597
60,321,0.7590429966630552
60,322,0.8501854772099772
60,323,0.7704012710818309
60,324,1.7480136205603407
60,325,1.3793397058855321
60,326,0.9203876259187247
60,327,1.0878070366581483
60,328,1.4381911718661693
60,329,1.166137829859192
60,330,0.8171313374063529
60,331,1.4593319751543716
60,332,1.477504506468623
60,333,1.4970437667092231
60,334,0.9018980109240464
60,335,0.8417965826406423
60,336,1.010603856770827
60,337,1.1931354161708445
60,338,1.4021080208243246
60,339,0.9113184905096925
60,340,0.7208862648542563
60,341,1.4381836873418405
60,342,0.7785476966063303
60,343,1.8144669711132588
60,344,1.0157177501414352
60,345,1.1874492747425778
60,346,1.069596374623945
60,347,1.1464693677434528
60,348,1.0894985041200838
60,349,0.965694095030587
60,350,1.977489536699413
60,351,0.7446815345743572
60,352,0.9928413927001636
60,353,1.0544095089190868
60,354,0.8649511982117171
60,355,0.8644533862321611
60,356,0.8264102234739448
60,357,1.681395671385663
60,358,1.0689492516600763
60,359,1.2313253022930317
60,360,1.1517595315447422
60,361,0.9804246000348372
60,362,0.910791179775193
60,363,1.393311409183528
60,364,0.7843519897938286
60,365,0.9138384070513272
60,366,0.8468931386847903
60,367,0.9126002936502968
60,368,0.8679035487492843
60,369,1.7880868816853253
60,370,1.077436268907494
60,371,0.9580966334661827
60,372,0.9637945591579093
60,373,2.5561212980351766
60,374,0.8892218165372678
60,375,1.580407852123798
60,376,0.8702122092223128
60,377,1.1200343879517611
60,378,2.0500432523878387
60,379,1.3084661903618393
60,380,0.7524629386201975
60,381,0.8116830896151684
60,382,0.9395282317034511
60,383,1.063808683225886
60,384,0.8175743614356209
60,385,1.3015943054837633
60,386,1.587231575579436
60,387,1.0518417022476
60,388,0.8536652399261832
60,389,2.4656617783126027
60,390,1.4858941576942994
60,391,1.4404911293474427
60,392,1.6414885896788975
60,393,0.8102909830853373
60,394,0.9553877879622137
60,395,1.4617252517070705
60,396,0.9753660704006738
60,397,1.391038444019131
60,398,1.0586899498788924
60,399,0.8699939460750868
60,400,0.8087135005581235
60,401,1.1215038164995563
60,402,0.9858314521043219
60,403,1.5470236565062652
60,404,1.4322923220724706
60,405,0.9503694898788485
60,406,0.9882843169547608
60,407,1.0216132295183955
60,408,0.8934031864676563
60,409,0.8831734905379437
60,410,1.1162903691582506
60,411,0.9094833391578571
60,412,1.0986596389784649
60,413,1.345456194516184
60,414,1.6923898756267903
60,415,0.8452296412768637
60,416,0.8516248654012684
60,417,1.2547836765899119
60,418,0.8688905129248627
60,419,1.219260449057405
60,420,1.0312494765879656
60,421,1.9167325973433054
60,422,0.7663019930317876
60,423,1.1808208923358077
60,424,0.8910671455647825
60,425,1.4847931010904714
60,426,0.8453222738814844
60,427,0.9338048297093583
60,428,0.9356167863048093
60,429,0.7747725749271326
60,430,1.0681869433765747
60,431,1.0504238866651494
60,432,1.1412858957807488
60,433,0.9069181148059963
60,434,0.7630390764640494
60,435,1.1115832480029864
60,436,1.7354587530586951
60,437,1.4185445579950815
60,438,0.9448996933815833
60,439,1.8460716354886286
60,440,0.9486237720996962
60,441,0.9127359861296307
60,442,1.3286094667686457
60,443,1.1312224899881675
60,444,0.8139081610216023
60,445,0.8840248282794774
60,446,1.37100831122604
60,447,0.852465402003875
60,448,0.7537711596908072
60,449,1.970696377431671
60,450,1.4104663335559358
60,451,0.8434587242357566
60,452,0.7716261669612013
60,453,1.1430897830385183
60,454,1.2583071494302813
60,455,0.7281895372498092
60,456,1.9358353179020709
60,457,1.0565003319625597
60,458,1.0973089395014253
60,459,2.276811837942134
60,460,1.1491979478651135
60,461,2.1409188281973046
60,462,1.149591540216723
60,463,1.5327737518768176
60,464,1.457919604813371
60,465,0.7594859394302087
60,466,0.7967012896144815
60,467,2.264525109634054
60,468,1.1838758345254154
60,469,1.245513229002836
60,470,1.2851713228221247
60,471,0.7753839178149982
60,472,1.0052972332269752
60,473,1.2238210597343417
60,474,2.8968202232469293
60,475,1.3224067504268302
60,476,1.601055223942091
60,477,1.349847333205205
60,478,1.2784556492283627
60,479,2.498552007800517
60,480,0.9073886926421492
60,481,1.6667227688797033
60,482,1.2473761841973148
60,483,0.7474470729791151
60,484,0.8999045295657027
60,485,0.9622283764399479
60,486,1.0739265456251135
60,487,1.4135679681394422
60,488,0.8587559827895427
60,489,1.2606691449960148
60,490,1.526069446172656
60,491,1.076784919555352
60,492,0.9715113279255491
60,493,0.9492636932626065
60,494,0.8849398749380398
60,495,1.6162535585604538
60,496,0.851858758110331
60,497,1.330214682327147
60,498,1.1228058947086201
60,499,0.9956024604619471
70,0,1.5696568698420479
70,1,1.625532033948937
70,2,1.246253517013132
70,3,2.948519946792256
70,4,2.1897542156540366
70,5,0.7783257208657999
70,6,1.7679809582370036
70,7,2.571389378582017
70,8,0.8754622386634762
70,9,0.8970580291606971
70,10,1.4376985226573715
70,11,1.756955823222159
70,12,0.9507561585476086
70,13,0.7677487026722847
70,14,0.8460665873596891
70,15,0.8407575729503605
70,16,1.0908180571069468
70,17,2.0020965106954494
70,18,0.7800148982373232
70,19,1.0492599420849145
70,20,1.2255797783914217
70,21,0.8804409220749319
70,22,1.1525488606268273
70,23,0.9450176106347574
70,24,0.790602561178632
70,25,0.8435552332312823
70,26,1.8058586371115213
70,27,1.1017794620113737
70,28,0.8232370599154697
70,29,0.8017248567304148
70,30,1.1304284336445298
70,31,2.64067018164319
70,32,1.0819459833837088
70,33,0.9506413925285023
70,34,1.4729184258230137
70,35,0.8555680538145475
70,36,1.3885724301569604
70,37,0.8537730959386146
70,38,1.6238002634892827
70,39,2.656667356524079
70,40,1.520346037752285
70,41,1.6099315823659768
70,42,1.483673852628119
70,43,0.7495795190247324
70,44,1.4275486633370627
70,45,2.148408274314598
70,46,1.526564575283669
70,47,0.80693814658713
70,48,1.5766747268485801
70,49,0.8657327208896634
70,50,0.815699784466462
70,51,2.287380888544525
70,52,1.775868227520463
70,53,0.920797256836718
70,54,1.15242888097655
70,55,2.413488635701094
70,56,0.7493509326888611
70,57,1.0349472575746543
70,58,0.8470677516006508
70,59,0.8324423796073301
70,60,0.7731220975617754
70,61,1.9566818621550466
70,62,1.2541404507507312
70,63,0.9020429639601663
70,64,0.8823147936805186
70,65,1.115010667928561
70,66,4.047686763360445
70,67,1.1261408490436429
70,68,1.4426621925842869
70,69,0.893890320543601
70,70,1.4383862451510598
70,71,0.727821772269735
70,72,0.9397399949098278
70,73,1.4679590033726078
70,74,1.1980671380175272
70,75,2.231103107781374
70,76,1.4941170327092819
70,77,1.0359340290172556
70,78,0.9036707235612332
70,79,1.7854671317943507
70,80,2.5892964519671176
70,81,0.9279882440366439
70,82,0.8570680400134133
70,83,1.114622391434577
70,84,1.379523042090142
70,85,3.0179826692041614
70,86,0.8475086937482613
70,87,0.7588617233523242
70,88,0.7989368295536408
70,89,0.895376906296807
70,90,0.8442837883630662
70,91,1.4498152297130165
70,92,1.2843276496451081
70,93,1.7371855609162372
70,94,2.13304869263748
70,95,0.8980493423085979
70,96,1.7248151059553682
70,97,0.9805799375121241
70,98,1.4093717104370949
70,99,0.8538100951446791
70,100,3.7139901222286826
70,101,1.8358049609513882
70,102,1.0508179416913765
70,103,2.0933239812884907
70,104,1.0566441242382105
70,105,1.8860510471059664
70,106,0.8234586054157599
70,107,0.9265206416866402
70,108,1.7699857487870077
70,109,1.3257684292073069
70,110,0.8354184069328521
70,111,0.8920659006399657
70,112,1.0307123368653524
70,113,1.8073268284484807
70,114,1.8778001131432538
70,115,1.2725318603817368
70,116,1.2568949184864
70,117,0.945126496593818
70,118,2.072197269691628
70,119,1.4208621232979493
70,120,1.2199562191137712
70,121,1.8937941808986973
70,122,1.3398796779658255
70,123,1.0172034490574973
70,124,2.4300390570161574
70,125,1.3247719861440754
70,126,1.5445588489747135
70,127,1.2919414327553254
70,128,1.2985368855854893
70,129,1.7903702349793449
70,130,0.9687724939414443
70,131,1.248274593718278
70,132,1.1791025883563144
70,133,1.030962199243255
70,134,1.331770117662028
70,135,5.93160260446719
70,136,1.4144506929466032
70,137,1.4413052594753166
70,138,2.7980814381162222
70,139,0.9905290343635281
70,140,1.7375449096701008
70,141,1.284272674462934
70,142,1.8813933764438107
70,143,1.8291285253129372
70,144,1.3265945681836406
70,145,1.0227923362287992
70,146,0.733743764903769
70,147,0.8974875999379626
70,148,1.5905150676680055
70,149,1.8547127108206005
70,150,1.4912741322921153
70,151,2.172295466281991
70,152,1.0447145359360224
70,153,1.2791411835889412
70,154,2.411998988171296
70,155,2.687256432744964
70,156,0.9062181825717515
70,157,1.8692463706327054
70,158,1.1951268709329148
70,159,1.1721691822564133
70,160,1.1074556769317516
70,161,1.0725080676216296
70,162,0.7688866170331676
70,163,4.071198903683123
70,164,2.5911311329970257
70,165,1.39360695163177
70,166,1.18388006886141
70,167,1.4254194857617968
70,168,1.0633805137083367
70,169,1.8216614144015275
70,170,3.314005343422766
70,171,1.1218465490215832
70,172,0.806181688299218
70,173,1.9867678052152355
70,174,0.9048401210406538
70,175,0.8514559500988581
70,176,0.854858454950351
70,177,0.9515165388887139
70,178,1.538159619472322
70,179,1.133280439142009
70,180,1.0441456997613792
70,181,1.4851071075684894
70,182,1.7706524184176324
70,183,1.3661351358225053
70,184,1.3943691220708574
70,185,1.8083998140809434
70,186,1.1938254228099614
70,187,1.5698270742509048
70,188,1.0678868631786482
70,189,1.2141250282709626
70,190,0.79032705389377
70,191,0.8057873681010471
70,192,1.1126348559139418
70,193,0.7847465123579845
70,194,1.530656809608984
70,195,0.8541638133955209
70,196,3.1662038611775545
70,197,0.7097430656201366
70,198,1.0142065024702496
70,199,1.391890629235163
70,200,0.7837713762788119
70,201,2.1493259559679214
70,202,0.8477775921010432
70,203,1.5967769940486374
70,204,1.09602283470474
70,205,1.4045469551655312
70,206,0.9097476522918
70,207,1.1122450929778684
70,208,2.106838893294703
70,209,1.0548990671824876
70,210,0.8650529834555823
70,211,1.8306306064566256
70,212,1.0555449259225926
70,213,1.0863733027741933
70,214,1.6167587097818226
70,215,0.8674291754713267
70,216,0.9269980985974648
70,217,1.1465682924667044
70,218,1.4497783779812816
70,219,0.7518831703866308
70,220,0.8232040164553737
70,221,1.4460733160112984
70,222,2.431573347354736
70,223,2.2461918624677164
70,224,1.6122700367779428
70,225,1.3628080439243633
70,226,1.0123825759870446
70,227,0.8989277377221249
70,228,2.3824843066246513
70,229,1.0008737002785961
70,230,0.9622781118458336
70,231,0.9309534481229003
70,232,0.8918847110633478
70,233,0.7697285763570374
70,234,2.221938455098014
70,235,0.9935969098124408
70,236,1.5144135856046381
70,237,1.5984711649847783
70,238,1.1219571157862076
70,239,1.0117422637881774
70,240,1.9192267076167704
70,241,1.0341961954022156
70,242,1.3811205703932858
70,243,0.7709028132151461
70,244,0.8437375793158444
70,245,1.3520489442000838
70,246,1.9521741643189257
70,247,1.142017555738437
70,248,1.023128703941985
70,249,1.2085081137335707
70,250,0.7890661877776844
70,251,1.2868518174515278
70,252,1.4769676906557745
70,253,0.9527864236761764
70,254,0.8517133239222505
70,255,0.9128611239803788
70,256,1.4760452988016002
70,257,1.0860892248445955
70,258,1.652123158951524
70,259,1.0739873977773855
70,260,1.736043752904694
70,261,1.4395628890019634
70,262,0.7871341395279811
70,263,0.7636650976406018
70,264,5.325481729865864
70,265,0.8995216286593434
70,266,1.005765886765296
70,267,1.7793692078336978
70,268,1.4986948350682994
70,269,0.7896968271301904
70,270,1.4944849681513468
70,271,1.929781028534142
70,272,1.2946019715663406
70,273,0.9847495023894387
70,274,0.8691160605517985
70,275,1.5518516840934107
70,276,0.7076953223630679
70,277,0.7700148488012092
70,278,1.059635498361912
70,279,1.124538521111725
70,280,1.053473392408602
70,281,0.75910637218987
70,282,0.8109831376497334
70,283,0.926923866283752
70,284,1.377644855293875
70,285,1.3279446649803053
70,286,2.282501551712937
70,287,1.433968437618385
70,288,2.181235019824992
70,289,1.3608831263917358
70,290,2.564368301248438
70,291,1.2880498425890397
70,292,1.6550940094950213
70,293,2.038285212169445
70,294,3.204100022331867
70,295,1.0438202825044636
70,296,1.5598117264439295
70,297,1.2754579532061099
70,298,1.869310534148305
70,299,0.8200970695790278
70,300,0.8975029188141588
70,301,0.8253975896790232
70,302,3.505423927298545
70,303,1.4286886523927018
70,304,2.357639724514946
70,305,1.6517565799046967
70,306,1.1323983488764038
70,307,1.4161144789120856
70,308,2.3459463321836758
70,309,1.133824544685705
70,310,0.8539940504500232
70,311,0.9114058443327914
70,312,1.1114776736158922
70,313,0.8342693753524413
70,314,0.8758836590620028
70,315,1.3268405574228013
70,316,1.64895688610658
70,317,1.347740439813365
70,318,4.5918646593109775
70,319,2.379296029242696
70,320,1.302344130029082
70,321,0.8641797306826304
70,322,0.7904467131117795
70,323,1.6431520969782625
70,324,1.2077447862296131
70,325,0.7722534206684429
70,326,1.188069561976099
70,327,1.571227320879485
70,328,1.176775956794087
70,329,1.5932450656352786
70,330,1.0370985279989955
70,331,0.9101302982080695
70,332,1.4757190554510287
70,333,2.0445728303403756
70,334,2.2406524580277827
70,335,0.893845975839758
70,336,1.1457264333661106
70,337,0.8372840600337212
70,338,1.6914309056739683
70,339,2.0003782205137237
70,340,0.8237842322146448
70,341,1.3720442672512199
70,342,1.1242618632387025
70,343,2.0845633663315213
70,344,1.5850183879312567
70,345,1.011852931601639
70,346,2.1411088546710464
70,347,1.0566869981155422
70,348,1.116668357143411
70,349,1.4075847746129384
70,350,1.0852947850863843
70,351,1.3825077502758047
70,352,2.7894387070650426
70,353,1.8513431461630299
70,354,2.962979454457768
70,355,1.5988085516022743
70,356,0.9448860253542894
70,357,1.505533536283254
70,358,1.7117585481146267
70,359,0.8482961936101324
70,360,1.2674771044422535
70,361,1.5598826266185255
70,362,1.5467218103955633
70,363,0.73943019665043
70,364,0.8885476649334539
70,365,1.378061286199832
70,366,1.3594093673133074
70,367,0.8804051830537976
70,368,1.0630035639353927
70,369,2.5266446466231702
70,370,0.9822505665406343
70,371,1.0913180065098798
70,372,1.0597924798071745
70,373,1.8129269651099724
70,374,1.060728328779342
70,375,2.4738877197965046
70,376,1.3628126889278764
70,377,0.8330655630663327
70,378,0.894775346814515
70,379,2.4685942926108053
70,380,1.5740136735122392
70,381,0.9889040162862157
70,382,0.743705368101477
70,383,1.4480309022674527
70,384,1.2800489548609708
70,385,1.94899397272743
70,386,1.4523386830112863
70,387,0.9351619682818557
70,388,1.3042493558948987
70,389,1.0868606837310804
70,390,1.3315556666185522
70,391,1.0783452802493974
70,392,2.0649842817104958
70,393,1.0008912057907144
70,394,0.8738331186087139
70,395,2.9641843928111355
70,396,1.2343357673849875
70,397,1.7190493747087863
70,398,1.1893414650692482
70,399,0.7118092808158052
70,400,1.2102194240194994
70,401,0.9402323029789225
70,402,1.2429591947065433
70,403,0.8340233562210646
70,404,0.8261508949905196
70,405,1.646549482079777
70,406,0.8913827404363575
70,407,0.8288747354393261
70,408,0.8045158914208255
70,409,1.5770195687209316
70,410,1.3631402740408844
70,411,1.2442059883815337
70,412,1.5551706585833514
70,413,2.2279491730294567
70,414,1.1973123382060247
70,415,1.2835986725146464
70,416,1.0696058508956183
70,417,1.8499509464807147
70,418,1.5103701211385954
70,419,1.0306562429493222
70,420,1.517110836477776
70,421,1.7013592966582578
70,422,1.4761248957340918
70,423,1.1556157151984636
70,424,2.711088368788638
70,425,2.44920913787449
70,426,1.035080354710869
70,427,2.459544421211907
70,428,2.3350678078166847
70,429,0.8661793386106479
70,430,0.876235559465714
70,431,0.8642035449086161
70,432,1.2209949045169985
70,433,2.614075705547393
70,434,2.877226023115054
70,435,2.4526766616008784
70,436,1.1765538654223129
70,437,0.8862302461273428
70,438,0.8364406941083996
70,439,2.920944775895838
70,440,0.758810786068655
70,441,3.0160315114888943
70,442,1.0806344435470432
70,443,1.1095195882595315
70,444,1.391501277925031
70,445,2.7669710278499196
70,446,1.162186468227297
70,447,1.1229156747409137
70,448,0.8844586228764766
70,449,4.384004066546937
70,450,1.3475528325135377
70,451,1.3139269295461122
70,452,0.7475277254461714
70,453,1.0226795796684482
70,454,0.8417432877608401
70,455,1.0069111327576206
70,456,1.5685880743733995
70,457,0.7697277345103953
70,458,2.363315610066328
70,459,3.4584864829370923
70,460,0.8738746430919084
70,461,0.8464739840064499
70,462,1.5127105913324679
70,463,0.8395086373717097
70,464,0.773423662111338
70,465,1.689164318385954
70,466,2.379066400010912
70,467,0.9287047842517794
70,468,1.3469128618189414
70,469,1.8661548386997073
70,470,0.8200115450591122
70,471,1.5286401348632017
70,472,1.368316056812254
70,473,0.8951522634505181
70,474,0.9355412528719482
70,475,0.8207272206700565
70,476,1.6169908213281978
70,477,0.9686463210455334
70,478,1.8062499902959526
70,479,1.3072336541865521
70,480,1.1741132811554393
70,481,0.953795306185999
70,482,1.7815165460525448
70,483,2.010587157596891
70,484,1.0612728100503823
70,485,1.0779977534850838
70,486,1.2064025748267884
70,487,0.9138105873673927
70,488,2.049611578261996
70,489,0.9874084150824651
70,490,1.9306311169907349
70,491,1.0960237797381307
70,492,1.9774636609833907
70,493,0.8274354463732868
70,494,0.9844037362328172
70,495,3.0658817827971805
70,496,1.283575626098084
70,497,0.747487702932559
70,498,0.8435458422661805
70,499,0.9515200731858561
80,0,3.1988695721347273
80,1,3.44914791698561
80,2,1.5296310273041502
80,3,0.9337639026733
80,4,1.9254416812719704
80,5,1.7680747285923757
80,6,1.0529807711624763
80,7,3.9765531182558984
80,8,1.795998324604541
80,9,2.15359908391459
80,10,1.0108499187859392
80,11,0.8735522430165863
80,12,0.7906541600587813
80,13,0.8939830711472441
80,14,2.418881633963475
80,15,1.299638051938974
80,16,1.2662505279224694
80,17,2.164046771739178
80,18,5.622846604467024
80,19,2.27644335357585
80,20,0.8960768065143027
80,21,4.3807280106254725
80,22,5.147969102132125
80,23,4.597299252222607
80,24,3.519502415226065
80,25,0.9879697785534963
80,26,2.734416945191684
80,27,2.3489834192459176
80,28,2.552736735707956
80,29,1.1706745099586948
80,30,0.7906482148989358
80,31,1.2490955115472475
80,32,1.8232105562251046
80,33,0.9062024722890155
80,34,3.406534917567194
80,35,0.9268585829613407
80,36,2.1042366137082933
80,37,1.4692825811144687
80,38,1.4511514544883224
80,39,1.5050733097152604
80,40,1.1916531127734902
80,41,0.9456064282729058
80,42,0.9771239772407833
80,43,5.293627164231894
80,44,0.7360709368868732
80,45,0.8089738587174914
80,46,4.426744464224995
80,47,0.8122198029978024
80,48,5.0887793951478795
80,49,3.4454708413421407
80,50,3.205140151924862
80,51,5.615379822268641
80,52,1.6386794720483466
80,53,1.1266192449003953
80,54,2.546688636768412
80,55,3.19483406901981
80,56,1.169603535091437
80,57,1.033125835149686
80,58,3.346933725539643
80,59,0.9469562586513806
80,60,0.9759771448026165
80,61,3.3026920406820297
80,62,1.58685195086025
80,63,2.1651211809380393
80,64,0.9930291318910051
80,65,1.989422224294619
80,66,2.175592085162785
80,67,0.9769331058359535
80,68,1.1843881036679957
80,69,1.3479792095974168
80,70,4.486692483746194
80,71,2.5982361144509625
80,72,1.5630573620751853
80,73,2.850276590609404
80,74,1.007869590454083
80,75,3.247948056314254
80,76,0.8749666380367035
80,77,1.597568077170249
80,78,2.5829443746422744
80,79,2.605443184973701
80,80,4.316443950910577
80,81,2.3171280679372184
80,82,1.105455312649003
80,83,0.7994243160349357
80,84,1.6799108282338369
80,85,1.4484265534245442
80,86,1.120153714946735
80,87,2.241403163845007
80,88,2.1898322440275235
80,89,1.5592636560984323
80,90,0.8872891972345608
80,91,1.1419594294438684
80,92,1.3129169285300455
80,93,1.834961114925335
80,94,1.1518276473499465
80,95,1.3086432163982618
80,96,0.9438474268426629
80,97,4.461758114729109
80,98,2.180818821911616
80,99,2.4807291145670844
80,100,6.751345228829531
80,101,0.9793947669014498
80,102,3.367510095626027
80,103,1.4532132806547138
80,104,2.281943751332698
80,105,3.680514760633118
80,106,1.4839698141167172
80,107,2.103840740894686
80,108,1.6513044340221472
80,109,1.7178894345097957
80,110,3.7829580414594637
80,111,1.0196866622323755
80,112,0.7681776871714908
80,113,1.047360621741232
80,114,0.8005615212734746
80,115,3.9293358271934076
80,116,1.148235350073074
80,117,3.784707136510488
80,118,2.4554160425015024
80,119,2.5873874133182033
80,120,1.6503269286589224
80,121,2.775992779442376
80,122,1.0176809347942253
80,123,2.9845610768806785
80,124,1.3926768717411682
80,125,0.9305938027566942
80,126,0.750404672226131
80,127,5.33602542154329
80,128,0.8283025238423454
80,129,1.0300980107363222
80,130,1.9145271738405716
80,131,1.7838167308392017
80,132,6.9779887959535385
80,133,2.4490733035905876
80,134,2.665068176703085
80,135,0.8855579981458471
80,136,1.7909425092110913
80,137,3.8597923902863607
80,138,2.3546373366613103
80,139,2.2246519060215015
80,140,9.378708320902293
80,141,2.8212939251250186
80,142,3.182937774993748
80,143,1.513787299360478
80,144,1.824183954645052
80,145,1.240057262302433
80,146,2.0791545700584675
80,147,1.4487540273940116
80,148,1.7932802139417185
80,149,0.7432082849136227
80,150,4.213738588405946
80,151,0.8668962782787384
80,152,0.8052562964636232
80,153,2.8235679913058043
80,154,1.8962106822204674
80,155,3.1610670003274217
80,156,1.6334543269740471
80,157,2.0126582230741294
80,158,1.8756214343997368
80,159,2.1182044073033244
80,160,1.0490629529809332
80,161,1.464923773333251
80,162,1.421236670541135
80,163,0.8886993492582794
80,164,1.331940936545393
80,165,9.066940729734235
80,166,0.970755791299008
80,167,3.3177511310104806
80,168,2.0292148092232356
80,169,2.7789999226081235
80,170,0.8406391307887141
80,171,2.0532609985033923
80,172,5.241201156936957
80,173,5.0778686552601515
80,174,2.8682584988987294
80,175,2.4971998716391046
80,176,1.2617332238258079
80,177,0.8283387146676451
80,178,0.8562202976547765
80,179,1.2083939301519637
80,180,1.3101514618806935
80,181,0.9031829063949327
80,182,0.7541003619955704
80,183,1.6799402038883902
80,184,0.9609111091197051
80,185,1.1637149437210177
80,186,2.721614632710868
80,187,0.7819790419400791
80,188,1.3047342421785755
80,189,2.2750535982041544
80,190,0.8910447295759221
80,191,0.9779920803366116
80,192,2.1256144477250465
80,193,2.0612255736229734
80,194,1.167943485746332
80,195,0.9590749171928249
80,196,3.3996320388968324
80,197,2.195052998450013
80,198,1.3419796849131564
80,199,0.7895466452380254
80,200,3.8515599194222783
80,201,0.961009443341161
80,202,1.514218113245911
80,203,3.3596079781698913
80,204,2.5043451218363924
80,205,12.663480587869113
80,206,3.211564966861562
80,207,0.9003700763842069
80,208,2.6018295123035764
80,209,9.029016750570461
80,210,1.597144448316214
80,211,2.054513949493255
80,212,2.643923345204786
80,213,2.637267613543737
80,214,1.0993905086348765
80,215,1.3409716244326664
80,216,7.209254204716631
80,217,6.465092107923988
80,218,5.038197905543898
80,219,2.410723462052517
80,220,1.2028636682479439
80,221,1.3790007773844382
80,222,2.586947930305271
80,223,1.5021839503124652
80,224,0.8611527037134582
80,225,2.1718278168272693
80,226,2.8835167504551964
80,227,1.0252280419370068
80,228,2.1529825354624554
80,229,2.2977587668218757
80,230,1.6216832963922443
80,231,6.174328751778883
80,232,2.2765479471834653
80,233,2.7667021107447924
80,234,3.6626867707449695
80,235,2.0120604165670652
80,236,1.4389095755106212
80,237,2.336587112031191
80,238,1.255379991353515
80,239,1.4186390958805781
80,240,0.8710467391886916
80,241,3.7634326986993716
80,242,1.4036214144964143
80,243,0.9483267337545593
80,244,1.2520905618131948
80,245,1.1696127107214238
80,246,0.7315109281279437
80,247,2.0304530716253444
80,248,1.2225776118489777
80,249,4.457971984080479
80,250,3.877576997703872
80,251,3.3406608779698006
80,252,1.832337802684694
80,253,2.147563773642378
80,254,1.2879052639903998
80,255,1.48466979875947
80,256,0.7599447794633393
80,257,1.1226503198764242
80,258,7.032012601392994
80,259,1.6973835431757116
80,260,1.5054015746138787
80,261,0.9654339120591455
80,262,1.7844932990541307
80,263,3.2393027688755422
80,264,0.9469856685901354
80,265,4.382068904697002
80,266,1.2762421059445255
80,267,5.6420063222510235
80,268,2.2162314348565673
80,269,2.44443403252329
80,270,0.8265577608489644
80,271,2.093941667800582
80,272,3.724258027526106
80,273,1.0849273062102684
80,274,2.5185152675190823
80,275,3.526286019570129
80,276,1.1221037352910812
80,277,2.215098314211558
80,278,1.8931667408768444
80,279,1.9070065111688002
80,280,0.9114049773313704
80,281,1.021115299114372
80,282,0.7390422528868935
80,283,1.8562602122792122
80,284,1.5331112907418742
80,285,1.682756176280417
80,286,5.233482297707534
80,287,0.7568767141693518
80,288,2.2365565631240645
80,289,1.918469313530693
80,290,2.9127795724065697
80,291,1.0377500038305114
80,292,4.66839285520749
80,293,1.3760749511227082
80,294,2.1034800268542173
80,295,3.5979797368174946
80,296,1.3462355251176055
80,297,2.138055285301535
80,298,2.0092725991346887
80,299,0.7423958145002824
80,300,3.126255933012941
80,301,2.0469821442076817
80,302,3.336181689032339
80,303,3.375990527486991
80,304,7.617843486991643
80,305,3.62219509751466
80,306,0.8750967233898704
80,307,3.3558354189823176
80,308,0.802608685078852
80,309,0.8141096422349053
80,310,0.9140430184263878
80,311,6.124672215938139
80,312,0.7484736499637367
80,313,1.8584705428849118
80,314,0.8962669579102708
80,315,1.4828792138052471
80,316,4.604310969352195
80,317,1.1280550453486036
80,318,1.8338157216139837
80,319,0.9963796329609524
80,320,1.857773275494506
80,321,0.8483359508557431
80,322,2.164442160141122
80,323,1.7101366383081122
80,324,7.351944269786264
80,325,0.8329522228539086
80,326,0.9865916149966857
80,327,1.4184636124256025
80,328,0.8328809177380344
80,329,1.6007519246314714
80,330,2.650169058053843
80,331,3.794804886669833
80,332,1.2337552228220117
80,333,4.260996060860926
80,334,4.579717759634378
80,335,1.1519312223235707
80,336,2.5724461291850056
80,337,1.1471793789988884
80,338,1.0254754722252202
80,339,1.4426090467786121
80,340,1.0545006991313517
80,341,5.300063000073392
80,342,0.9899729939069714
80,343,3.1303092794720437
80,344,1.484008931472797
80,345,1.5739016902673966
80,346,2.141836591722749
80,347,0.796135535664165
80,348,0.8101681111471454
80,349,2.8513306057323278
80,350,0.7603154739631746
80,351,2.9828437290853462
80,352,3.681134279678783
80,353,0.8867573503471717
80,354,1.2123703313643097
80,355,1.0375738789460622
80,356,6.6502123615331135
80,357,0.7880145173495219
80,358,1.1248777599198123
80,359,0.7908958023753251
80,360,1.5898044631353405
80,361,2.8752219682554756
80,362,1.9979627202951273
80,363,1.2765418809377636
80,364,5.271970073704349
80,365,2.59799828557073
80,366,0.9366718273147314
80,367,2.592557779517021
80,368,1.5711876144427015
80,369,4.856561148421367
80,370,0.7474153228343176
80,371,0.9038007278785481
80,372,1.2323175679406808
80,373,1.4158066383101755
80,374,4.086903407858371
80,375,2.716027871622131
80,376,1.4782137817942258
80,377,1.110983675093979
80,378,2.243258849415001
80,379,2.739284620480623
80,380,1.4701739994897685
80,381,1.0531763908020337
80,382,3.027058087426911
80,383,2.251067786429079
80,384,1.2966340903284397
80,385,1.7866708987725815
80,386,1.4035062994554888
80,387,0.9563155571442674
80,388,1.2840779861157134
80,389,1.4769571447276926
80,390,2.0814866329420028
80,391,8.333591578321142
80,392,5.556706625378895
80,393,4.442116070361117
80,394,4.171266959220096
80,395,3.526050327754355
80,396,0.9499853937778339
80,397,1.0449030587494044
80,398,1.5684395247933418
80,399,0.8677434396018018
80,400,3.6153868789676644
80,401,2.511256686045748
80,402,1.5871279000295853
80,403,3.1483523379645884
80,404,4.123832132264922
80,405,2.0197861036507856
80,406,1.9849324305144893
80,407,0.8747647962509254
80,408,1.5769251707628227
80,409,1.5373183184539039
80,410,1.5863838860333372
80,411,6.101868794487787
80,412,0.8088461527255413
80,413,1.1611704898600113
80,414,5.724549752027962
80,415,4.056393113995408
80,416,1.1334624163900622
80,417,0.8032030673831583
80,418,0.7627979876167001
80,419,1.1158506362284084
80,420,2.41850028057385
80,421,1.012723622567708
80,422,0.8356897713859122
80,423,4.28193013923316
80,424,2.646379159067658
80,425,1.8269511389868505
80,426,1.5628179844922405
80,427,2.5960342889507344
80,428,2.806147400125115
80,429,3.0075488360522744
80,430,1.5903914785365254
80,431,5.320991909685971
80,432,1.38415444036815
80,433,1.2145801589124792
80,434,4.509148127287856
80,435,1.0549157812683325
80,436,1.953834708199663
80,437,1.1499162205696667
80,438,2.682057221183403
80,439,2.1755952169809514
80,440,1.1506670042794833
80,441,3.1183232077028746
80,442,4.731789219518317
80,443,4.068428369797412
80,444,1.6033571145156484
80,445,4.211601470864405
80,446,1.7053085850053862
80,447,4.431247039035292
80,448,2.675373201704154
80,449,6.327330901208944
80,450,0.8819239219726007
80,451,11.218358696260525
80,452,1.3195913147954899
80,453,2.818738050337177
80,454,1.677019314980953
80,455,1.909699627868701
80,456,2.7740440936136355
80,457,1.1235562206131327
80,458,4.393736710928552
80,459,2.005053661565261
80,460,1.8342533008269237
80,461,2.493955394606424
80,462,1.451180279008402
80,463,0.7456764554887187
80,464,2.023807645304111
80,465,3.4890972848594344
80,466,4.944018930937694
80,467,1.6515142262085127
80,468,2.6590795024209464
80,469,1.0011304969704857
80,470,1.583960119602945
80,471,0.8543794536252668
80,472,0.8354698293543756
80,473,3.629024104770916
80,474,1.2503402458826776
80,475,1.8711143991852979
80,476,1.4687031362676486
80,477,3.365484651614805
80,478,1.1111947774009072
80,479,3.1138743863875065
80,480,3.6240394302289514
80,481,1.8312342244148703
80,482,1.2712101014669677
80,483,2.6993737139301928
80,484,1.0764343501800127
80,485,1.0341983671505108
80,486,1.3826028567307818
80,487,2.4408343462951496
80,488,9.034496387596382
80,489,1.3748305817650956
80,490,2.5764793117324913
80,491,1.25733339750804
80,492,2.6653533177426967
80,493,0.8957450311806249
80,494,1.6616000506181035
80,495,0.9563632571128029
80,496,1.2684509992433846
80,497,1.331812504716557
80,498,2.1212006303478406
80,499,1.8639576068219668
90,0,5.7224735528658215
90,1,4.114903128580694
90,2,17.445261928956317
90,3,1.727146180867554
90,4,18.11369921271602
90,5,1.5782828164563638
90,6,4.660299565502304
90,7,12.96591680721204
90,8,2.266355009852533
90,9,2.2906747793292626
90,10,3.5186881005148187
90,11,11.976448924054042
90,12,1.3597217407627562
90,13,11.680714201413943
90,14,5.938417301067541
90,15,8.05516107987348
90,16,3.3416014339735716
90,17,5.3610534847458
90,18,4.923795528042687
90,19,4.4398360387398474
90,20,18.83944618613773
90,21,9.986977271732057
90,22,12.069124059826393
90,23,4.74611445069704
90,24,14.72290772719828
90,25,1.9211809651785627
90,26,7.29031206069738
90,27,2.0438707673585044
90,28,2.736912089913284
90,29,1.6779474626992634
90,30,14.37386638128079
90,31,1.4548872133036699
90,32,2.609353476058879
90,33,4.032979140775243
90,34,2.8701581241053837
90,35,6.844290247827013
90,36,9.269649297811416
90,37,2.2540892195528617
90,38,8.636067743986752
90,39,2.797954764530728
90,40,2.5380273669415736
90,41,3.022310058804125
90,42,9.990251763619124
90,43,4.904282718332361
90,44,12.683219753410878
90,45,0.985366493986651
90,46,9.25583102498604
90,47,4.683376302464613
90,48,4.622874054681292
90,49,3.4371068258614805
90,50,5.370557655051197
90,51,10.038423816054122
90,52,3.5402550481097674
90,53,5.072837928027953
90,54,21.502644302813874
90,55,5.299134562710061
90,56,4.927321689733274
90,57,2.500044772148158
90,58,1.787777130311489
90,59,8.031022759735649
90,60,3.51842994735501
90,61,1.3741271045509351
90,62,5.936018276612822
90,63,5.361414381694389
90,64,3.1929648697011417
90,65,13.656255428248958
90,66,11.734211993035872
90,67,7.976962276662092
90,68,1.7223252873710908
90,69,7.23367847565193
90,70,7.157581578795006
90,71,5.893992484047581
90,72,1.6515100334718726
90,73,3.002842499040662
90,74,2.3148219818117766
90,75,2.672348557106329
90,76,1.5824695192144624
90,77,2.3664022486018745
90,78,2.3154056618418304
90,79,0.7305257507507763
90,80,1.5786891950141304
90,81,0.9616684241314715
90,82,2.9423204939112164
90,83,1.6102609442561358
90,84,6.0482031086202594
90,85,5.293970793713215
90,86,4.60345542019789
90,87,3.0126672736347166
90,88,5.0691219612250595
90,89,3.50780343502691
90,90,2.7396912523344206
90,91,2.0992532832876076
90,92,0.9974038968851571
90,93,1.2604065439158676
90,94,7.874019233165293
90,95,9.713748512700375
90,96,3.436655562202652
90,97,5.008042922253995
90,98,3.2351440979942554
90,99,1.4740118877801234
90,100,12.059059574490508
90,101,3.2575158729346785
90,102,3.30325887617001
90,103,1.8181974796215132
90,104,2.164558603008072
90,105,3.5243693877697493
90,106,2.1042993990640437
90,107,1.9657950656771208
90,108,0.9333491078016609
90,109,11.846696202893959
90,110,1.662948126986988
90,111,3.4488830317671932
90,112,4.491167784314562
90,113,2.5688517684536483
90,114,14.440377757621828
90,115,3.672549004438887
90,116,17.43220984584721
90,117,5.278621537545355
90,118,2.1798786301626345
90,119,0.9604075391854132
90,120,5.387923188078884
90,121,6.367545275671217
90,122,24.866296178599207
90,123,9.288362512566657
90,124,15.281753051375052
90,125,7.448724752284927
90,126,7.640325509722649
90,127,3.3892499684808213
90,128,0.7766899394793993
90,129,11.520493837296291
90,130,1.1705028216788105
90,131,4.473624181649704
90,132,6.837203319746909
90,133,2.7308215057537137
90,134,7.373235939425186
90,135,3.6141768435758976
90,136,0.9510582148696932
90,137,0.9893606022229993
90,138,1.4076674165952987
90,139,5.76624917524612
90,140,20.404466885679916
90,141,3.3992947252186485
90,142,1.213228286899965
90,143,1.5790503103449776
90,144,3.2131210373576917
90,145,3.4853801836887968
90,146,1.5684671760882027
90,147,10.178713798588587
90,148,14.686305063680159
90,149,2.2108489064706816
90,150,1.8187999336697382
90,151,2.804380855673546
90,152,4.987884233489716
90,153,5.142521640680256
90,154,2.277664871267297
90,155,1.1892041952559187
90,156,6.575235683505524
90,157,2.3007733377800657
90,158,6.642093639746541
90,159,0.8864851702539711
90,160,2.3681161958425494
90,161,2.523488230556739
90,162,8.767671024327626
90,163,5.864348359236994
90,164,1.836523524963411
90,165,4.591022091177715
90,166,4.09631800633233
90,167,2.4776790629094276
90,168,9.494932691722354
90,169,13.414859800791815
90,170,6.929619656569444
90,171,1.6713985953427455
90,172,4.630365803206974
90,173,4.653263509893002
90,174,1.6400559849528777
90,175,1.8904334329019905
90,176,6.736698741705641
90,177,15.045294136306728
90,178,1.159025834069321
90,179,8.476226502914823
90,180,3.3026883109285423
90,181,3.1803210850676944
90,182,1.648952363550859
90,183,4.395460388549033
90,184,6.055326184510693
90,185,3.025068021159577
90,186,4.694730496190972
90,187,8.804213926857699
90,188,8.196035839967715
90,189,2.9732483639788794
90,190,2.250369924568934
90,191,2.0624417230402208
90,192,9.048290359155386
90,193,3.7675969777461487
90,194,6.366664715346986
90,195,2.272863177448886
90,196,4.234463303635918
90,197,7.677356519441367
90,198,1.8401256656117253
90,199,11.201416070534545
90,200,3.7455609328422037
90,201,3.1009714085730065
90,202,3.5268156068509433
90,203,5.237354808599584
90,204,4.4871770773590125
90,205,1.5805947807484884
90,206,7.09516498488656
90,207,17.334130371425566
90,208,5.590072644850907
90,209,3.484892996756722
90,210,2.218493361898352
90,211,2.674558237119474
90,212,2.576682806433365
90,213,6.050895612124762
90,214,35.3185586914099
90,215,10.045076812091017
90,216,1.7534550005430574
90,217,5.594240295642111
90,218,1.8038949098354293
90,219,9.607813569759589
90,220,24.324139930535278
90,221,1.9336570995705469
90,222,0.9729386423169455
90,223,12.459125116180488
90,224,10.153741172709758
90,225,10.254205265214859
90,226,6.256862311268754
90,227,2.06234117422522
90,228,2.108802320285072
90,229,3.7908419683143344
90,230,2.545242419025444
90,231,2.2464883832016014
90,232,3.501167706078689
90,233,7.580011175212073
90,234,2.297495288565859
90,235,3.746337471996129
90,236,4.353278525005832
90,237,5.051486164194549
90,238,1.6802967775908737
90,239,4.299923538576618
90,240,3.1433510896760772
90,241,16.643832608334687
90,242,3.1411017818389753
90,243,1.1940642802385897
90,244,6.702518151258555
90,245,3.0972986667316476
90,246,2.151502413141866
90,247,2.494703913403795
90,248,5.182695015864173
90,249,24.37550976214072
90,250,11.084226067058946
90,251,2.67102121107672
90,252,5.100641049065795
90,253,1.3828947718585998
90,254,5.304152592977626
90,255,3.0794406467648296
90,256,18.110872068297194
90,257,1.4573419513524652
90,258,18.421929692005378
90,259,3.4474497589454662
90,260,4.497919304834362
90,261,1.2228640448586166
90,262,4.863791676554853
90,263,5.631840899989838
90,264,4.786927876299939
90,265,4.3644902311300235
90,266,11.650592692234532
90,267,1.442689458834768
90,268,7.397657419469599
90,269,13.6233876192055
90,270,1.1852699559479574
90,271,0.9213482608485468
90,272,9.7100607799009
90,273,12.56935820709424
90,274,12.908781548191843
90,275,1.3613200954234816
90,276,3.8067171549639807
90,277,5.100337464863056
90,278,5.251313786992438
90,279,12.362137334776001
90,280,4.2118669557822415
90,281,2.6465122686295226
90,282,3.3887800765331964
90,283,15.693431399504936
90,284,3.7674845195191473
90,285,2.274202656196065
90,286,2.3915115746156337
90,287,1.8971103812988466
90,288,3.8655426956097343
90,289,5.950948702748435
90,290,4.952370322393671
90,291,18.414678597767526
90,292,2.462984019673195
90,293,11.422509032168355
90,294,2.93932919338922
90,295,4.112276697263811
90,296,0.8184985759645876
90,297,5.005909030450139
90,298,5.125287284198136
90,299,3.19961204827314
90,300,7.816572574452316
90,301,1.8658691492838788
90,302,5.37537825224268
90,303,4.736195794957416
90,304,4.515427706229048
90,305,5.568305946487325
90,306,5.269853108275578
90,307,11.38913287841455
90,308,4.164569924843143
90,309,8.47533233917858
90,310,0.8834641038373372
90,311,13.62764843328336
90,312,13.863808766538117
90,313,3.2698705715763148
90,314,2.016277153177809
90,315,0.8990936240803105
90,316,28.406768790024802
90,317,6.412137890841961
90,318,3.1136470021548686
90,319,2.324600768882208
90,320,4.251767527322816
90,321,7.381560249534592
90,322,1.6606644178965753
90,323,6.565476451890814
90,324,10.548741783721553
90,325,1.410955011121086
90,326,2.1952491305579307
90,327,13.111828061636185
90,328,7.078560615011362
90,329,1.653775765228749
90,330,5.042374999835554
90,331,17.875882322794535
90,332,3.0541245674143567
90,333,8.06209295136608
90,334,6.767488923455924
90,335,7.310386941420311
90,336,6.55902200094065
90,337,16.98706596544192
90,338,0.8027469511304605
90,339,1.7261061239582118
90,340,6.487385420007262
90,341,1.9039184159502425
90,342,6.069833118253853
90,343,2.931480799615312
90,344,12.958688642985978
90,345,3.714808736606815
90,346,1.6308311326612845
90,347,1.028601924477763
90,348,12.42819304194618
90,349,5.039667025751781
90,350,0.8076498313672469
90,351,5.291503597709121
90,352,12.459299405357593
90,353,5.824536984432903
90,354,15.020630368231478
90,355,4.398835089649926
90,356,4.732236984019331
90,357,4.339310580345561
90,358,4.986867186943694
90,359,1.3294320762741068
90,360,6.345984828719988
90,361,10.069572513831467
90,362,0.896122909126926
90,363,8.50430670241192
90,364,13.762626499018364
90,365,3.0620731814025026
90,366,2.7731135741031623
90,367,4.385791621104991
90,368,0.8145791618493954
90,369,7.703684540446918
90,370,2.696757838530049
90,371,21.001967170060382
90,372,7.927670175581851
90,373,3.090451394510974
90,374,3.776593278074321
90,375,14.849604913563304
90,376,2.2656264644306683
90,377,0.7550350395521064
90,378,1.4083800892020404
90,379,1.1202243069477829
90,380,3.2879503202820985
90,381,11.830581952001692
90,382,16.208428899067343
90,383,13.26754058342949
90,384,0.7455397682985822
90,385,15.324387057190817
90,386,7.390906737812431
90,387,10.646649690443013
90,388,5.591044456821077
90,389,4.979582586889014
90,390,1.8750328895894952
90,391,2.0669236908573088
90,392,1.239232623632157
90,393,3.0915696741857963
90,394,8.513393865541504
90,395,11.126153233399284
90,396,15.740530389338636
90,397,4.269855996891598
90,398,9.67400259657015
90,399,9.105753297290304
90,400,2.113444333809316
90,401,7.2434814772564895
90,402,11.294467088859596
90,403,1.4775821754119547
90,404,7.9156151476031
90,405,2.7414620333494093
90,406,6.70305407172832
90,407,1.247512508511
90,408,9.227511757460048
90,409,6.092072727073595
90,410,8.730285346439915
90,411,3.601005611636837
90,412,1.7747467186513484
90,413,2.5986114791323103
90,414,3.5516839736498995
90,415,16.151590482462122
90,416,1.3198362305995603
90,417,6.720113878616248
90,418,1.384081264655305
90,419,5.618408148488339
90,420,1.767644102954601
90,421,2.084537632558951
90,422,0.9763670360901842
90,423,2.618393680103483
90,424,2.4050652489785485
90,425,1.1256000479849049
90,426,11.924789537540393
90,427,0.9028327891293743
90,428,7.990727248218074
90,429,8.814489276915687
90,430,2.263630051224901
90,431,8.104979634146515
90,432,1.1460582908966885
90,433,6.487938025503844
90,434,1.2426106593333899
90,435,1.814866209660796
90,436,1.8705346078646057
90,437,0.9977045831990433
90,438,7.705711077788201
90,439,2.917693209255774
90,440,6.348332195291391
90,441,4.2520782378477895
90,442,1.2403490155651622
90,443,3.004613287812206
90,444,4.7752764153236695
90,445,10.17154515903213
90,446,6.080480840904418
90,447,12.071545068835587
90,448,6.459599569188858
90,449,3.112489495385256
90,450,15.011427873381203
90,451,1.5403837684761965
90,452,6.01976602939249
90,453,1.0823450554483538
90,454,4.86603595684068
90,455,7.319961183342351
90,456,5.653393479459806
90,457,17.90056951793683
90,458,0.957903402245442
90,459,3.3953979101054474
90,460,3.9857373407277508
90,461,4.432908635456551
90,462,1.8547739103033891
90,463,4.144676611338436
90,464,1.4121136165361319
90,465,8.172825786760994
90,466,5.955141128735205
90,467,15.14386198607889
90,468,2.5416591563061384
90,469,0.8580964766268792
90,470,27.989028923977774
90,471,20.134764836166134
90,472,7.068483154977901
90,473,4.520814657027914
90,474,9.044708321097069
90,475,5.934422158139113
90,476,4.991123201899
90,477,3.1382921144077516
90,478,2.0323744352752215
90,479,0.7671682092273602
90,480,4.084336829617877
90,481,3.6488674117110134
90,482,1.9341213574030067
90,483,2.4048435758150313
90,484,3.1907754222217095
90,485,3.0256112512599467
90,486,3.545053458764116
90,487,9.114190820011153
90,488,4.973120846367133
90,489,9.354659951075732
90,490,11.30227234200765
90,491,5.507483832839355
90,492,16.3045349662394
90,493,7.606468134360342
90,494,8.551621263706195
90,495,1.8783793754025535
90,496,5.170375630234092
90,497,4.3956902634134325
90,498,3.2180724400843963
90,499,8.633476046950966
100,0,1.1927278677870015
100,1,1.6863422149203895
100,2,5.4961088918761005
100,3,1.4275546026532124
100,4,9.017106275125977
100,5,7.8772148940715185
100,6,2.220426601895669
100,7,3.6029488019275737
100,8,1.5247635632015377
100,9,4.912925602258771
100,10,10.977758377949629
100,11,7.202417079140841
100,12,3.5666267054138507
100,13,1.2786940088048346
100,14,0.889623032161895
100,15,5.055289663427698
100,16,1.3817577083175019
100,17,21.647302865520928
100,18,2.127781149465598
100,19,4.185183234133396
100,20,12.423708096797995
100,21,3.946276799417338
100,22,5.427382848205085
100,23,2.575652030872356
100,24,1.6577027843841037
100,25,5.815684116981234
100,26,13.584713390557877
100,27,5.8170047402166425
100,28,13.228813844027094
100,29,1.1276210332865197
100,30,15.342794748602365
100,31,2.6631437298542204
100,32,7.3101339414141355
100,33,4.72553660077603
100,34,16.58185446233998
100,35,9.572875535812774
100,36,1.522369282307527
100,37,7.153088710100924
100,38,2.337779758590084
100,39,12.68135770238475
100,40,1.2590269938015812
100,41,7.429208720725893
100,42,2.3436598540923175
100,43,3.086927482846853
100,44,1.8110937675575183
100,45,1.512756840506251
100,46,2.2300754690812123
100,47,1.0424163286402803
100,48,7.144083319340587
100,49,1.607583912604212
100,50,1.0532007890268293
100,51,7.277966335627303
100,52,2.14206631290032
100,53,13.19901822822383
100,54,3.9818741375362174
100,55,1.3973550825835186
100,56,1.7255953592380413
100,57,12.67858301264156
100,58,1.5115709981960568
100,59,1.9492423985284084
100,60,8.208300161350579
100,61,4.82288189707982
100,62,3.927424292921866
100,63,5.129519729198464
100,64,0.9446492705040517
100,65,5.1522310695856355
100,66,2.1316907319967373
100,67,2.7414497162489173
100,68,7.017621868225883
100,69,20.267727732794945
100,70,5.820277923016872
100,71,8.89885900793476
100,72,12.346284001938708
100,73,3.2879843664866177
100,74,1.6956871738892834
100,75,1.1198471292558219
100,76,2.6658553539027796
100,77,6.7660048379231394
100,78,5.62400894163922
100,79,8.523967507273797
100,80,3.1751166294181914
100,81,5.791625997440342
100,82,4.475905297490738
100,83,1.7646193609763547
100,84,4.237208969286802
100,85,9.128129453660241
100,86,18.71813952332378
100,87,5.6400371106914395
100,88,2.969896403461624
100,89,9.458181835183753
100,90,10.986708323983036
100,91,4.028752255432659
100,92,5.832727943315906
100,93,1.9166726285151092
100,94,9.81612019191073
100,95,3.5927586212374445
100,96,4.780930944855493
100,97,4.731831851420411
100,98,10.326821465704505
100,99,0.8580625004975184
100,100,13.763589462358997
100,101,0.8105779582681896
100,102,5.997170127794942
100,103,1.5338272809883073
100,104,1.3294781067617445
100,105,2.3786266522102957
100,106,5.512221018876676
100,107,2.5438140142088557
100,108,2.065109616341865
100,109,5.499076177201306
100,110,7.974001931709151
100,111,4.828840812698495
100,112,2.4345681049781804
100,113,7.965339112302904
100,114,17.925310520243944
100,115,1.4759558829469221
100,116,1.4859889625070137
100,117,0.9144782191086722
100,118,3.7993926424600435
100,119,1.1300811978645136
100,120,1.4167686176369962
100,121,13.261760034290072
100,122,21.424039915076975
100,123,3.119519898443532
100,124,8.396957461551517
100,125,8.943077308629176
100,126,1.4096934578110856
100,127,14.177138898519264
100,128,2.954786138293659
100,129,3.737741051639045
100,130,7.006493712197508
100,131,4.7691750459673905
100,132,3.1795758296435235
100,133,6.970209565734752
100,134,16.676921367850397
100,135,3.0539200233297477
100,136,2.3568932482803273
100,137,1.883278111868562
100,138,34.55739855046557
100,139,4.333545611186889
100,140,11.99211666237612
100,141,4.159737122807881
100,142,2.895824245336989
100,143,3.710669621134834
100,144,0.935084722060737
100,145,3.0870910177177135
100,146,21.33529786985566
100,147,4.738409971207782
100,148,0.855551190647599
100,149,1.8399166580058506
100,150,6.371068223057038
100,151,15.345142764942695
100,152,4.56334841696004
100,153,9.496060110357513
100,154,1.0434791986637626
100,155,1.2878988119176589
100,156,7.98262650488277
100,157,3.0197983974915252
100,158,1.3831703240423785
100,159,2.69941997497668
100,160,3.746692921694935
100,161,9.245716615573263
100,162,14.282349046741832
100,163,2.6607713738598173
100,164,8.899597760384141
100,165,9.438877795552115
100,166,9.97240606223878
100,167,3.6055929008705707
100,168,3.009762794483885
100,169,17.28553455898508
100,170,8.205095640695044
100,171,2.850421978674225
100,172,15.603319384371162
100,173,1.1679520936130017
100,174,4.585134775660962
100,175,10.951465794263335
100,176,1.4147379610684847
100,177,2.7202014745835235
100,178,8.15761366694356
100,179,8.558397694253713
100,180,3.5718676843795816
100,181,0.8676449827721708
100,182,3.768942603688694
100,183,10.396663190691394
100,184,9.250381759866048
100,185,3.4527470737612167
100,186,1.5161801725743282
100,187,2.848413007632187
100,188,10.087078907567866
100,189,0.8139112125246798
100,190,11.165426277235852
100,191,3.743826644382452
100,192,3.288404822827991
100,193,9.568951804168977
100,194,5.337101936566361
100,195,7.648928052914142
100,196,3.761408829836287
100,197,7.406045615114565
100,198,2.636875706127921
100,199,2.9430948931161174
100,200,7.519986477073467
100,201,3.136281215448955
100,202,1.7948157711904806
100,203,5.800725018930368
100,204,0.9047927228147437
100,205,3.5138873856059942
100,206,3.9233549176966607
100,207,4.879628216100613
100,208,1.0304057285695152
100,209,1.7605428737178126
100,210,4.400102100923639
100,211,3.713986993429249
100,212,4.495887782765305
100,213,7.642042398086463
100,214,1.3709199893442254
100,215,5.113799820725003
100,216,1.765539078662728
100,217,2.141362433135945
100,218,2.2031528592174694
100,219,14.413645022695093
100,220,2.216910948712799
100,221,13.547339869276648
100,222,2.2180459514628703
100,223,2.0266618377431103
100,224,1.3626861111769293
100,225,0.8857393369101153
100,226,23.112401828339323
100,227,5.981763188966773
100,228,3.305046121719802
100,229,6.9289077317963175
100,230,20.403800596958533
100,231,4.032119622106199
100,232,2.244794970198807
100,233,1.114067655992448
100,234,2.175272950570935
100,235,5.983575028324942
100,236,5.960666309534031
100,237,8.450133738878373
100,238,1.3395624730650728
100,239,8.158459967662969
100,240,3.8443174039788195
100,241,2.822294244862468
100,242,2.4949685843190608
100,243,1.285772684539787
100,244,7.803846449382903
100,245,7.437140528543635
100,246,5.001598433109524
100,247,4.723470766082225
100,248,3.3750357835952447
100,249,3.6403250612915126
100,250,5.754978261234819
100,251,8.161846236828264
100,252,2.962179006424612
100,253,3.0473783280074405
100,254,7.516817050708884
100,255,3.6270306202927833
100,256,6.7961736479267145
100,257,1.7792350351238317
100,258,10.902247481446995
100,259,10.638874528591668
100,260,5.99386775803859
100,261,5.576451160696895
100,262,5.173555025511777
100,263,4.089626200490395
100,264,8.924939554361176
100,265,7.78656835809733
100,266,6.367607597062239
100,267,3.6269900592465083
100,268,6.358643884949501
100,269,2.513447017627049
100,270,1.1907841473159828
100,271,22.457092127638717
100,272,4.515133361235272
100,273,10.976546119320096
100,274,1.2059607044335354
100,275,3.787672231306252
100,276,1.163457645579538
100,277,6.049004294671867
100,278,6.933812597601459
100,279,2.357693057692797
100,280,3.8083174763247207
100,281,6.510015003357189
100,282,1.1835834354690806
100,283,4.234690726803022
100,284,2.29854455377592
100,285,11.819973369063968
100,286,7.094666652663979
100,287,9.469400991970183
100,288,12.43021006799202
100,289,15.058287183725986
100,290,3.367801164267136
100,291,9.590095819105361
100,292,4.011441320697303
100,293,2.966737617931569
100,294,4.048030373152788
100,295,4.659357232508065
100,296,10.172329502476016
100,297,8.675945154952174
100,298,5.201349924473274
100,299,1.6563858365889077
100,300,5.590179961047421
100,301,4.669451850573792
100,302,0.9318565506391217
100,303,5.91292085775484
100,304,4.042598964436203
100,305,2.225293379342307
100,306,1.3539061037260676
100,307,12.989400250375825
100,308,1.4197753046609307
100,309,7.5602801943462525
100,310,9.88715731531779
100,311,3.2228498746465513
100,312,6.108410098873271
100,313,9.897132535798242
100,314,1.8141861145748432
100,315,5.908326643194235
100,316,20.133490252236662
100,317,1.4520147651586615
100,318,2.6243172916621145
100,319,4.228838626505252
100,320,11.645346682341822
100,321,4.526584317669724
100,322,44.95342124779225
100,323,6.561720816375338
100,324,5.916856326040282
100,325,3.279804434468851
100,326,7.836426138660428
100,327,2.502613912847183
100,328,5.449175689031183
100,329,0.8528868540548585
100,330,1.180544797620093
100,331,5.814602104409471
100,332,2.272416489673238
100,333,11.700336757613723
100,334,2.4550971310696
100,335,3.8151245874336475
100,336,12.770399690658472
100,337,13.049944867805113
100,338,0.967177538776283
100,339,13.850049280794046
100,340,8.088050690533496
100,341,1.8150161423322657
100,342,5.456491053653215
100,343,1.1538919966141894
100,344,6.546211289415621
100,345,4.550239238906004
100,346,1.996108676892813
100,347,10.38945559004768
100,348,2.1522878114220236
100,349,4.437029560630613
100,350,4.218750214108014
100,351,7.754483424709544
100,352,1.6620852751512267
100,353,2.275928769335013
100,354,24.8063148423392
100,355,4.810455007697758
100,356,8.146383668268266
100,357,9.108324613085042
100,358,4.562726428503176
100,359,5.0632402247205075
100,360,5.056861746775628
100,361,9.774294705046424
100,362,2.517038700054381
100,363,3.452965039638916
100,364,4.801561480313309
100,365,4.007174710330509
100,366,12.401221576430189
100,367,7.150488224161619
100,368,6.165566057390279
100,369,3.0075680601503167
100,370,2.571405237863355
100,371,1.3972262038570442
100,372,0.8436627671821055
100,373,0.9538289835240498
100,374,1.2326942070550793
100,375,20.10505583758687
100,376,3.5242386289744925
100,377,3.758689422026061
100,378,1.0363418004877059
100,379,4.034006464068578
100,380,1.1821519353975516
100,381,12.83259933600119
100,382,1.8603133671868832
100,383,2.3294470676888253
100,384,6.747850982200216
100,385,19.35705780756385
100,386,4.006511447483236
100,387,10.946154183755638
100,388,1.9707840509419106
100,389,1.5697982376732318
100,390,1.6508960648513442
100,391,4.43635709022955
100,392,4.6103501621694924
100,393,6.83524638953023
100,394,7.5112807809557
100,395,5.126669491378516
100,396,15.029213559115322
100,397,5.317587969438368
100,398,0.9903340702905225
100,399,2.018363035605236
100,400,11.721594768805911
100,401,7.006644818183963
100,402,6.0723011529960536
100,403,6.243400815967594
100,404,2.8732792719839026
100,405,1.2851346728420834
100,406,1.2134334447915498
100,407,12.932780842252082
100,408,6.539990350153705
100,409,4.662293661928108
100,410,5.138912699621088
100,411,1.939344609123903
100,412,1.3281661173390542
100,413,11.655837730018733
100,414,10.481438211930799
100,415,9.18607687997324
100,416,1.3783955472740985
100,417,12.605260495851383
100,418,8.960676052661086
100,419,6.906091902309095
100,420,3.3235046644892425
100,421,7.470223698680536
100,422,8.151494987904343
100,423,11.191940481707194
100,424,7.556636034404099
100,425,12.752842485463274
100,426,8.431937749537742
100,427,13.72926755940077
100,428,2.218720723450188
100,429,2.5562254710430508
100,430,3.4296467301416116
100,431,0.8302742102877307
100,432,12.345088203796392
100,433,7.832623457052425
100,434,1.2768846330240358
100,435,5.498233924789205
100,436,4.041586511383494
100,437,3.742704483709177
100,438,6.696780959861763
100,439,0.7601686538782719
100,440,8.40070083280019
100,441,2.8349861441074373
100,442,24.487141666916546
100,443,25.032943364624575
100,444,10.228979382731275
100,445,7.871647472174844
100,446,0.8473855725034857
100,447,14.079924242948907
100,448,2.223016515844599
100,449,7.783043838820969
100,450,1.3226050036645687
100,451,3.251730658240345
100,452,1.1980168355363534
100,453,3.061706142952659
100,454,1.9464558603033157
100,455,1.1232345974320472
100,456,5.168013005027488
100,457,4.8683048422942425
100,458,10.664685293776328
100,459,3.0472273929781863
100,460,4.902924237220183
100,461,7.103643327579731
100,462,2.540981714500988
100,463,0.7753669136261591
100,464,2.9276123711583737
100,465,1.9082684697599643
100,466,2.7971313735436443
100,467,0.7766882212234684
100,468,3.9645885346055425
100,469,5.332149463350145
100,470,4.262950603834831
100,471,2.3735549313418645
100,472,12.93902819933985
100,473,2.7591592745433426
100,474,1.4199906024532416
100,475,0.820133671582642
100,476,7.967683671814317
100,477,2.7552868059003184
100,478,2.6077206577931498
100,479,2.286787930790648
100,480,1.6972418843970027
100,481,6.997279141475471
100,482,3.379526454002178
100,483,3.2181426487631186
100,484,3.650187733074319
100,485,4.81562183028106
100,486,1.090631014028974
100,487,4.523869249786061
100,488,1.9010307655845018
100,489,4.955885351793813
100,490,2.0461186088716494
100,491,2.906510855761541
100,492,4.753895974508672
100,493,6.764484240725965
100,494,6.0701918898478855
100,495,2.4945034758334934
100,496,2.415502099332297
100,497,4.505488984895591
100,498,11.499618769494429
100,499,2.2507875051771227
