swarm_size,trial,handshake_latency_ms
10,0,1.5912021877190796
10,1,1.5995950022905527
10,2,1.5896799008148743
10,3,1.5286202317045152
10,4,1.652144208503023
10,5,1.5645460672475315
10,6,1.7303536404219622
10,7,1.7472057559338445
10,8,1.4867054212528608
10,9,1.6816402174181075
10,10,1.6327067825671593
10,11,1.6236638961776848
10,12,1.5790003214166781
10,13,1.5946203900461755
10,14,1.5427440373063175
10,15,1.6683045007932873
10,16,1.5284641478968957
10,17,1.5757395708090007
10,18,1.625772583271665
10,19,1.5942967625473143
10,20,1.6363061104504353
10,21,1.5185826781804803
10,22,1.6845241206434802
10,23,1.5394181124013788
10,24,1.4782352668727732
10,25,1.5916000447621224
10,26,1.6087000333958112
10,27,1.514292275948861
10,28,1.5764466816048825
10,29,1.5101841069550621
10,30,1.5940151107753655
10,31,1.5640656213317465
10,32,1.5963556337803464
10,33,1.6139167498985734
10,34,1.6298574196136937
10,35,1.6457239782244841
10,36,1.5787789419453557
10,37,1.5826482362903573
10,38,1.5358278265104925
10,39,1.5918065081835133
10,40,1.6231316643421756
10,41,1.5876387962752032
10,42,1.6252034569456435
10,43,1.5855267358609506
10,44,1.623286764048998
10,45,1.5930456405769706
10,46,1.6119185709634039
10,47,1.538531684557327
10,48,1.5187904486340242
10,49,1.7427826080658648
10,50,1.7388032369980093
10,51,1.6595553327099337
10,52,1.6133838898294952
10,53,1.4594089626221285
10,54,1.6576386765877418
10,55,1.5312850064443602
10,56,1.5207442668638465
10,57,1.5906449986240865
10,58,1.5791121018682228
10,59,1.4246807684818923
10,60,1.6015594321303779
10,61,1.543699423259701
10,62,1.5763115935767693
10,63,1.5958070327042995
10,64,1.5145115599529506
10,65,1.621316035495914
10,66,1.5364521426921536
10,67,1.51330229591511
10,68,1.5720858660690313
10,69,1.6024891712212102
10,70,1.5505857746237526
10,71,1.5181500110968713
10,72,1.5928763250129068
10,73,1.5131626384944217
10,74,1.6702390678486267
10,75,1.4744386807240608
10,76,1.5807588151700718
10,77,1.6280068427474346
10,78,1.6158044020895752
10,79,1.521575331412406
10,80,1.51334140681302
10,81,1.6429202619425833
10,82,1.5255292552969828
10,83,1.5593319343457919
10,84,1.6023719895372144
10,85,1.455169816801702
10,86,1.5200994909614294
10,87,1.6578069558018438
10,88,1.578807304214967
10,89,1.5411525965747146
10,90,1.6147510081438343
10,91,1.4721306655553619
10,92,1.6295261569032466
10,93,1.5963675742772834
10,94,1.7728740103963687
10,95,1.6598995982031097
10,96,1.5810143259519198
10,97,1.5716239976494573
10,98,1.5569039343980333
10,99,1.608164598415166
10,100,1.6925288877993208
10,101,1.5848498150591095
10,102,1.538316198896564
10,103,1.5678203882383288
10,104,1.6282197369020681
10,105,1.6003884740008059
10,106,1.480627624230326
10,107,1.696288943565825
10,108,1.50106869609734
10,109,1.6610562141122045
10,110,1.460757308401603
10,111,1.5721892913028337
10,112,1.5170318460834147
10,113,1.644280797966316
10,114,1.577011885348888
10,115,1.6316710338832754
10,116,1.5543403236052822
10,117,1.6670133612409022
10,118,1.5371350997210114
10,119,1.5824821906427704
10,120,1.5274591742260804
10,121,1.6250374115004902
10,122,1.6072211861531842
10,123,1.6094821086043152
10,124,1.5969487101147966
10,125,1.5953601896280678
10,126,1.5838544507723165
10,127,1.6035204221326058
10,128,1.6496744400464054
10,129,1.6669140217789356
10,130,1.4970885512828438
10,131,1.5401335929913116
10,132,1.558549072809381
10,133,1.6133018568317392
10,134,1.5273876716596064
10,135,1.588248743163598
10,136,1.5784419526707656
10,137,1.4799306689541416
10,138,1.5491986643700293
10,139,1.6351644791113749
10,140,1.5268893369578678
10,141,1.6286956996302024
10,142,1.5531917628060699
10,143,1.5342036714780805
10,144,1.555588493723517
10,145,1.5527979811736887
10,146,1.4742852583919996
10,147,1.5396453237570014
10,148,1.6201295702912182
10,149,1.6079097480178643
10,150,1.677392469473461
10,151,1.6283106786598336
10,152,1.5311651793651742
10,153,1.498539758696511
10,154,1.6202538440851073
10,155,1.5099216970333924
10,156,1.4988901292613128
10,157,1.512955935950434
10,158,1.567711208732586
10,159,1.5135054455449548
10,160,1.5665026577251655
10,161,1.4788691729239067
10,162,1.6056398004881882
10,163,1.5914377087800795
10,164,1.6326365033070889
10,165,1.658601207959253
10,166,1.6401462796628903
10,167,1.610026589516866
10,168,1.5370019798818813
10,169,1.606398999927531
10,170,1.5058048001973876
10,171,1.631659003610953
10,172,1.531070068028142
10,173,1.5944620629295914
10,174,1.5959109829970513
10,175,1.558045331605817
10,176,1.5426425435662978
10,177,1.6421688094048494
10,178,1.592873073090961
10,179,1.5761671277855311
10,180,1.5822033199978993
10,181,1.51795445902643
10,182,1.5964551888057827
10,183,1.534749616897179
10,184,1.5437817461711194
10,185,1.4814708093842177
10,186,1.616674762021563
10,187,1.6408581239607658
10,188,1.7274408773244396
10,189,1.56308179785781
10,190,1.6504888465384497
10,191,1.6142709522117058
10,192,1.6023217305747712
10,193,1.560087409169626
10,194,1.6059798250085806
10,195,1.475690932749462
10,196,1.6769438917682276
10,197,1.5407477134922538
10,198,1.5233850081117348
10,199,1.5362890358519883
10,200,1.6038274675763313
10,201,1.6053905203487584
10,202,1.6754862567458582
10,203,1.5979202380100976
10,204,1.4146658657534423
10,205,1.6425127228614325
10,206,1.657211000650937
10,207,1.599130373013301
10,208,1.54596422248125
10,209,1.5881445081928136
10,210,1.5232039524352572
10,211,1.7090489080402798
10,212,1.5447282878596518
10,213,1.6098368695900667
10,214,1.575156143106104
10,215,1.6334695965030683
10,216,1.603973614389233
10,217,1.5459221358901267
10,218,1.601471597865343
10,219,1.655538590128334
10,220,1.5907669331894068
10,221,1.617659299112209
10,222,1.65805235523515
10,223,1.515078866545394
10,224,1.5959676708102901
10,225,1.5254272883162716
10,226,1.6236150401254574
10,227,1.6096751990931581
10,228,1.6167202017765663
10,229,1.4769254014042887
10,230,1.653905593886521
10,231,1.514191330227945
10,232,1.6538127728548808
10,233,1.6606699502904314
10,234,1.7265954213160757
10,235,1.5768892584660044
10,236,1.5401192419211251
10,237,1.5965284700848144
10,238,1.6801840269708874
10,239,1.6139608559053382
10,240,1.5677234873479848
10,241,1.5194831102013535
10,242,1.5893352044655957
10,243,1.5758200976916046
10,244,1.6697983415622384
10,245,1.6512312652526018
10,246,1.470292086621569
10,247,1.4884681098607229
10,248,1.6152494706686453
10,249,1.6093010897829993
10,250,1.5897986169435268
10,251,1.5091523858737765
10,252,1.6482339907493355
10,253,1.5862072099984161
10,254,1.5365795513220368
10,255,1.6702985201112597
10,256,1.6187598326994161
10,257,1.6390527763994285
10,258,1.5749931016473913
10,259,1.4503403720589514
10,260,1.653951088346396
10,261,1.643264178210577
10,262,1.636960373973307
10,263,1.525556067880833
10,264,1.6145116236522572
10,265,1.4872376132943292
10,266,1.5109273353066923
10,267,1.5490293236451786
10,268,1.6400204799994353
10,269,1.529243401912308
10,270,1.5062801639885994
10,271,1.5329652956492228
10,272,1.5415176286703427
10,273,1.6714979167235984
10,274,1.5161457713885902
10,275,1.5295755472613055
10,276,1.6076965334749194
10,277,1.6157106039514368
10,278,1.7531223030246548
10,279,1.5152698126438349
10,280,1.6440998792928458
10,281,1.6262223826064215
10,282,1.5259628228273272
10,283,1.5672663045407293
10,284,1.5568643874191064
10,285,1.4227568345678447
10,286,1.5937114264749872
10,287,1.6488889332852654
10,288,1.5489965215451993
10,289,1.5170475543912243
10,290,1.5618006675884863
10,291,1.6688200334181207
10,292,1.6905483670506172
10,293,1.6215275816912667
10,294,1.6414577803072827
10,295,1.5660192968755535
10,296,1.5945219542577522
10,297,1.6155494459229636
10,298,1.629518417148416
10,299,1.6218706112228827
10,300,1.5478790674480893
10,301,1.6301165584337565
10,302,1.6484575152396803
10,303,1.6149133767313788
10,304,1.5911095750160618
10,305,1.611099054394367
10,306,1.6873504884486004
10,307,1.7070766263575572
10,308,1.6052195220845287
10,309,1.5599283730205982
10,310,1.551344360342919
10,311,1.617751954476052
10,312,1.6219697056437656
10,313,1.5726827957262093
10,314,1.5844914712809728
10,315,1.5482753478350235
10,316,1.5467146574792552
10,317,1.5057774908629646
10,318,1.6198299788263517
10,319,1.515412427724175
10,320,1.6663893048205107
10,321,1.5306354467235515
10,322,1.6192145831504672
10,323,1.5954909117518319
10,324,1.6261001349262232
10,325,1.611395079097901
10,326,1.5399932924543736
10,327,1.5459036049890729
10,328,1.542842399043765
10,329,1.6285574904812572
10,330,1.588265430692744
10,331,1.6146712314562768
10,332,1.5184157264818172
10,333,1.532983190893688
10,334,1.5235855990643532
10,335,1.5175681356149433
10,336,1.5696401443097934
10,337,1.6530681625648453
10,338,1.527801559408231
10,339,1.6388221881517493
10,340,1.5171419095778624
10,341,1.5567912261335373
10,342,1.5542863506005087
10,343,1.7236020123233462
10,344,1.5387573336426645
10,345,1.5631060310360043
10,346,1.5466919412926377
10,347,1.68898683591333
10,348,1.6093293587656217
10,349,1.5515747032852467
10,350,1.5074339511188954
10,351,1.592767992971242
10,352,1.607523576047121
10,353,1.583188639734936
10,354,1.5822006196992833
10,355,1.5674166999570533
10,356,1.63024536112564
10,357,1.5319251957231639
10,358,1.5723199459531365
10,359,1.4407554119156907
10,360,1.66540610792673
10,361,1.7043763212969563
10,362,1.6474854341465437
10,363,1.7210746321649923
10,364,1.6745131831033846
10,365,1.607095278250667
10,366,1.596346960222888
10,367,1.559300131748813
10,368,1.586239972532883
10,369,1.6322638051584586
10,370,1.5647771936542214
10,371,1.5890407863797857
10,372,1.7273187593406114
10,373,1.5765053019546298
10,374,1.548701542674505
10,375,1.5579506185771284
10,376,1.561699278925283
10,377,1.5504894016188184
10,378,1.5322670858565397
10,379,1.5186128958352747
10,380,1.606792029405988
10,381,1.6735880734442312
10,382,1.542193629893283
10,383,1.4165164265021395
10,384,1.5724673632776218
10,385,1.5959877832556448
10,386,1.6484093177654573
10,387,1.5574529056515896
10,388,1.53519922063745
10,389,1.5186868173014356
10,390,1.5941500477741941
10,391,1.5950907303460744
10,392,1.529479244970577
10,393,1.4916115346968173
10,394,1.5384300019795594
10,395,1.6021825686761155
10,396,1.6337777803994962
10,397,1.574605395308692
10,398,1.6111343699589595
10,399,1.549175490597746
10,400,1.5638854752228317
10,401,1.6538687676481632
10,402,1.7377225814890593
10,403,1.584637776889858
10,404,1.5379344953126874
10,405,1.7224340915538618
10,406,1.5294346915988335
10,407,1.5600849199962885
10,408,1.6827166771920166
10,409,1.6044047579891263
10,410,1.639458907354818
10,411,1.5003706162887989
10,412,1.6096222801166864
10,413,2.629048402112045
10,414,1.5122559003850806
10,415,1.57203869310253
10,416,1.5731837505595785
10,417,1.545221798529827
10,418,1.7321720716499878
10,419,1.6825284457695384
10,420,1.5693822261759895
10,421,1.5598595095417782
10,422,1.6694798728042624
10,423,1.5218436601529197
10,424,1.5938270902707372
10,425,1.5042008444592516
10,426,1.5673507337891448
10,427,1.496182062447927
10,428,1.5817768389777385
10,429,1.6098487591717678
10,430,1.6052740513785841
10,431,1.58783089430469
10,432,1.6432620773000277
10,433,1.54631589499385
10,434,1.5542836420997437
10,435,1.5454228876910372
10,436,1.465815539029907
10,437,1.5828660021807381
10,438,1.5136648358096214
10,439,1.5923837053980001
10,440,1.5807468118826198
10,441,1.5593089142690402
10,442,1.5818858763304626
10,443,1.5517446738064578
10,444,1.4993575235490149
10,445,1.5608600023459618
10,446,1.5394949959387778
10,447,1.5090620727516457
10,448,1.634748814727071
10,449,1.593067467533956
10,450,1.629923856652645
10,451,1.5728373062664915
10,452,1.5415810806885462
10,453,1.53805440901619
10,454,1.6449017637661765
10,455,1.6286836369111328
10,456,1.552873201206658
10,457,1.5798896591647444
10,458,1.5306920668288526
10,459,1.5603825385450139
10,460,1.5418674307478801
10,461,1.5601353301665706
10,462,1.5011591568589397
10,463,1.5228042477135353
10,464,1.5673331632443315
10,465,1.588891134205602
10,466,1.607834770046819
10,467,1.6215410512497164
10,468,1.4818838457151915
10,469,1.5309165738972947
10,470,1.5904323960247917
10,471,1.5312136261248392
10,472,1.556721784232338
10,473,1.5600697793686713
10,474,1.6310685585605451
10,475,1.5777416268684201
10,476,1.6140412001843882
10,477,1.4664040767473063
10,478,1.5016353572836303
10,479,1.6561510113146514
10,480,1.5266791174695113
10,481,1.5931708611217208
10,482,1.5969220617645468
10,483,1.5984258354102427
10,484,1.5348687678865158
10,485,1.6588335232166096
10,486,1.5657114286324085
10,487,1.5394091859753989
10,488,1.555989973896717
10,489,1.5908624917976504
10,490,1.5388041988375183
10,491,1.5357405472496748
10,492,1.5898123959240757
10,493,1.6382875143689535
10,494,1.6484130072197414
10,495,1.5796452621821
10,496,1.5635106478441394
10,497,1.7159964663175706
10,498,1.5611988170427709
10,499,1.5949312056487648
20,0,1.68062785700729
20,1,1.710382416751208
20,2,1.6061266621185686
20,3,1.5047168322838915
20,4,1.8497482203054196
20,5,1.485443671155926
20,6,1.4878941562009047
20,7,1.6168750854811416
20,8,1.5379959087803798
20,9,1.6129756311813375
20,10,1.5454176930271915
20,11,1.5517310778978146
20,12,1.70697999760795
20,13,1.639273756965898
20,14,1.566687837111285
20,15,1.6939792848335105
20,16,1.620985829432831
20,17,1.5438810019231826
20,18,1.6228084764619009
20,19,1.705239711324096
20,20,1.6629024744521488
20,21,1.5408577499765685
20,22,1.5721953183167685
20,23,1.5670036347459153
20,24,1.6395038299547964
20,25,1.6294621291067102
20,26,1.6466421923236483
20,27,1.5472536176343719
20,28,1.9048059011879697
20,29,1.602810099530697
20,30,1.6538626701359531
20,31,1.7408048891981194
20,32,1.5437775656520605
20,33,1.6139835750682674
20,34,1.579788428427575
20,35,1.6697686176366153
20,36,1.6970288513774485
20,37,1.6010633233540594
20,38,1.5778429892274817
20,39,1.6084683729509466
20,40,1.7104140946361586
20,41,1.6891417212380135
20,42,1.634638070337246
20,43,1.6248734964158378
20,44,1.756035847465072
20,45,1.5916252233305255
20,46,1.5911468925665977
20,47,1.7425162054706946
20,48,1.6066057075016997
20,49,1.567182402479216
20,50,1.7383702590850985
20,51,1.5707276687704748
20,52,1.620112258503089
20,53,1.5831042351681885
20,54,1.5902853463258715
20,55,1.5503623632821648
20,56,1.5741918586154366
20,57,1.6377399115770077
20,58,1.6670901133558678
20,59,1.611057987953129
20,60,1.5912997863345746
20,61,1.783266189742578
20,62,1.4900614626475335
20,63,1.4917510422118347
20,64,1.5473565327328211
20,65,1.6092938557235743
20,66,1.6736487588747866
20,67,1.5907668804870891
20,68,1.5196251536493122
20,69,1.5124417205333713
20,70,1.48781724326252
20,71,1.6782997117212795
20,72,1.6742537067700054
20,73,1.57823756574827
20,74,1.48425385645075
20,75,1.6509718913262217
20,76,1.6086440985901813
20,77,1.625021977311378
20,78,1.5809273135979989
20,79,1.6436372763125473
20,80,1.6335268476153162
20,81,1.6166350128235003
20,82,1.6663195436274614
20,83,1.5404756397496215
20,84,1.6301843615463454
20,85,1.637874771058264
20,86,1.5929650833520024
20,87,1.6120042555689928
20,88,1.6652764166510738
20,89,1.6824743734397598
20,90,1.5610749059137803
20,91,1.7080971893210193
20,92,1.7188823389834489
20,93,1.587764428025303
20,94,1.622572186204406
20,95,1.5263903066734843
20,96,1.6408316813881496
20,97,1.5116637086822489
20,98,1.6721360806390237
20,99,1.528841193984692
20,100,1.683701665579536
20,101,1.7614715317606693
20,102,1.6322886080867343
20,103,1.560362998875226
20,104,1.5571585418598883
20,105,1.6710918938979122
20,106,1.5748023390833488
20,107,1.5182562877481396
20,108,1.6802724450757462
20,109,1.5657474174677508
20,110,1.5662965476889006
20,111,1.630257970875038
20,112,1.6344878741996207
20,113,1.7628979951508077
20,114,1.5304159754051438
20,115,1.6184463320629818
20,116,1.6746686715001688
20,117,1.622277078164855
20,118,1.5703221280067814
20,119,1.7475200835268097
20,120,1.6374437777147388
20,121,1.6304211656490113
20,122,1.5624266208850253
20,123,1.6124604498674522
20,124,1.6884389585784596
20,125,1.5668763326104111
20,126,1.6712812473392384
20,127,1.5502373797436562
20,128,1.7731346060480628
20,129,1.596171336660416
20,130,1.5599943109445893
20,131,1.552770013731037
20,132,1.5703565376908968
20,133,1.654164617293186
20,134,1.622426576393604
20,135,1.496982482428871
20,136,1.5884076642912033
20,137,1.683754150833411
20,138,1.4990161606168526
20,139,1.6100932444261848
20,140,1.5794561157982514
20,141,1.4970993953400857
20,142,1.5360351832566772
20,143,1.574633463243384
20,144,1.7205481387629178
20,145,1.527952975352959
20,146,1.5365508072599285
20,147,1.6384407748524619
20,148,1.645354987258537
20,149,1.58488362213237
20,150,1.646436030188494
20,151,1.5654633870623538
20,152,1.514099417214235
20,153,1.5778325142112681
20,154,1.6185889754201155
20,155,1.6757569952671687
20,156,1.5873470454618228
20,157,1.5700235669424414
20,158,1.744201852641769
20,159,1.7176629938165742
20,160,1.5892428868316555
20,161,1.5810565521086537
20,162,1.5483022144462009
20,163,1.609739304579264
20,164,1.4820863089359468
20,165,1.5887767166054523
20,166,1.6665412814713372
20,167,1.5591963779765259
20,168,1.5516354588401322
20,169,1.6910587351425561
20,170,1.7717875334660738
20,171,1.6173953111113426
20,172,1.8169383091931286
20,173,1.6110408837935055
20,174,1.4970248097107022
20,175,1.5889248770975868
20,176,1.471063853162199
20,177,1.7224422118041651
20,178,1.6512861827379886
20,179,1.627277729106008
20,180,1.5657577298219754
20,181,1.5210552785783624
20,182,1.6291399075731268
20,183,1.5938232670809984
20,184,1.6146406794806916
20,185,1.6710920949563413
20,186,1.7538952477646848
20,187,1.6268069869166992
20,188,1.5602380035857113
20,189,1.6047877494074518
20,190,1.506078095228926
20,191,1.5883755732637517
20,192,1.626561952349474
20,193,1.616808120428449
20,194,1.7123033800789254
20,195,1.6514702653766349
20,196,1.7568842601185168
20,197,1.5973393986102993
20,198,1.6295232076588013
20,199,1.5794668860211911
20,200,1.6036153949769796
20,201,1.5568144724434236
20,202,1.464510931604668
20,203,1.6077633065770738
20,204,1.5087405525520472
20,205,1.5365626820881644
20,206,1.5486991202854747
20,207,1.7379770284664189
20,208,1.6407423102116847
20,209,1.5569690946540036
20,210,1.6387661527554933
20,211,1.5534169677316292
20,212,1.5382929696869265
20,213,1.511205614366455
20,214,1.770339338565467
20,215,1.5250962188338157
20,216,1.6199024788303253
20,217,1.5134494428247085
20,218,1.7014824535975994
20,219,1.7564629090567019
20,220,1.6491422350140335
20,221,1.6080332029983844
20,222,1.6590061846193658
20,223,1.6953718561544933
20,224,1.4488114472837872
20,225,1.582799141113367
20,226,1.5890484165300869
20,227,1.5145629899697872
20,228,1.6508222008493554
20,229,1.602431724455979
20,230,1.5704603913675688
20,231,1.5066948023662705
20,232,1.6030525338399406
20,233,1.5330790208868779
20,234,1.6312409204994445
20,235,1.587991529311282
20,236,1.7234034249954275
20,237,1.5994987187967336
20,238,1.5653097824715576
20,239,1.4645435061431222
20,240,1.6409325619309125
20,241,1.5720693709309799
20,242,1.521251270018045
20,243,1.640311780124449
20,244,1.5114100061539975
20,245,1.650292501905306
20,246,1.4506038000494719
20,247,1.6098504190446032
20,248,1.5346504714697005
20,249,1.6419818057652995
20,250,1.5322676320423478
20,251,1.5966227756238518
20,252,1.746673271869141
20,253,1.5868469868792943
20,254,1.678938588144719
20,255,1.6641798007911548
20,256,1.604796171120293
20,257,1.6955558526213932
20,258,1.7430606224604739
20,259,1.5619953113715
20,260,1.6403517267059535
20,261,1.682127743551114
20,262,1.5274016777715251
20,263,1.5488290486897165
20,264,1.5180918068002558
20,265,1.6987165864010636
20,266,1.6074103188880775
20,267,1.5795848579584317
20,268,1.6664958085162715
20,269,1.80922066482548
20,270,1.540580169601882
20,271,1.6491337627558489
20,272,1.5906626328425704
20,273,1.6715130944501482
20,274,1.5875482854105443
20,275,1.4921163184106072
20,276,1.5664327322222036
20,277,1.6325677557565983
20,278,1.5364002390857785
20,279,1.6560467487637558
20,280,1.5941061641131191
20,281,1.640070747186442
20,282,1.654780769405814
20,283,1.6279467429310026
20,284,1.6601540314763246
20,285,1.5175449183424239
20,286,1.611059022933448
20,287,1.602726645942616
20,288,1.6331085246230037
20,289,1.5716130660130057
20,290,1.620764689293308
20,291,1.7527684403185761
20,292,1.663059331484119
20,293,1.667518990463703
20,294,1.629801094209995
20,295,1.586456821614222
20,296,1.6831606991926507
20,297,1.7023830530884672
20,298,1.6033565716525846
20,299,1.6488492263156669
20,300,1.53298888440873
20,301,1.7669208753579702
20,302,1.7145569031499774
20,303,1.4796001796243068
20,304,1.5665572889453514
20,305,1.763132315346241
20,306,1.5798605512148165
20,307,1.58734662649536
20,308,1.6685132239748488
20,309,1.5928886871603423
20,310,1.4634219090395426
20,311,1.5882911173167604
20,312,1.5284130046510631
20,313,1.7613564530410402
20,314,1.5615070083903624
20,315,1.5212657250761508
20,316,1.5311702357634787
20,317,1.7282980235618115
20,318,1.5754906882076123
20,319,1.5633146900733403
20,320,1.5099583134227723
20,321,1.5930236113456329
20,322,1.625805990889638
20,323,1.683359109349403
20,324,1.574180233901497
20,325,1.5608527591884878
20,326,1.6706325963439
20,327,1.7645645737861217
20,328,1.6741815483559297
20,329,1.6844918946089722
20,330,1.6322247739330538
20,331,1.5851859666870851
20,332,1.6658272548064748
20,333,1.689276043155533
20,334,1.509903613133134
20,335,1.6073272618528236
20,336,1.568126424394875
20,337,1.6477154749747902
20,338,1.6466813642367633
20,339,1.580173238770193
20,340,1.5843283571420834
20,341,1.5498136275435945
20,342,1.4497283267956687
20,343,1.5888495083633494
20,344,1.5798537409166789
20,345,1.602230831270014
20,346,1.504711190882102
20,347,1.5455011499503817
20,348,1.5283394130771149
20,349,1.5998993062188827
20,350,1.6164031245834936
20,351,1.6618331985250576
20,352,1.5420355142802225
20,353,1.734935031937827
20,354,1.5377896892674678
20,355,1.740603065244946
20,356,1.6924808749480595
20,357,1.6052584244336958
20,358,1.6040274370318783
20,359,1.5465836276635487
20,360,1.5975183931337442
20,361,1.574805895808501
20,362,1.5567108671634755
20,363,1.6280437538067654
20,364,1.4849783449845333
20,365,1.758295181460172
20,366,1.6155454642197924
20,367,1.665567740375704
20,368,1.5873680753389063
20,369,1.7253854970418439
20,370,1.6091326276162299
20,371,1.580143057011776
20,372,1.6621279546003018
20,373,1.5803289787605068
20,374,1.615778388719749
20,375,1.5892326872222202
20,376,1.5861823770242922
20,377,1.5892111374354911
20,378,1.6557350708043994
20,379,1.562589900094239
20,380,1.6762918217715583
20,381,1.6056684793954814
20,382,1.6508617569749304
20,383,1.5984236925682478
20,384,1.667736422702249
20,385,1.7743442119831279
20,386,1.5004110118461111
20,387,1.6101993060136495
20,388,1.5935545832277997
20,389,1.6110289274114478
20,390,1.5965668683516676
20,391,1.7554256458638624
20,392,1.6296735026054991
20,393,1.6388645143822642
20,394,1.582717541509702
20,395,1.6972154128702082
20,396,1.5477712677149813
20,397,1.546559624137845
20,398,1.5458209458872318
20,399,1.5821299820774086
20,400,1.812014956987953
20,401,1.5433116198991907
20,402,1.7185911502930966
20,403,1.6944425792351194
20,404,1.739169656641242
20,405,1.5629469998146912
20,406,1.5459587150203893
20,407,1.7755461292246855
20,408,1.5412065903697978
20,409,1.646356140954937
20,410,1.545915177248572
20,411,1.5915418629724456
20,412,1.6251178492645348
20,413,1.7902807701660837
20,414,1.6676192324342236
20,415,1.8528445435005136
20,416,1.5833822140603178
20,417,1.4958942625605267
20,418,1.6726320034941078
20,419,1.5281752622244145
20,420,1.5777556129348076
20,421,1.7126415183585284
20,422,1.7454882239448177
20,423,1.5848374879066676
20,424,1.6775405997233535
20,425,1.7189984622439263
20,426,1.4828334153153029
20,427,1.6553184167740802
20,428,1.6090239669584903
20,429,1.6828665149860305
20,430,1.676868520467268
20,431,1.6944219482266556
20,432,1.641310748399134
20,433,1.5899812380053215
20,434,1.6167268154727075
20,435,1.6001590791470917
20,436,1.5912945804217709
20,437,1.6503303154478242
20,438,1.6133939341186616
20,439,1.5324583767936562
20,440,1.5596615382602819
20,441,1.5458027244607115
20,442,1.5495867634870002
20,443,1.5278327148939381
20,444,1.7131943987202434
20,445,1.6759027467890986
20,446,1.4942833641584148
20,447,1.5833862495134436
20,448,1.6738214138698386
20,449,1.598712286463669
20,450,1.5876958348057049
20,451,1.5963209169309547
20,452,1.5401305622779455
20,453,1.777025448252469
20,454,1.5494932272333357
20,455,1.6866185837649843
20,456,1.5504323831145976
20,457,1.4509796559775574
20,458,1.5319959701147645
20,459,1.7197082359902842
20,460,1.6527105749132096
20,461,1.6910774170228042
20,462,1.5592971903869357
20,463,1.7340347687734496
20,464,1.8220561675656533
20,465,1.650491239222924
20,466,1.623427545010126
20,467,1.629927651685944
20,468,1.5211130384633793
20,469,1.929389283957631
20,470,1.7060073122831845
20,471,1.6398271097993866
20,472,1.6606413912118436
20,473,1.6173582252869478
20,474,1.6375957535171757
20,475,1.5862989663665215
20,476,1.7360958532947193
20,477,1.560100376971101
20,478,1.6002382272969755
20,479,1.5065135628490873
20,480,1.5480741962048126
20,481,1.6075762141391032
20,482,1.7431061220283586
20,483,1.6379759909087048
20,484,1.6153205661545167
20,485,1.561256230157622
20,486,1.6343727484685842
20,487,1.6457642694858183
20,488,1.7640002265762766
20,489,1.743304754907415
20,490,1.5925925523387898
20,491,1.6300424319660778
20,492,1.6851145050806318
20,493,1.6886855908948148
20,494,1.5427826380591858
20,495,1.657908577786238
20,496,1.6647634199744525
20,497,1.5074595010168192
20,498,1.6764790667123648
20,499,1.5593042439050406
30,0,1.6600129995850514
30,1,1.5867940820534567
30,2,1.5395774054056703
30,3,1.8875392828630913
30,4,1.5344592182965668
30,5,1.8348415528010404
30,6,1.5803072773600055
30,7,1.6791624183035034
30,8,1.6384758474209398
30,9,1.5452185318238896
30,10,1.5146762752674134
30,11,1.762889243974136
30,12,1.889916911935733
30,13,1.5864117348582294
30,14,1.6534907152829899
30,15,1.5800423088052094
30,16,1.537108356758635
30,17,1.5941400991793748
30,18,1.604458536225395
30,19,1.5932472272601121
30,20,1.6390888921172087
30,21,1.6169500789690265
30,22,1.8881549091999315
30,23,1.6418090085571997
30,24,1.6508353096868915
30,25,1.5886323783999179
30,26,1.649588428606562
30,27,1.9035767394970284
30,28,1.6614431381218764
30,29,2.8304909916897385
30,30,1.5511493321114553
30,31,1.6607525689737894
30,32,1.6084959199736042
30,33,1.562592047034735
30,34,1.5680965872934165
30,35,1.6936265539837998
30,36,1.8310872338737954
30,37,1.695786154598972
30,38,1.649942874784611
30,39,1.6258822396428505
30,40,1.5965376005247922
30,41,1.609979768688367
30,42,1.7904389708409238
30,43,1.6064880318194046
30,44,1.658534903504868
30,45,1.6457783025545374
30,46,1.615147215964973
30,47,1.660141019530036
30,48,1.5413058964609125
30,49,1.7443751856661556
30,50,1.6093263954777564
30,51,2.021250985504397
30,52,1.6501184242506317
30,53,1.6904150061259902
30,54,1.5725600733246288
30,55,1.6695360289838614
30,56,1.7932702610091977
30,57,1.7001451337031717
30,58,1.5996623511741732
30,59,1.8074448779867796
30,60,1.7743709951802003
30,61,1.6286722724892007
30,62,1.681174894076365
30,63,1.5833904733531925
30,64,1.8217102977941706
30,65,1.699957059889697
30,66,1.4826843643963756
30,67,1.9877801953991228
30,68,1.920847164282022
30,69,1.831206652316238
30,70,1.7277117423488177
30,71,1.5707136084345368
30,72,1.6802408702409646
30,73,1.5900043200524279
30,74,1.6166271466458113
30,75,1.68434831789234
30,76,1.5784328208751055
30,77,1.6785236449424297
30,78,1.68919194406597
30,79,1.5243716584781655
30,80,1.6287629404567343
30,81,1.6963435948708674
30,82,1.6652049295402922
30,83,1.7430569765723947
30,84,1.5442233979838729
30,85,1.7243646588809385
30,86,1.7120029552425278
30,87,1.6871167791123012
30,88,1.5894659210589461
30,89,1.5841099865288206
30,90,1.8331194578586543
30,91,1.5890485484077275
30,92,1.5399561396486188
30,93,1.5638305498940617
30,94,1.559987490730893
30,95,1.6316083063880014
30,96,1.709670628212208
30,97,1.8908661749497544
30,98,1.590785155387523
30,99,1.6554667652629917
30,100,1.7950832297351722
30,101,1.6809073332393172
30,102,1.5295677196181605
30,103,1.6154402624197148
30,104,1.576218713708454
30,105,1.7132753881679001
30,106,1.5772025109977967
30,107,1.5863899981687342
30,108,1.6694491789534123
30,109,1.6126077885393681
30,110,1.5710475778121848
30,111,1.50322468626787
30,112,1.637692968239836
30,113,1.626875622633982
30,114,1.5302216115787386
30,115,1.6377569141334087
30,116,1.7038569273337127
30,117,1.7072619629007302
30,118,1.5211129429126253
30,119,1.549881728651968
30,120,1.591168091915139
30,121,1.564888265398209
30,122,1.572620070098441
30,123,1.6834396066653567
30,124,1.559816628931603
30,125,1.6480126091160918
30,126,1.6336919451824328
30,127,1.7991170075439056
30,128,1.6221313924432141
30,129,1.5706113324699018
30,130,2.0185249341577247
30,131,1.8615997058603087
30,132,1.6637842204626037
30,133,1.6301843794464979
30,134,1.508060524545641
30,135,1.5296599236056954
30,136,1.6064350012430872
30,137,1.672705509989624
30,138,1.7310462553749735
30,139,1.7712821698722385
30,140,1.4392300865207694
30,141,1.6469268120359104
30,142,1.508512914182289
30,143,1.7336951043210638
30,144,1.6055943021113344
30,145,2.2127913546421984
30,146,1.5753251563468096
30,147,1.8380384513032255
30,148,2.6857052122812766
30,149,1.4633263755109855
30,150,1.7607599578453597
30,151,1.5828580590392796
30,152,1.8531869464798363
30,153,1.608680431377451
30,154,1.5977942227083746
30,155,1.7520475258234294
30,156,1.7215741831662401
30,157,1.6284227681972057
30,158,1.6348523012565432
30,159,1.5856233115214902
30,160,1.5586736069594944
30,161,1.6137056807103547
30,162,1.7094996867001546
30,163,1.6041932946661372
30,164,1.6524693195428526
30,165,1.7324362998412308
30,166,1.5862422560750016
30,167,1.6995495699668375
30,168,1.661229726640975
30,169,1.5681751765410428
30,170,1.7939421522759977
30,171,1.5165698265358
30,172,1.7371392702367665
30,173,1.6190006052519985
30,174,1.7590239818515592
30,175,1.853477489941567
30,176,1.6367778405746798
30,177,1.992172083576355
30,178,1.5533795322835269
30,179,1.5808865585861402
30,180,1.6445297044103728
30,181,1.7213671007499864
30,182,1.7161396273412928
30,183,1.688640696987319
30,184,1.5951567332724619
30,185,1.5748390950932472
30,186,1.9466764074946352
30,187,1.5422550113840978
30,188,1.5550193370376688
30,189,1.615514123940115
30,190,2.0345163099372114
30,191,1.6855033454185153
30,192,1.5566711260423003
30,193,1.6191668916890098
30,194,1.8866546057460905
30,195,1.682935904633939
30,196,1.523122736910587
30,197,1.778108234716476
30,198,1.6881142441043975
30,199,1.649831258358215
30,200,1.5664320284383282
30,201,1.5727700347952636
30,202,1.692832164387295
30,203,1.6103436418701154
30,204,1.825338120828454
30,205,1.5938918633232102
30,206,1.718077978212209
30,207,1.704062463867082
30,208,1.748040830503113
30,209,1.5542528251931218
30,210,1.5085883340679103
30,211,1.643738003062143
30,212,1.6779457121942878
30,213,1.6006928022269566
30,214,1.7438549182722176
30,215,1.585897114336015
30,216,1.6328017625638849
30,217,1.520133998890978
30,218,1.5832363548386146
30,219,1.5566329869039877
30,220,1.7738377939042826
30,221,1.573374877200529
30,222,1.572409532895572
30,223,1.8486869247257636
30,224,1.6867979578763515
30,225,1.6414760902079102
30,226,1.724955043882732
30,227,1.6812547465209655
30,228,1.5869720426739555
30,229,1.5780384264399185
30,230,1.6113028291007412
30,231,1.5277046579866747
30,232,1.6678789400751202
30,233,1.6502631933374823
30,234,1.6210137211902502
30,235,1.9529888544315663
30,236,1.6784737066940545
30,237,1.5457361550991657
30,238,1.596993712482164
30,239,1.7481395025866036
30,240,1.620458018426375
30,241,1.589923124562587
30,242,1.9842209147386465
30,243,1.6392070104451737
30,244,1.5840171472237532
30,245,1.7441100202299706
30,246,1.57354351270482
30,247,1.6468497779458489
30,248,1.759360696930943
30,249,1.6979833275007568
30,250,1.963945365563661
30,251,1.6058035777750006
30,252,1.7072667449881282
30,253,1.640923109059785
30,254,1.6951381250862856
30,255,1.553247468120429
30,256,1.8141725458693714
30,257,1.6848680350496865
30,258,1.569365872073724
30,259,1.6881197363983702
30,260,1.6497121368270433
30,261,1.5025765206343653
30,262,1.6153641519554678
30,263,1.4810767497261508
30,264,1.5914262839480693
30,265,1.5249342812949178
30,266,1.6614802774586854
30,267,1.6260489685386523
30,268,1.6809457042447553
30,269,1.5987424173194131
30,270,1.6505607462637122
30,271,1.6319316915047368
30,272,1.612946689974686
30,273,1.6138583633203636
30,274,1.6203809710160946
30,275,1.6054232228826972
30,276,1.711581311325919
30,277,1.623644664242267
30,278,1.545198897221804
30,279,1.748205259746963
30,280,1.5493997830553357
30,281,1.5994316413362868
30,282,1.5959794531043114
30,283,1.6165694063489124
30,284,1.671055804398959
30,285,1.742346935880198
30,286,1.6015914472437416
30,287,1.6056686754188227
30,288,1.713425742614503
30,289,1.7086871019002257
30,290,1.6197558282233215
30,291,1.571167702852265
30,292,1.7834981842054805
30,293,1.7358739634568512
30,294,1.6311066859132148
30,295,1.622700590337675
30,296,1.523845608943836
30,297,1.5618484463280315
30,298,1.6130293465795105
30,299,1.727781576031085
30,300,1.6849337169958973
30,301,1.6582933436145846
30,302,1.5846879617864518
30,303,1.5672433741831677
30,304,1.764450615403288
30,305,1.6760545684561199
30,306,1.5753872208913176
30,307,1.5363848315827788
30,308,1.610198101901855
30,309,1.688661128912925
30,310,1.572266966275597
30,311,1.7750982405168976
30,312,1.6122002436763463
30,313,1.554598679809373
30,314,1.6741012020475328
30,315,1.6567592288318287
30,316,2.5745260492275457
30,317,1.5864867941303482
30,318,1.583657396277185
30,319,1.6249479098800859
30,320,1.6149031131276528
30,321,1.6237018001167842
30,322,1.789556036374992
30,323,1.6656817748632187
30,324,1.5582166640709545
30,325,1.5584608140639962
30,326,1.7543105148044313
30,327,1.610869010560344
30,328,1.7161614268460712
30,329,1.6962528228467475
30,330,1.5720636929036331
30,331,1.8832327182394202
30,332,1.6064971406043216
30,333,1.7961364938628481
30,334,1.8109319467099139
30,335,1.600949416778278
30,336,1.72083316056386
30,337,1.8850791250176449
30,338,1.8209155082956354
30,339,1.557594047876586
30,340,1.6850845769215983
30,341,1.4877252466709514
30,342,1.6912617575705189
30,343,1.6385372313266713
30,344,1.622221637814745
30,345,1.6028574656481764
30,346,1.7380138314391407
30,347,1.6562641391710635
30,348,1.6333230222960098
30,349,1.5545777065721063
30,350,1.7982373240329776
30,351,1.7729589356725775
30,352,1.8259115541292419
30,353,1.723952060268783
30,354,1.7840673959454856
30,355,1.6290750034545438
30,356,1.590668652563784
30,357,1.7530892324385212
30,358,1.4754168681895268
30,359,1.6536786740496516
30,360,1.5555884365219173
30,361,1.8056631409751638
30,362,1.8202559222164931
30,363,1.5107554150026445
30,364,1.6331020045795377
30,365,1.699822984125945
30,366,1.684134036378888
30,367,1.5709765387310322
30,368,1.721077730796791
30,369,1.9913464349937613
30,370,1.6470695665106818
30,371,1.6083971379375805
30,372,1.6070815240801397
30,373,1.5470109475999667
30,374,1.6632703611708626
30,375,1.7060798652540352
30,376,1.5749322554457434
30,377,1.5515325531693633
30,378,1.6687075791648553
30,379,1.6203116711319312
30,380,1.6155899544998198
30,381,1.662625111385916
30,382,1.6761684443267528
30,383,1.5532363382201702
30,384,2.1129663058561867
30,385,1.6640384506205277
30,386,1.6693982839782047
30,387,1.697274427081505
30,388,1.6605341041181427
30,389,1.6842342054505626
30,390,1.639214564192528
30,391,1.6098493291209597
30,392,1.5462064313573805
30,393,1.6494839844934819
30,394,1.5115953814929717
30,395,1.6540031681394747
30,396,1.6273706854037255
30,397,1.5798535497843322
30,398,1.8984152204536455
30,399,1.609433936139967
30,400,1.5596305532918304
30,401,1.625517747866903
30,402,1.719307283213208
30,403,1.6074189500536613
30,404,1.639750836984298
30,405,1.6296191439592644
30,406,1.789295169868598
30,407,1.564455333155414
30,408,1.5758912027462861
30,409,1.5735854184000169
30,410,1.553700667848177
30,411,1.8556795663320427
30,412,1.7147257069005255
30,413,1.8336829706925364
30,414,1.602379448578002
30,415,1.5788514841432797
30,416,1.6265608412998107
30,417,1.6558370151702653
30,418,1.675370362232576
30,419,1.584234962842524
30,420,1.5610859886861856
30,421,1.6081028499868908
30,422,1.5705295640984187
30,423,1.8279554742576003
30,424,1.7283538205993436
30,425,1.6128651576575999
30,426,1.6500685958841403
30,427,1.6463323304062265
30,428,1.7534076938530303
30,429,1.7685027242632083
30,430,1.6419668089600592
30,431,1.6117605060525027
30,432,1.649870955270809
30,433,1.5374567447394256
30,434,1.6462696192282547
30,435,1.6996167690604032
30,436,1.5936600478156684
30,437,1.688310516000841
30,438,1.7360809944076858
30,439,1.5851589676629474
30,440,1.6505832191872973
30,441,1.4639360212651746
30,442,1.6716166460030182
30,443,1.5900699444392743
30,444,1.5727340228678952
30,445,1.5860666286265128
30,446,1.6797608343935664
30,447,2.0153805123963946
30,448,1.7505296961563164
30,449,1.5457876436323132
30,450,1.6128743597557114
30,451,1.866744171282182
30,452,1.5320452299821903
30,453,1.775774589799626
30,454,1.67896778703373
30,455,1.5375536237596146
30,456,1.744557705308931
30,457,1.798495067902523
30,458,1.6095564165758527
30,459,1.8329131482150633
30,460,1.6913821438238124
30,461,1.5637504052657794
30,462,1.5142422227519972
30,463,1.62010735662003
30,464,1.617508798273855
30,465,1.7237193502077715
30,466,1.7189160357206412
30,467,1.5955044743794693
30,468,1.6149395534039375
30,469,1.8339030276058061
30,470,1.6218036016132291
30,471,1.476389182719513
30,472,1.6726846981933616
30,473,1.9751042837300317
30,474,1.593277390386898
30,475,1.7369349638375102
30,476,1.5467557087663188
30,477,1.5193610391847203
30,478,1.7108672894638037
30,479,1.5397707417132098
30,480,1.6249452160009887
30,481,1.5814363939553278
30,482,1.9856063037800158
30,483,1.6687081531296657
30,484,1.6113768495863316
30,485,1.5535477232435642
30,486,1.6102574368019804
30,487,1.7276446095128284
30,488,1.6506253663771986
30,489,1.5949816664234922
30,490,1.5977235589574015
30,491,1.6499090679468231
30,492,1.6929213672798868
30,493,1.56181151939626
30,494,1.5357511158249537
30,495,1.681917171735875
30,496,1.800072815302713
30,497,1.627317104228541
30,498,1.875531642081608
30,499,1.5936013792942831
40,0,1.8100410987854563
40,1,2.1600105428424556
40,2,1.640230571590655
40,3,1.8052179564398858
40,4,1.862035300589404
40,5,1.5172789369521227
40,6,2.19360524586051
40,7,1.5993749861862787
40,8,1.6002559481858016
40,9,1.6110793904863068
40,10,1.6526810825848528
40,11,1.7537660370049908
40,12,1.5501103064919293
40,13,1.6397170568432295
40,14,1.6074975623128422
40,15,1.6489346701796466
40,16,1.690188588434418
40,17,1.6065359050122623
40,18,1.5455659490252303
40,19,1.6565474977172885
40,20,1.5589952308231705
40,21,1.8186259220447039
40,22,1.5520905973051742
40,23,1.8428432800513346
40,24,1.5779704018514102
40,25,1.8665740899204706
40,26,1.6311341109029645
40,27,1.952714778735056
40,28,1.6371828363677932
40,29,1.7846958149833363
40,30,1.8108724770170033
40,31,1.9999793635783314
40,32,1.780321465703281
40,33,1.6794430781907195
40,34,1.5793664029315033
40,35,1.5801134742609129
40,36,1.7089031707969324
40,37,1.9463417623398889
40,38,1.6590800430450772
40,39,1.6360649797845588
40,40,1.601000787237211
40,41,1.5940324973092908
40,42,1.7236323268808489
40,43,1.5514204281524766
40,44,1.5476331569929618
40,45,1.7102565692579967
40,46,1.5646344456591323
40,47,2.0004413409134782
40,48,1.615131733362547
40,49,1.6530533804950023
40,50,1.5462489111445112
40,51,2.007000972125589
40,52,1.5504000299909504
40,53,1.7902580219830833
40,54,2.368342588516358
40,55,1.6146579384879947
40,56,1.6707071615709586
40,57,1.671225131382718
40,58,1.6175129788746652
40,59,1.8375319442345517
40,60,1.6629258434922007
40,61,1.7874924427506107
40,62,1.6888280440550687
40,63,1.7036654908457065
40,64,1.9047489610664476
40,65,1.8211311200102336
40,66,2.021346877162749
40,67,1.6309482841190142
40,68,1.6290870447344679
40,69,1.8225278190470948
40,70,1.9687158540210685
40,71,1.5854342179038805
40,72,1.694328157958988
40,73,1.5229371768438873
40,74,1.449903644888045
40,75,1.7296585789251597
40,76,1.812840889669672
40,77,1.6231925691084534
40,78,1.6888322679507606
40,79,1.8295111050826804
40,80,1.9811691842134695
40,81,1.6469426212222835
40,82,1.9784020588675615
40,83,1.701406493033963
40,84,1.5533714519268722
40,85,1.6378261118373862
40,86,1.717816682859512
40,87,1.6489324661452192
40,88,1.563144775718044
40,89,1.6548842267317747
40,90,1.6361597995952222
40,91,2.0260628177438225
40,92,1.5811017024850387
40,93,1.7878861094112617
40,94,1.7496055391484304
40,95,1.6895220202188412
40,96,2.0346393914100616
40,97,1.763198470858776
40,98,1.790086578751423
40,99,1.5610125227162197
40,100,1.5709901983682424
40,101,1.5549782323685
40,102,1.6652213957367408
40,103,1.6753257537638573
40,104,1.75286783686829
40,105,1.7585885282285127
40,106,1.560189317154593
40,107,1.8448026348860431
40,108,1.8600856683981823
40,109,1.6108454464596904
40,110,1.6491830945848809
40,111,1.605821728520634
40,112,1.606777768000406
40,113,2.068540927008649
40,114,1.6444145602093312
40,115,1.9926715947536204
40,116,1.7696934625397875
40,117,1.5713084932077814
40,118,1.747236261296596
40,119,1.52588930730291
40,120,1.7751376250088133
40,121,1.8091758788116197
40,122,1.613407438165406
40,123,2.220127766771069
40,124,1.8380209382712527
40,125,1.5561096905405127
40,126,2.0223960414212323
40,127,1.6413297589021947
40,128,1.6287534161925044
40,129,2.072534854788071
40,130,1.6230467136901745
40,131,1.7780257090684821
40,132,1.544001238678529
40,133,1.5828788128140738
40,134,1.710440905414449
40,135,1.5733542457328624
40,136,1.5589113421660235
40,137,1.6513165780489407
40,138,1.5172490205126072
40,139,1.8926298467494809
40,140,1.9294040257097136
40,141,1.8829646727685276
40,142,1.8797597626002385
40,143,1.673603907445707
40,144,1.5581670004691197
40,145,1.5581995043648282
40,146,1.5699836691577223
40,147,1.733941621881756
40,148,1.6687703132104266
40,149,1.9154874107671735
40,150,1.5338304031669943
40,151,1.5073771554549817
40,152,1.8208605658009935
40,153,1.8187493973989068
40,154,2.377354791575207
40,155,1.6109650707465213
40,156,1.6371720743197289
40,157,1.6296025651287527
40,158,1.6303178118330037
40,159,1.681386167677177
40,160,1.8787858171862908
40,161,1.5454626944310184
40,162,1.6849286478898216
40,163,1.707647308716481
40,164,1.634876100187151
40,165,1.7445996015634067
40,166,1.913294657240549
40,167,1.5834379369862808
40,168,1.7005551777634969
40,169,1.6241591662137744
40,170,1.7361000281486447
40,171,1.5281838403028944
40,172,1.6739916434324718
40,173,1.6481288796287472
40,174,1.6149718237247777
40,175,1.6403882974991681
40,176,1.6209617506544307
40,177,1.5341659837974626
40,178,1.9135126225905346
40,179,1.611194177526705
40,180,1.6424606378023998
40,181,1.5340442977444873
40,182,1.60633404667177
40,183,1.5478728012552092
40,184,1.791065753842521
40,185,1.6413751176589098
40,186,1.6013109489919604
40,187,1.6576038266053033
40,188,1.5419240742006068
40,189,1.6974814056405203
40,190,1.628741075691626
40,191,1.6893928942793868
40,192,2.10131595888509
40,193,1.56534079967038
40,194,1.8618250236857479
40,195,1.9923277163663637
40,196,1.9327773630737888
40,197,1.735801964027364
40,198,1.6515823374330736
40,199,2.409916500566062
40,200,1.5061172797091462
40,201,1.66153119582306
40,202,1.6920164417625636
40,203,2.925804048106985
40,204,1.710194176803407
40,205,1.5890684683176646
40,206,1.6514723714399966
40,207,1.7491342977118323
40,208,1.8627185943055546
40,209,1.7720343293129248
40,210,2.1362550094300525
40,211,1.589968126151865
40,212,1.713125434569943
40,213,1.5838172599465818
40,214,1.7707142990230145
40,215,1.6737156556657142
40,216,1.6672355516693242
40,217,1.6607737982322586
40,218,1.7519177479833008
40,219,1.7922283845851266
40,220,1.5514066107494078
40,221,1.6331341145996139
40,222,1.7594566774640437
40,223,1.6912139365842025
40,224,1.691654102745108
40,225,1.5845836835493319
40,226,1.6280289159860295
40,227,2.0888507837577577
40,228,1.5916758162876148
40,229,1.6424800889039983
40,230,1.4925709308595405
40,231,1.4992606748148607
40,232,1.7518607541374422
40,233,1.5565769107295484
40,234,1.6663071896400135
40,235,1.599552187531303
40,236,1.5328806335575287
40,237,1.5762909271008783
40,238,1.899905788852921
40,239,1.5897223434189347
40,240,1.6668744093639638
40,241,1.8245238086063815
40,242,1.80141779430569
40,243,1.7454714721369182
40,244,1.6838039915792378
40,245,1.6616392941800475
40,246,1.5459625939908652
40,247,1.8570793732701285
40,248,1.701417464205631
40,249,1.568240759159859
40,250,1.673691114888195
40,251,1.73554899099175
40,252,1.7615700112145605
40,253,1.9213487505736906
40,254,1.9283917097014036
40,255,1.6483252642845028
40,256,1.8506353505918027
40,257,1.6499042769049659
40,258,1.5409489253961803
40,259,2.1688548202320845
40,260,1.5963305393440914
40,261,1.6148489753631559
40,262,1.6437160151681887
40,263,1.9652604641676195
40,264,1.59733074452829
40,265,1.8998987552985183
40,266,1.7210091250471569
40,267,1.9406259800177126
40,268,1.88646219496409
40,269,1.715059335068715
40,270,1.8688326873327994
40,271,1.8176297657954104
40,272,1.6994636834819952
40,273,1.6295713577231932
40,274,1.7177596751436388
40,275,1.8560239912531076
40,276,1.8964745136224248
40,277,2.0905347284874582
40,278,1.6162062211009838
40,279,1.6080129451799576
40,280,1.793657239811848
40,281,1.6168320514165786
40,282,2.4001541976352385
40,283,1.8712060356731883
40,284,1.7459701267159937
40,285,1.8559265220453638
40,286,1.560679075255241
40,287,1.6265188084670472
40,288,1.8101948340213012
40,289,1.5693788844117484
40,290,1.6406313414649027
40,291,1.7807790046711798
40,292,1.664082374071067
40,293,1.7236907925531753
40,294,1.5308326958027405
40,295,1.6779459378041863
40,296,1.7922072816141474
40,297,1.5833124711394793
40,298,1.5089696554300944
40,299,1.9422443047350397
40,300,1.5538742801490313
40,301,2.2144358357155336
40,302,1.606280842749389
40,303,1.6467769989514778
40,304,1.5524818469689596
40,305,1.8275977098726526
40,306,1.6501980383606307
40,307,1.7016908886621382
40,308,1.9257639923969507
40,309,1.773447910848225
40,310,1.9748328761026934
40,311,2.102793747750943
40,312,1.6537721000143277
40,313,1.5899699069472732
40,314,1.6207608170555454
40,315,1.7659509658221104
40,316,1.5062291400129808
40,317,1.6766283442912444
40,318,1.841797104618327
40,319,1.6708987185015913
40,320,1.7586863019903967
40,321,1.8041819455918113
40,322,1.569286122731572
40,323,1.7210365266623107
40,324,1.5703813373424267
40,325,1.6278088703200428
40,326,2.184250719798207
40,327,1.8671777230714302
40,328,1.9572395488531567
40,329,2.404290225599786
40,330,1.666382843356569
40,331,1.8100511100371528
40,332,1.7282736031553765
40,333,1.7165460130778452
40,334,1.6589676876035064
40,335,1.5929735034682782
40,336,1.6330020866026234
40,337,1.7898561782586513
40,338,1.5453833164416237
40,339,1.7453671520446055
40,340,1.563072498575448
40,341,1.875072059621556
40,342,1.6840088346350108
40,343,1.765208326945852
40,344,1.608676094993393
40,345,1.554851025042739
40,346,1.80093453508829
40,347,1.6825862898180866
40,348,1.5918084725023256
40,349,1.521613784068687
40,350,1.61969968845881
40,351,1.5886071632276324
40,352,1.6650928155980838
40,353,1.638304532352713
40,354,2.004676977425852
40,355,1.7886445693411877
40,356,1.9258761962161564
40,357,1.7185016214808628
40,358,1.7431266465853859
40,359,1.6303364214450187
40,360,1.6264852409109234
40,361,1.6404196235152204
40,362,1.8741012226363951
40,363,1.597629387677965
40,364,1.5984133634425468
40,365,1.4921038736843437
40,366,1.8209407255131778
40,367,1.6512854172491287
40,368,1.598114350687713
40,369,1.6360497248450714
40,370,1.6073761908625592
40,371,1.6073813116112303
40,372,1.7964077283415332
40,373,1.943238237817727
40,374,1.572195076520981
40,375,1.6093606465825598
40,376,1.8021175492240322
40,377,1.5030525907021428
40,378,1.7959545540317714
40,379,1.8363635108760663
40,380,1.4718035651049493
40,381,1.6762436913880094
40,382,1.7374071962287534
40,383,1.534443244474998
40,384,2.011172373347496
40,385,1.8672293902687784
40,386,1.4956943090397248
40,387,1.9931051249286784
40,388,1.8943214938597102
40,389,1.7011495014280351
40,390,1.6706893335207758
40,391,1.9877319590983844
40,392,1.5624049475431423
40,393,1.753778064498682
40,394,2.0649084063121714
40,395,1.5764781737494182
40,396,1.6228397978829086
40,397,1.6422822347680919
40,398,1.6348204055153712
40,399,1.9656533045578986
40,400,1.6015312146864271
40,401,1.7305012664435522
40,402,1.9772400129515986
40,403,1.4976452214893192
40,404,2.1188506922417614
40,405,1.5959450952402177
40,406,1.744853709954632
40,407,1.7539882870390116
40,408,1.7847902350020128
40,409,1.9629625841348537
40,410,1.7225711245162594
40,411,1.645608885425031
40,412,1.8345875477365008
40,413,1.6837230654455373
40,414,1.6364521824044633
40,415,1.7246397437920935
40,416,1.641384057262876
40,417,1.6699849691169308
40,418,1.546652128319199
40,419,1.8086350316973263
40,420,2.171019132329262
40,421,1.691906326820166
40,422,1.5730447350105612
40,423,1.5873412038978705
40,424,1.8682597540670451
40,425,1.557035243313546
40,426,1.788863925166399
40,427,1.7073069787521238
40,428,1.8673655091910082
40,429,1.8784509373733298
40,430,1.5336704733260282
40,431,1.622929004359445
40,432,1.891083329414621
40,433,1.5863155781037341
40,434,1.5238706414367995
40,435,1.6057438752643194
40,436,1.9555388499158546
40,437,1.7275160282298698
40,438,1.7714207941148161
40,439,1.5769163918158966
40,440,1.5525789348701404
40,441,1.7731018727670689
40,442,1.8134975738587118
40,443,1.64790047052936
40,444,1.6630568039927567
40,445,1.5954865103553966
40,446,1.5827567694153521
40,447,1.6207811779194696
40,448,1.5396390221472047
40,449,1.5051815653049307
40,450,1.631682608459115
40,451,1.7458558411989598
40,452,1.5738250711849646
40,453,1.6078709720738709
40,454,1.5469021914493741
40,455,1.9167988437484023
40,456,1.6138385886822317
40,457,1.7240461081661802
40,458,1.6399178873812732
40,459,1.6870244326479518
40,460,1.618421792798854
40,461,1.6544048016832194
40,462,1.6776621988897684
40,463,1.7263105718397656
40,464,1.7742255356997607
40,465,1.8672481807871026
40,466,1.7190234836244147
40,467,1.7159309588475395
40,468,1.6284995792628016
40,469,1.7424987122043754
40,470,1.66101189138654
40,471,1.5553478115551107
40,472,1.6556323792468497
40,473,1.6080892152482122
40,474,1.7515472033770794
40,475,1.5639856325623218
40,476,1.704387609107848
40,477,1.5464626010597262
40,478,1.9028031256631817
40,479,1.5738126171301159
40,480,1.5836222497310506
40,481,1.8918147399746015
40,482,1.5391635199415643
40,483,1.8794935840359295
40,484,1.6053017146334565
40,485,1.5410610551292812
40,486,1.671424825137375
40,487,1.57617393061066
40,488,1.6018215514468201
40,489,1.7093700994998828
40,490,1.6455480363930834
40,491,1.5864545018478116
40,492,1.7512817040931676
40,493,1.536575652003599
40,494,2.655158651700845
40,495,1.6043631741805324
40,496,1.668086270567095
40,497,1.87990103197832
40,498,1.583134356492151
40,499,1.7104987020459625
50,0,1.809152595577817
50,1,1.6939655700602183
50,2,1.6652874003437022
50,3,1.739924230171877
50,4,1.7161253777092815
50,5,1.5113418348870016
50,6,1.531581689737685
50,7,1.552538038964659
50,8,2.8855751072131217
50,9,1.7836081632843521
50,10,1.4872594759353777
50,11,1.6122990800076795
50,12,1.9046563778194057
50,13,1.5658490738919149
50,14,1.7675736642350452
50,15,1.5579492650701872
50,16,1.7314877229731578
50,17,1.5971639296553168
50,18,2.5233696561266568
50,19,1.619928127870135
50,20,1.6288840441099295
50,21,1.8308416042870854
50,22,1.8212418199939022
50,23,1.651127381699613
50,24,1.7132658660927114
50,25,2.0465387118244553
50,26,1.5752460484345865
50,27,1.7438285152291568
50,28,2.2036888566012616
50,29,2.304900399985513
50,30,2.269655843987874
50,31,1.7241370110477228
50,32,1.6827581755022236
50,33,2.030028426177194
50,34,1.7480608219003373
50,35,2.1890138437431976
50,36,1.8915125710151695
50,37,1.6402653789287855
50,38,2.2821469221535713
50,39,1.9581546643819956
50,40,1.6562311841760087
50,41,1.641476332973472
50,42,2.2311749726787498
50,43,1.650892964399708
50,44,1.5694488733949772
50,45,1.7929225468244607
50,46,1.7810220414063747
50,47,1.7724780429054483
50,48,1.5453418595074444
50,49,1.605710486471138
50,50,1.7505215008987192
50,51,1.5861658615230114
50,52,1.5489589884883197
50,53,2.3354490062774143
50,54,2.04540136471257
50,55,1.6114204129080756
50,56,1.7108358767184213
50,57,1.6070641291886114
50,58,1.5293886870764823
50,59,1.7162259667830855
50,60,2.1457455910320413
50,61,1.6680683933751925
50,62,2.1171393106199634
50,63,1.9098924607847056
50,64,1.640632059744697
50,65,1.6965815163276954
50,66,1.7672555102001462
50,67,2.078930194338742
50,68,1.5592306245504168
50,69,1.653167137903843
50,70,1.8055618428620073
50,71,1.7015828531548616
50,72,1.6114090188157284
50,73,1.9799031367028288
50,74,1.7157649350817992
50,75,1.5362759405048456
50,76,1.7053729426309885
50,77,1.6356305096948418
50,78,1.6975365730070195
50,79,1.717330073106856
50,80,1.6365772140405739
50,81,1.5150858978210369
50,82,2.1238046906440062
50,83,1.5376924636112657
50,84,1.6707807016325154
50,85,1.673567347731775
50,86,1.6644437473437328
50,87,1.705223193523454
50,88,2.027774756310856
50,89,1.7547240883947075
50,90,1.5730101332895747
50,91,1.9112261029586866
50,92,1.619714896092399
50,93,1.7151260186018094
50,94,1.634995552651111
50,95,1.6115652674497725
50,96,2.206960245437075
50,97,1.7842894155142388
50,98,2.0355410039916375
50,99,1.5742317013372111
50,100,1.915899967216905
50,101,2.1613559627228165
50,102,1.6830281573007573
50,103,1.5854746764591552
50,104,1.6949017726648767
50,105,1.6736886320591342
50,106,1.6348888248245248
50,107,1.6763098912894443
50,108,1.7824533123906885
50,109,1.7385346735040874
50,110,1.6841593950856486
50,111,1.6438093086063745
50,112,1.891706159661299
50,113,1.8358283739353698
50,114,1.5891099611345039
50,115,1.9131471217891762
50,116,1.7430645140510765
50,117,1.6745879156549088
50,118,1.6077680105511958
50,119,2.5468117996784336
50,120,1.492543947189608
50,121,2.416586370333506
50,122,1.648715072079408
50,123,2.0561520957485246
50,124,1.9237738114499905
50,125,1.6832713819886032
50,126,1.9096971370214808
50,127,1.9396423256657782
50,128,1.8361667849308192
50,129,1.6341611398172295
50,130,2.065169706399348
50,131,1.7203924828554205
50,132,2.1108289644681726
50,133,1.5709453116314884
50,134,1.906955043903783
50,135,1.6780579455212508
50,136,1.6102064496453747
50,137,1.5608409249597526
50,138,1.867478332880795
50,139,1.598890434937427
50,140,1.817926795550574
50,141,1.8288823667954488
50,142,1.5494096171753715
50,143,2.0660595605476466
50,144,1.8769455084443836
50,145,1.6630199899394962
50,146,1.8832448761326797
50,147,1.6571327632545305
50,148,1.6945946893518158
50,149,1.5585442938500755
50,150,1.619701246496583
50,151,1.9224008376574575
50,152,1.9889661260867664
50,153,1.789076501488693
50,154,1.5379656329984406
50,155,1.7356203401533654
50,156,1.647379712764946
50,157,1.6249702472324985
50,158,2.6221189567231855
50,159,1.8445596324837161
50,160,1.593731197647495
50,161,2.437648256103659
50,162,1.933069961629247
50,163,1.5879578965978198
50,164,1.6697066957547564
50,165,1.609354507826383
50,166,1.7101087132675583
50,167,1.5237741376157345
50,168,1.5544293497767312
50,169,2.797418865535389
50,170,1.7792676525300735
50,171,1.7858701193573099
50,172,1.694286033927798
50,173,1.6962603482537677
50,174,1.9240346235548131
50,175,2.359232438881716
50,176,1.5662773770239529
50,177,1.792496451827281
50,178,2.1683963854832786
50,179,1.6422112374031725
50,180,1.8774063465064745
50,181,1.784997800032117
50,182,2.49126973195486
50,183,1.657710203677036
50,184,1.7355487350199996
50,185,1.5068670561913742
50,186,1.5853842257062778
50,187,1.7986295683688163
50,188,1.942782397811501
50,189,1.8032130236782158
50,190,2.113814986103281
50,191,2.003696483642571
50,192,1.8545173940035737
50,193,1.8067244609559097
50,194,1.7737135268126951
50,195,1.9080911096745095
50,196,2.162854709037124
50,197,1.60281753461948
50,198,1.7095596303246747
50,199,1.6783892286065207
50,200,1.4808538528260582
50,201,1.7853558404751784
50,202,1.780308600973712
50,203,1.7818923679116296
50,204,3.7536418032297236
50,205,1.7149381146926939
50,206,1.5327206669239894
50,207,1.8804727792103062
50,208,1.8176495167061923
50,209,1.634933070201878
50,210,1.7100863177190135
50,211,2.0925032294417885
50,212,1.6081146198081369
50,213,1.7096055926267282
50,214,2.405080069940205
50,215,1.523663785302614
50,216,1.6582136658096052
50,217,1.7859473419106284
50,218,1.5525877719489107
50,219,1.5583312294312208
50,220,1.7657240429653944
50,221,2.3225843510870554
50,222,1.7212060940644107
50,223,1.7487761117911118
50,224,1.9277982002396747
50,225,1.6833608939113518
50,226,1.8306965194926745
50,227,1.7055402492601348
50,228,3.1052375008330046
50,229,1.566874442435325
50,230,1.7497695115936325
50,231,1.6765035647917355
50,232,1.5694252044215458
50,233,1.6077324905391333
50,234,1.9396633391938403
50,235,1.947300986970839
50,236,1.7472340412059728
50,237,2.0673121945894617
50,238,1.5352647248862001
50,239,1.6570352250323372
50,240,1.8507194118431756
50,241,2.042688629102114
50,242,1.7913907499977
50,243,1.625419371766135
50,244,1.6528590176322304
50,245,1.6321326859872423
50,246,1.624201638463809
50,247,2.1019114055649517
50,248,1.5680603167030336
50,249,1.863198560566826
50,250,1.7474632975451128
50,251,2.0455267157410595
50,252,1.704761896726704
50,253,1.7175194758572951
50,254,1.6414690507968273
50,255,1.8369011376714852
50,256,1.8165914806830714
50,257,1.8363084401666623
50,258,1.6923026835054185
50,259,1.7787674702998348
50,260,1.6363347753590907
50,261,1.7977406320323535
50,262,1.5794363249864438
50,263,2.273276825600724
50,264,1.5851839872565088
50,265,1.8981024087354945
50,266,1.9681939288930166
50,267,2.474069669418807
50,268,1.607051383990379
50,269,1.88636033449309
50,270,1.9419379815174076
50,271,1.563452831400535
50,272,1.6429655634912594
50,273,1.6248902518764923
50,274,1.8071978225892442
50,275,1.62886767790041
50,276,1.5498981459652936
50,277,1.9981015637370259
50,278,1.7732348607759472
50,279,1.597723692817501
50,280,1.7748654816311906
50,281,1.868596454122597
50,282,1.6116441124758707
50,283,1.4973143667847377
50,284,1.963214327314282
50,285,2.007172314658757
50,286,2.5336125595151717
50,287,1.784869746908711
50,288,2.043969612206189
50,289,1.8890814689281328
50,290,1.6966924637769325
50,291,1.9610666829435963
50,292,1.6507152856712597
50,293,2.193959183398914
50,294,1.5909098189860897
50,295,1.6508977135382434
50,296,1.6475341469689866
50,297,1.7499670026669816
50,298,1.5626738548249302
50,299,1.6283637959884059
50,300,2.7189566155098466
50,301,1.5956003695318537
50,302,1.875355025780446
50,303,1.700924951664968
50,304,1.5426887998953904
50,305,1.732288909174984
50,306,1.8882562059586867
50,307,2.166324580361325
50,308,2.301273506957885
50,309,1.8778855194029744
50,310,2.687097355313838
50,311,2.1917569978574014
50,312,2.0303872467438975
50,313,1.6562756108072278
50,314,2.548823239981038
50,315,1.8366852221250702
50,316,1.6262078887933407
50,317,2.567989018212661
50,318,2.315433584434358
50,319,1.7863643493333212
50,320,1.696101591321221
50,321,1.6635714221767648
50,322,1.708551038830543
50,323,1.663453170590648
50,324,1.6887276935664195
50,325,1.8167656753301102
50,326,2.827805777213583
50,327,1.6120700257742637
50,328,1.6137597303709759
50,329,1.594888970028032
50,330,1.7909643704262799
50,331,1.8001579555440226
50,332,1.674873905553195
50,333,1.5710240719455104
50,334,1.7326658644478756
50,335,1.6930845812165818
50,336,1.5626213594522442
50,337,1.6175554723179306
50,338,2.0869765302395717
50,339,2.0247589321965496
50,340,1.5502874104620357
50,341,1.7449346526811174
50,342,2.157998880550739
50,343,1.67355236186734
50,344,2.0069563647438775
50,345,1.634580231947807
50,346,1.7869317993555274
50,347,1.5706687527864533
50,348,1.6949661623074062
50,349,2.1546063107289144
50,350,1.492842405893073
50,351,1.8398589347113479
50,352,1.59907510008678
50,353,1.641277233678035
50,354,1.724861665724855
50,355,1.9217915625861892
50,356,1.8132917326344369
50,357,1.7828445207380244
50,358,2.3629864080803045
50,359,1.8357349285067226
50,360,1.9852658156569076
50,361,1.6160845633248346
50,362,1.620497244739105
50,363,2.1515150485169947
50,364,2.2360448897364584
50,365,1.9099994303802028
50,366,1.7087240647685986
50,367,1.7885925149784194
50,368,2.2890437834602206
50,369,1.6855262655503578
50,370,2.223875623758638
50,371,1.772112490643853
50,372,1.7374511639759962
50,373,1.7195919302002176
50,374,1.859664787747875
50,375,1.6015780954886367
50,376,1.6100304247510733
50,377,2.2787561790696556
50,378,1.965779770992184
50,379,1.9573888713849719
50,380,1.608642926839526
50,381,1.519111649260909
50,382,1.8283020854720482
50,383,1.5168178837474835
50,384,1.8510677546953473
50,385,1.581701725010687
50,386,1.6527197591249465
50,387,1.6404305438609987
50,388,1.7180881171686515
50,389,2.325765085679996
50,390,1.741083071197113
50,391,1.6519338782107975
50,392,1.6149606564337533
50,393,1.8528279360023578
50,394,1.7226114276166251
50,395,1.6417785922711532
50,396,1.8107261577162543
50,397,1.8628474018547045
50,398,1.6079923577934907
50,399,1.7426520571856394
50,400,1.5448598427677145
50,401,1.7092815503921615
50,402,1.6756128897099594
50,403,1.939933842354876
50,404,2.0832010317849163
50,405,1.7936957641673572
50,406,1.805158533553098
50,407,1.5727644683751414
50,408,1.51980526812205
50,409,1.6161624090389584
50,410,2.2464482579154046
50,411,1.6756505104599342
50,412,1.9975086562707556
50,413,1.7297617050173606
50,414,1.9768840925557822
50,415,2.203623334873037
50,416,1.5865786442588201
50,417,1.6069825392762254
50,418,1.951018429402669
50,419,1.6321574953638893
50,420,1.6563655816301928
50,421,2.094246118955754
50,422,1.8886323011194828
50,423,1.682131398776757
50,424,1.5138200302314002
50,425,1.8916903533462477
50,426,1.7309846968655396
50,427,1.4814413533450996
50,428,1.5789675793087081
50,429,1.8761634978546804
50,430,1.5666339291119107
50,431,1.5679709994377036
50,432,2.0719622342187507
50,433,1.5485724545835107
50,434,1.94840931601616
50,435,1.7549614729960825
50,436,1.8498815861315079
50,437,1.7980715691162723
50,438,1.572821215566751
50,439,1.8181018000314104
50,440,1.826906048206683
50,441,1.6645724671630673
50,442,1.6905578395995091
50,443,1.7595897132790264
50,444,1.9613269827583748
50,445,1.5208414021818293
50,446,1.6962848361948717
50,447,1.8317550705344823
50,448,1.5208767135703316
50,449,1.7889179526945387
50,450,1.7974660430379283
50,451,1.6105369146798938
50,452,2.070972525996657
50,453,1.60255853219161
50,454,1.7375801967598863
50,455,1.6176217836561984
50,456,1.8421417043986947
50,457,1.8050691786879356
50,458,1.6050480346840494
50,459,1.704851448692416
50,460,1.5414508160211091
50,461,1.6168942607082712
50,462,1.976720221475462
50,463,1.8571808075151663
50,464,2.3278107864142736
50,465,1.7131773708003668
50,466,1.5009614895837589
50,467,2.0231941268671574
50,468,1.662958260480535
50,469,1.6412398634966552
50,470,1.828004415980036
50,471,1.7644595641551357
50,472,1.737183982831988
50,473,1.7324478908584247
50,474,1.584625290812202
50,475,2.0206337638461327
50,476,2.416645448917124
50,477,1.6458602338115678
50,478,1.5782574300846288
50,479,2.112317973836938
50,480,1.8428192218794255
50,481,1.5653593943855306
50,482,1.5780431613302368
50,483,1.8327649286516001
50,484,2.9082206321410795
50,485,1.7823376837325082
50,486,1.800095802569513
50,487,1.6664456595975552
50,488,1.5689793796277725
50,489,1.9166206605517173
50,490,1.7075019652895163
50,491,2.09130460366651
50,492,1.5049442385800171
50,493,2.308964693921165
50,494,1.7085402598650437
50,495,1.6885221117882525
50,496,1.8517301446075516
50,497,1.8554401542180587
50,498,1.8167726442740582
50,499,1.746120709930773
60,0,1.6973610582868959
60,1,1.8694822117070344
60,2,1.8020906378272115
60,3,2.8515053027743504
60,4,1.741950181191226
60,5,2.1085258116780308
60,6,1.903193542625171
60,7,1.8842868611964776
60,8,1.639324919464511
60,9,1.8341687792466357
60,10,1.5533014487941816
60,11,1.7092130750019816
60,12,1.580094107860357
60,13,1.5833862178663474
60,14,1.8175282226635343
60,15,2.0592534487132066
60,16,1.680235853210106
60,17,1.9793556969170782
60,18,2.0955069702778113
60,19,1.8626802198792107
60,20,1.806829778056524
60,21,1.6650382907121921
60,22,1.6262831255222443
60,23,1.6414927456155786
60,24,1.7251117434312693
60,25,2.4940073661458526
60,26,1.5635307137426484
60,27,2.0763498429578373
60,28,2.575936701466752
60,29,1.6003351230598097
60,30,1.5192915966925569
60,31,1.557583805207817
60,32,1.918144186654075
60,33,1.9149675105726502
60,34,1.9555137838942467
60,35,1.7692920164127777
60,36,1.6189111953503899
60,37,2.760503953268008
60,38,1.6771262462875598
60,39,1.6323529366767535
60,40,2.2748358468241765
60,41,2.6725946091399284
60,42,2.6504033119424517
60,43,1.9977253631897902
60,44,2.255276852855609
60,45,2.2200317285900595
60,46,1.6320650317878984
60,47,2.0757640209918886
60,48,1.8591691981979102
60,49,1.8925777185730914
60,50,1.6267228222686483
60,51,1.9196518407559198
60,52,1.9019564171159664
60,53,2.154327390792048
60,54,1.917096470773442
60,55,1.9656796266935241
60,56,1.7316336618050643
60,57,1.660864004214465
60,58,1.6319446886305504
60,59,2.078054656078335
60,60,1.6869703767725344
60,61,2.0305560476805895
60,62,1.631863532171209
60,63,2.144348639786761
60,64,1.5068780607114003
60,65,2.2108779011469664
60,66,1.6228606805222008
60,67,1.6829845850242813
60,68,2.6922363015515955
60,69,2.0498167805834058
60,70,2.2861398058639284
60,71,1.7501252185381586
60,72,1.7490009688960635
60,73,1.94919386403858
60,74,2.082176904557209
60,75,2.2447233645038134
60,76,1.480867073825515
60,77,1.704025730358656
60,78,1.8024362459886316
60,79,1.7112901017867372
60,80,1.8874187974765428
60,81,1.5497870286372468
60,82,1.6894760080996456
60,83,2.5531702858921896
60,84,1.8006808845211066
60,85,1.814003054911556
60,86,1.5843939218068994
60,87,2.1480948804203925
60,88,1.5920076782663166
60,89,1.616321508598588
60,90,2.108379887036476
60,91,1.7436814333313337
60,92,1.9862576907075618
60,93,1.8100432138660285
60,94,1.6285759015934704
60,95,1.6366458836597508
60,96,1.6820395470990221
60,97,2.966301257564411
60,98,1.5313972899766994
60,99,1.9519835623118793
60,100,1.7654964303237166
60,101,1.6432411661224877
60,102,1.772785037023599
60,103,1.9661315908999084
60,104,1.661839678697295
60,105,2.3204443299238138
60,106,1.6849841771878264
60,107,1.6202623330506813
60,108,1.913314523467987
60,109,2.1893219116883977
60,110,1.6200707111830617
60,111,1.684083572671676
60,112,1.4764828658137543
60,113,1.698573319499366
60,114,1.5639974676955601
60,115,1.6772236969267897
60,116,1.977132220349567
60,117,4.534475106751795
60,118,1.8202993780305863
60,119,1.5200842390468672
60,120,2.697692029921174
60,121,1.739144340617811
60,122,1.6074818620556546
60,123,1.827187754455841
60,124,3.0951541059812593
60,125,2.231961288895814
60,126,1.9034366959118572
60,127,1.6863972007278762
60,128,1.9289307089132748
60,129,1.6657134215336424
60,130,1.6742217453219561
60,131,1.6242889425287235
60,132,1.694453310658957
60,133,1.7402346216719724
60,134,1.8033903714709798
60,135,1.7008136526921673
60,136,1.6716015551703853
60,137,1.758442302310578
60,138,1.8874280340123244
60,139,1.9193226581837646
60,140,1.5729420035025652
60,141,2.044004006813765
60,142,1.8016215652685466
60,143,1.6991755824261365
60,144,2.0107533381877207
60,145,1.6971294254457183
60,146,2.1902691002461316
60,147,1.677930156181786
60,148,1.799281290366493
60,149,1.8369314273542143
60,150,1.8560549413119365
60,151,1.7459286468707933
60,152,2.15180155399983
60,153,2.296999613756279
60,154,2.1493995083623547
60,155,2.048436829296402
60,156,1.7139416663551614
60,157,2.4821966586414788
60,158,2.5129562286739855
60,159,1.6587510792763558
60,160,1.771992149011266
60,161,1.893936681569074
60,162,2.5730153188335056
60,163,1.9593512303290026
60,164,2.2123467588857366
60,165,1.819918928637543
60,166,1.8232811187037283
60,167,1.785148546761006
60,168,1.7626984958692469
60,169,1.7116804157417578
60,170,1.5289742586555142
60,171,2.317017051902211
60,172,2.292469379923912
60,173,1.6455788839436336
60,174,2.0456388948397746
60,175,1.6619303890999717
60,176,1.7392079667439582
60,177,2.527955998006265
60,178,1.6839283787890935
60,179,1.9920349350491435
60,180,4.128631463700405
60,181,2.059388865064806
60,182,1.9091223685174306
60,183,1.6670572001133106
60,184,1.7698942667949875
60,185,2.6116687823296565
60,186,1.861531550931367
60,187,1.5870523693423852
60,188,1.7321685401346567
60,189,1.9127779973071117
60,190,1.5884659264067806
60,191,1.7406313785003686
60,192,1.9510607138990446
60,193,1.9890088580828744
60,194,1.7528485794173123
60,195,2.36413018023615
60,196,2.605566610769439
60,197,1.7715540016873046
60,198,1.883741708817898
60,199,1.6768763110479021
60,200,2.029669143990038
60,201,1.9400112066049842
60,202,1.8250019638361055
60,203,1.6143253001172644
60,204,2.650590976046501
60,205,1.6854085594364916
60,206,1.593410758929167
60,207,2.0061628000430365
60,208,2.1514748439492317
60,209,2.6347156187471357
60,210,1.9057701605762227
60,211,2.005424353246913
60,212,1.6028335394456419
60,213,1.7080991690037968
60,214,1.5998382176440493
60,215,3.726234162634804
60,216,2.5278430841135004
60,217,1.6421987446176458
60,218,2.0706349766708536
60,219,2.223633298191776
60,220,2.4639372638718364
60,221,1.99165152085209
60,222,1.633928569864016
60,223,1.6845374444303864
60,224,1.5721678199843303
60,225,1.9707821847958347
60,226,1.8398607880062732
60,227,3.005077087189697
60,228,2.3995571792660586
60,229,2.4671598795433622
60,230,1.7264192712708464
60,231,1.8098594969734227
60,232,2.7063588180804765
60,233,1.633973977236705
60,234,2.004257691964342
60,235,1.7799331096313789
60,236,2.572211601627167
60,237,1.9617437618679436
60,238,1.5267915262276002
60,239,1.7170407152163747
60,240,1.8034077626907428
60,241,1.8856420448174087
60,242,1.5537066903165924
60,243,2.0074849445393395
60,244,2.1212627041635734
60,245,1.680829308747917
60,246,1.6351522221806327
60,247,1.5291945680081032
60,248,1.7035445971592884
60,249,1.6888904064449344
60,250,2.779461420141379
60,251,1.847917583736654
60,252,2.5423630596626414
60,253,2.2491222162599596
60,254,1.716573985655521
60,255,1.8743812840772536
60,256,2.274558473642804
60,257,2.2148461483459045
60,258,1.6760146630327226
60,259,1.722639889633765
60,260,1.7535237189489778
60,261,1.958706667646928
60,262,1.7433896616569202
60,263,1.9499515619474797
60,264,2.1583747190452334
60,265,1.7414244653495972
60,266,1.6151592513844295
60,267,2.055878719073725
60,268,1.6808681134249808
60,269,1.7007113447775362
60,270,1.6660959903230426
60,271,1.9901167037794074
60,272,1.939807071788292
60,273,3.9649477173797263
60,274,1.6033591141193642
60,275,1.8137699446845883
60,276,1.5664130768962983
60,277,2.1631514852995832
60,278,1.6511577599689737
60,279,2.972803520730383
60,280,1.5689762537175294
60,281,1.6494176047424112
60,282,1.7894081306845198
60,283,2.128530504931474
60,284,2.5194526066509466
60,285,2.1873522100670093
60,286,1.6733679570054432
60,287,2.036150552236868
60,288,1.6296967025087374
60,289,1.9854302302556872
60,290,2.0916074133829547
60,291,1.9237776838720808
60,292,1.5445605534242972
60,293,1.548150168739581
60,294,2.0781235175721386
60,295,2.067080828677396
60,296,2.150604992177559
60,297,1.7993753740146003
60,298,1.7576325259669814
60,299,1.9596070515055724
60,300,1.6840372396081487
60,301,3.2246235981839195
60,302,1.5633821311852618
60,303,1.930167167775852
60,304,1.784142089619784
60,305,1.9476846022169012
60,306,1.7042214025133364
60,307,1.6889185367881123
60,308,2.661093021301303
60,309,2.006069909945553
60,310,1.5747452664498933
60,311,3.7521375316961447
60,312,2.2730636455585858
60,313,2.0205864992201956
60,314,1.876321769187304
60,315,1.8095754588457458
60,316,1.936689483547393
60,317,2.383741979646173
60,318,1.845790957757273
60,319,2.2093320197669475
60,320,1.7232723650386823
60,321,1.86335941557198
60,322,1.5906368519242575
60,323,1.7251953488784795
60,324,2.0829108901929394
60,325,3.491533330914587
60,326,1.6695946967784798
60,327,1.8481432695892113
60,328,1.6657147704284614
60,329,2.317662932644594
60,330,1.8520841816352303
60,331,1.660826634036613
60,332,1.5533091601692126
60,333,1.6052971616503533
60,334,1.8404614479194248
60,335,2.071602164623695
60,336,1.7155358282103186
60,337,1.788759041384008
60,338,2.3416740170495367
60,339,1.886853820997386
60,340,2.496079523873819
60,341,1.9299167313625758
60,342,1.7933039431519446
60,343,2.0655906322419133
60,344,1.9379125563094246
60,345,1.7450245881004336
60,346,1.9377304789734506
60,347,2.3137246397773583
60,348,1.6379327869927154
60,349,1.7556163062081078
60,350,2.1844797496221884
60,351,1.7053797996596942
60,352,2.0798225236758285
60,353,1.681870913259173
60,354,2.0297381764362936
60,355,2.0757193928909636
60,356,2.3372150426456364
60,357,1.5842954918164767
60,358,1.8885188577016188
60,359,2.6560977724570574
60,360,2.0358584717943216
60,361,1.5742302282749305
60,362,1.718322485845717
60,363,1.8658181532489844
60,364,1.7071102051079037
60,365,1.6543690135890747
60,366,1.822942667412729
60,367,1.705454185494838
60,368,2.3917656571374697
60,369,2.4783847955888856
60,370,1.6397708794955514
60,371,1.977255573146521
60,372,1.588941437059293
60,373,2.012170658143444
60,374,1.7704177013974443
60,375,1.6474404005666787
60,376,1.6762243323939106
60,377,1.8354513760868096
60,378,1.8335933375238045
60,379,2.0179781505550687
60,380,2.417424552228509
60,381,2.0089987607198623
60,382,1.525521299231597
60,383,1.8757167806068897
60,384,1.9680846532512404
60,385,1.7918465675738902
60,386,1.708590521724072
60,387,1.816601176220844
60,388,1.5839141476091203
60,389,1.9761591922475075
60,390,2.804022800657017
60,391,1.9150390176900445
60,392,1.5534157301248501
60,393,1.8722089936009765
60,394,1.7405350447983303
60,395,1.963649427203967
60,396,1.5458386816920184
60,397,1.7420549470132487
60,398,1.7393701728459705
60,399,2.3758030332166786
60,400,2.1132000327178324
60,401,1.6382434232065535
60,402,1.8205856642345266
60,403,2.7158169590248877
60,404,1.6401554751980467
60,405,1.9470085562135535
60,406,1.729098835599424
60,407,2.084666943203143
60,408,1.980405213281376
60,409,2.2014072127047597
60,410,1.5881400449864815
60,411,2.1298802399254773
60,412,2.087017305325781
60,413,2.166411332237298
60,414,1.7295447846787864
60,415,1.5708308835763405
60,416,1.566737025168587
60,417,1.8579886303568247
60,418,1.784007255710912
60,419,2.0780018732307335
60,420,1.8483857393057865
60,421,2.169581455159799
60,422,1.7079252280035992
60,423,1.5669527653500361
60,424,1.8229283191441388
60,425,1.7812243919675799
60,426,1.870884681934138
60,427,1.5808642080693174
60,428,2.456831387090969
60,429,1.6225373284834181
60,430,2.348586954736922
60,431,2.343518544514547
60,432,1.7269347133544397
60,433,2.6394576108568177
60,434,1.7467035095910843
60,435,1.590048195303495
60,436,2.0700477111871853
60,437,1.5877158660404584
60,438,1.668087079282553
60,439,2.2705648173142516
60,440,2.600363037582377
60,441,1.7014474509857491
60,442,1.5991675233451301
60,443,1.68826519097228
60,444,2.521587447770283
60,445,1.6667596658032726
60,446,2.038545487392151
60,447,2.3113205426180192
60,448,1.6788037315433277
60,449,2.311376353324257
60,450,2.728132129041719
60,451,1.6652633502469691
60,452,1.6650151276911584
60,453,2.0182389466755897
60,454,1.7926993630243304
60,455,1.6681326342270006
60,456,1.736298361823553
60,457,2.3213773380524128
60,458,1.7006678230608956
60,459,1.979764941134627
60,460,1.847415523292954
60,461,1.6470489628540417
60,462,5.107212358456743
60,463,2.0243888644480386
60,464,1.9264423898134826
60,465,1.613178742799475
60,466,1.583881493002628
60,467,1.6452529129377933
60,468,1.6764309776350608
60,469,2.555300497406486
60,470,2.37013382626889
60,471,2.73504462232717
60,472,2.0492865935464946
60,473,1.6368843805995692
60,474,1.8839234577123667
60,475,1.7931280461713397
60,476,2.0801809451521986
60,477,1.5618248571331776
60,478,1.6592683461542794
60,479,1.8136528382652342
60,480,1.687962836932209
60,481,1.5865980097987098
60,482,1.8410400560513362
60,483,1.800099907668923
60,484,1.8945334832751553
60,485,2.0068598817811574
60,486,1.7750110757034376
60,487,2.3301529688830267
60,488,3.0647359411187973
60,489,1.6815772743350867
60,490,2.868981375218718
60,491,2.671911198391931
60,492,1.7771508542182255
60,493,1.763175866290677
60,494,2.0274143896838037
60,495,1.7401354166179477
60,496,1.649405639117393
60,497,1.6504758182395762
60,498,1.74664463849762
60,499,1.8316860565509805
70,0,1.7238351769643732
70,1,2.502972414859702
70,2,3.783795615736716
70,3,3.1234588131608527
70,4,1.7198028200405828
70,5,1.5811143210467136
70,6,2.106931228893522
70,7,1.934389011494894
70,8,2.0241026207064343
70,9,2.000197643863311
70,10,1.683142377748888
70,11,1.5595987168800722
70,12,1.7075278462462773
70,13,2.1078898807854327
70,14,2.5794813612597935
70,15,1.8291504590957786
70,16,1.9689435554333412
70,17,2.047257446793736
70,18,2.0615095925117486
70,19,3.92261321475633
70,20,2.352636734768075
70,21,1.7293180414279545
70,22,2.103942698318094
70,23,1.8578262830824577
70,24,2.9547623497689237
70,25,2.357481896448607
70,26,2.4811800880454586
70,27,2.8885970411478956
70,28,1.7378849177363944
70,29,1.7788781587344284
70,30,2.9113703563638054
70,31,3.523725995134157
70,32,1.8061021247864837
70,33,2.3432102536600494
70,34,1.724929206660494
70,35,1.820612515545429
70,36,2.3581817339882023
70,37,1.679457693477456
70,38,2.3650447114351265
70,39,2.97234763452455
70,40,3.045616225035816
70,41,2.6489979041094216
70,42,1.6154938445959008
70,43,1.5637590121353546
70,44,2.0753665381489808
70,45,1.9558259445090458
70,46,1.7618960429718658
70,47,1.7011771872137984
70,48,2.110234944829777
70,49,1.8659326802711067
70,50,2.9365767888536745
70,51,2.067431843125762
70,52,2.4907466174813084
70,53,2.3410305345870985
70,54,2.1151425140448423
70,55,1.9755473327012776
70,56,2.4436565016597
70,57,3.4837468111841248
70,58,1.8132269295521457
70,59,1.871406809795885
70,60,1.858714797996725
70,61,1.5358987473271017
70,62,3.0533611672890126
70,63,2.423852230399877
70,64,3.0645979041252907
70,65,2.1465952114730698
70,66,1.6248512559883173
70,67,1.7718839650374394
70,68,2.488152337273934
70,69,2.8433891803736597
70,70,2.7999445577755058
70,71,1.6648968227428493
70,72,2.416736546743651
70,73,1.6467708429616696
70,74,1.6330082943205648
70,75,1.9793058482443033
70,76,2.782435295529008
70,77,3.1216282492689036
70,78,1.7172306924487688
70,79,2.759770595524576
70,80,3.010512382180484
70,81,2.1373576035880033
70,82,1.8497207373935114
70,83,2.0045776586632282
70,84,1.93339625258586
70,85,2.112556381332392
70,86,1.6445699059312024
70,87,1.6840753548474323
70,88,2.4072176361729274
70,89,2.6721747206531914
70,90,1.9057750422974105
70,91,1.6402442000548152
70,92,2.179769294128908
70,93,2.4621166082403327
70,94,3.4331460774834315
70,95,1.9855322235533455
70,96,2.0635992291889824
70,97,1.6607039282038325
70,98,2.563232734362641
70,99,2.303349885244758
70,100,3.961365435895612
70,101,2.9088680911761604
70,102,2.0838377957807
70,103,2.290503434491117
70,104,2.0548353788165388
70,105,1.899273618298646
70,106,2.5641924541872636
70,107,2.5378518002167065
70,108,3.212890395782197
70,109,2.2736688770262568
70,110,1.5820382278700587
70,111,3.284528039789655
70,112,2.168384144198868
70,113,1.8526753752280238
70,114,1.9007695824113662
70,115,2.2750287273501404
70,116,2.2905545418335236
70,117,2.237612071493393
70,118,2.48174653456399
70,119,1.629814666605055
70,120,3.832390642819255
70,121,2.204043489103883
70,122,2.186128908853118
70,123,1.7190062556015444
70,124,1.952998472937541
70,125,1.959072496246821
70,126,2.6007487270861356
70,127,2.429683758655534
70,128,2.4433078451336168
70,129,3.7162309120294927
70,130,2.4122082862211256
70,131,2.5182667335440994
70,132,5.51193866235479
70,133,1.493675214838107
70,134,1.6523343254709513
70,135,1.9371696788023267
70,136,2.0011211354004477
70,137,3.4010764082840006
70,138,2.5476121393245346
70,139,2.484890559360543
70,140,2.2639481444255125
70,141,4.140409407834798
70,142,2.4630653230201074
70,143,1.6160473869476566
70,144,1.6597070075414146
70,145,2.244828327253287
70,146,1.6635403733810685
70,147,1.8909383095477004
70,148,5.474447303744482
70,149,2.6493916308229384
70,150,1.7178023911221763
70,151,2.3534568481640368
70,152,3.0932043781178997
70,153,2.2448133472876197
70,154,2.1246895566185633
70,155,3.9204904515937997
70,156,1.743601878734961
70,157,1.6487877277688405
70,158,2.151002679421697
70,159,2.3834043806778284
70,160,1.7431254334832398
70,161,2.0519193598307535
70,162,2.191478436945525
70,163,1.5967347274775292
70,164,2.049827681260722
70,165,1.614150056168192
70,166,1.9632681742192417
70,167,3.3834759262335368
70,168,2.2629644631572408
70,169,2.138145806245228
70,170,2.839693744286006
70,171,1.5401545121471858
70,172,1.6578648904521014
70,173,2.4724332716793245
70,174,1.606737685288274
70,175,1.9919533610939024
70,176,1.6622751808326717
70,177,2.1639983041342226
70,178,2.3381177279869423
70,179,2.084726533575103
70,180,1.9559176415495962
70,181,1.729113706881502
70,182,2.5471682568361156
70,183,1.8022338843112484
70,184,2.335022420514041
70,185,3.7659106753085267
70,186,2.384879124500776
70,187,1.8603694502122126
70,188,2.717388567313958
70,189,1.9521251122184988
70,190,4.318203004121415
70,191,2.1510093178899266
70,192,2.2985914019422573
70,193,2.679442242947327
70,194,1.5906699538323652
70,195,1.6612060252225256
70,196,1.9369535372900408
70,197,1.8763190457623755
70,198,3.2517595545572884
70,199,1.8676838414590462
70,200,2.4842564512022216
70,201,2.329043760662994
70,202,1.5917909233001184
70,203,2.0792547154878758
70,204,2.478915081849984
70,205,1.6366862609273438
70,206,2.53145555059006
70,207,3.129023685022201
70,208,2.4781410800334345
70,209,1.8788599002408424
70,210,1.6690628193777175
70,211,2.0443065152157116
70,212,2.095240833704191
70,213,2.8929234726218502
70,214,2.229295252918739
70,215,3.8321404375292927
70,216,1.659612196773072
70,217,1.9029113140069338
70,218,2.3667386782678075
70,219,1.72958107465122
70,220,1.8086285989129347
70,221,1.6614634763977925
70,222,2.983139583128902
70,223,1.7029053509851766
70,224,3.1748442636789234
70,225,1.9740656171236342
70,226,2.231179393455939
70,227,1.8044220686506494
70,228,1.4988399226447537
70,229,1.6706276448349393
70,230,2.637631062481574
70,231,2.2073310470062415
70,232,3.0170053258155134
70,233,1.8899520358702055
70,234,1.8904052336332071
70,235,1.6653791659542894
70,236,2.1301827508043774
70,237,2.3683986728029462
70,238,2.118799313165822
70,239,3.1504980464360757
70,240,2.5260955946826606
70,241,2.3223144157557387
70,242,1.5608963278829782
70,243,1.609944985783958
70,244,2.902635482259401
70,245,1.7204448018565508
70,246,2.528675133439993
70,247,2.543784963937618
70,248,1.8562978421437137
70,249,1.7681705620430763
70,250,4.21895651021047
70,251,2.147301309055561
70,252,1.8993374974461084
70,253,3.4683172081450273
70,254,4.919084972493108
70,255,1.7299878493855188
70,256,2.663798165958925
70,257,1.8004258343185573
70,258,1.8729351393410787
70,259,1.5288081108932106
70,260,2.144949416160422
70,261,1.7047865608791943
70,262,2.2744813755952245
70,263,3.618684531043398
70,264,3.2562339536054656
70,265,2.163498800505045
70,266,3.9212181408339033
70,267,1.5706825754337446
70,268,1.789411148648317
70,269,2.5253979562121938
70,270,1.622130449901735
70,271,1.7467770814641392
70,272,1.9993505082860972
70,273,3.256870314512959
70,274,2.215939195403535
70,275,1.6903489633035693
70,276,2.0264618831238597
70,277,1.503149007300992
70,278,2.7168811126634806
70,279,1.835796219865626
70,280,1.5254810050057532
70,281,1.8000220202374193
70,282,1.568341904453885
70,283,2.911694138833565
70,284,2.013355777463209
70,285,2.011634951329778
70,286,1.8785060987444169
70,287,1.6563758662787211
70,288,1.7958968913131401
70,289,2.638003552741164
70,290,2.085096010646337
70,291,1.5634977236101992
70,292,1.7697221939120724
70,293,1.7426629337345574
70,294,2.044259490559632
70,295,1.7614481420780796
70,296,1.755404903895012
70,297,1.6867995289099837
70,298,2.2722875515962433
70,299,2.310294554366541
70,300,2.655405138175849
70,301,2.4375006016318856
70,302,3.139358425934345
70,303,1.9284156324640394
70,304,1.5456342475356522
70,305,4.721300855596322
70,306,2.133097235960717
70,307,2.1290133601090346
70,308,2.21331910943781
70,309,2.303464506506977
70,310,1.8810413276602567
70,311,2.437165943894312
70,312,2.0043315321165527
70,313,1.8886440130574997
70,314,2.3383026086312815
70,315,1.5514855408611279
70,316,2.0043449252407255
70,317,1.8167705893926487
70,318,2.1046975360107494
70,319,3.679149999882336
70,320,1.983679751976177
70,321,1.6903761668003858
70,322,3.0114476170899818
70,323,1.770232184364768
70,324,2.126939546474183
70,325,3.186987821010695
70,326,1.782800452366212
70,327,1.5144901711569174
70,328,2.140635296389651
70,329,1.711250209947513
70,330,3.789899816756717
70,331,3.496557260818257
70,332,2.907136400716556
70,333,2.34090251345576
70,334,3.97612563156687
70,335,3.845140231702267
70,336,1.6917406840399212
70,337,1.721306516027719
70,338,1.5503497949151994
70,339,2.4675530715289633
70,340,2.06338316290036
70,341,2.0848660205334117
70,342,1.672222570326541
70,343,3.6506959026191375
70,344,1.811388243974439
70,345,1.680971891133683
70,346,2.446182663463753
70,347,1.6943887205469423
70,348,1.7109165901286565
70,349,1.7074263528626656
70,350,1.7274792472118408
70,351,1.8994804380871015
70,352,1.758648430858484
70,353,2.913886304153254
70,354,2.6077641581578748
70,355,1.8749980510186275
70,356,3.2385270541222195
70,357,3.4469639787345456
70,358,2.0990089954885787
70,359,1.51806018985876
70,360,2.117862568792343
70,361,2.8049742227024734
70,362,2.0060549594142554
70,363,1.5605307267293438
70,364,1.8171356735223247
70,365,2.2374197576059744
70,366,2.0329583328243492
70,367,2.7369252738064893
70,368,2.412194352389209
70,369,1.754538421482279
70,370,1.9400213940883704
70,371,1.9232623806090237
70,372,1.7358931381091958
70,373,1.6118265719236176
70,374,2.5963770574677745
70,375,2.9567016969912445
70,376,1.7733923335800508
70,377,1.709657206615505
70,378,1.8290338924414014
70,379,3.0930612701335436
70,380,1.8996524144166618
70,381,2.4268787202267275
70,382,1.9687066526934278
70,383,2.2805046916270895
70,384,1.616341476209383
70,385,1.8001059618592927
70,386,1.8616472104532908
70,387,1.8774768404519637
70,388,2.287724530243517
70,389,1.9069709799821273
70,390,1.5536955009731466
70,391,3.4553675193194637
70,392,1.9870137508493873
70,393,2.0690384724183777
70,394,1.997411425302929
70,395,1.7249905577946782
70,396,3.9006306639713095
70,397,2.4871099690753034
70,398,2.3125519636009733
70,399,3.102798097020575
70,400,1.4652156813792852
70,401,2.562871980534771
70,402,1.9205542568570377
70,403,1.803808684336043
70,404,2.145750218663819
70,405,1.7580282284795485
70,406,2.923868847756743
70,407,1.9536448257840762
70,408,2.489794600875918
70,409,1.7924595658407028
70,410,2.045873830613648
70,411,1.7352400422254652
70,412,1.8328675575443467
70,413,2.648062261792979
70,414,1.8828384304474148
70,415,2.881102032777822
70,416,2.0657410371029643
70,417,2.462916413013391
70,418,1.624824382278213
70,419,1.7595559795728364
70,420,3.6886857787216925
70,421,4.33781886958373
70,422,1.624721741040251
70,423,3.215167336061595
70,424,3.411998487424996
70,425,2.1335267518242382
70,426,1.6544804812132847
70,427,1.5113090646374787
70,428,1.694904092939778
70,429,2.1900779792859524
70,430,2.0781848747688128
70,431,3.439845114449684
70,432,1.6734864951280033
70,433,1.9910707350351202
70,434,2.371804709999124
70,435,1.989603732903992
70,436,1.712599092326338
70,437,1.5264440448807457
70,438,2.03787380799876
70,439,2.2550817240322143
70,440,2.366660792088515
70,441,1.7954571084618558
70,442,1.8068863551807601
70,443,3.38239969864914
70,444,3.561730856728818
70,445,3.7696407171000605
70,446,3.212626903205409
70,447,2.105388183581251
70,448,3.0260250515732774
70,449,1.624247126328743
70,450,2.0178413743233587
70,451,2.0595855738631554
70,452,3.0681450119635314
70,453,1.804403083655785
70,454,2.4978002887179502
70,455,1.881727600562269
70,456,2.301413410794852
70,457,2.6909012313440703
70,458,1.8409257928584593
70,459,2.786713545708388
70,460,1.63147067042767
70,461,1.6609971857281711
70,462,2.5626328478528073
70,463,1.584843852710732
70,464,2.1044519959915133
70,465,1.8211316647754106
70,466,1.5782508307850613
70,467,1.6002446116387572
70,468,2.1756213761956302
70,469,2.061825890097973
70,470,1.9221448608065266
70,471,3.1873795256563215
70,472,2.5335054523946314
70,473,1.9240802625190183
70,474,1.7408653094283655
70,475,2.0419679180176877
70,476,1.8348751650139743
70,477,1.6864857311134294
70,478,1.909641189244763
70,479,1.7916551242025238
70,480,1.9676892928381553
70,481,1.7533181760557264
70,482,1.6570316112498278
70,483,1.6259495489012639
70,484,3.0834841855755606
70,485,5.761773672341334
70,486,3.086485577824799
70,487,3.0219652184157577
70,488,1.9882010086716668
70,489,4.823433818587764
70,490,1.8508230400363066
70,491,1.8315584804558294
70,492,1.646931568760348
70,493,2.2078331206220354
70,494,1.9482462883508693
70,495,1.6299892443602753
70,496,2.681091465174821
70,497,1.713924008694581
70,498,1.907566368644292
70,499,1.777819555056083
80,0,1.79009781414459
80,1,1.9142151719202232
80,2,7.245389608618554
80,3,2.604205605831743
80,4,1.7968007548791527
80,5,3.6921444859170323
80,6,5.391450548566354
80,7,2.6841558643267414
80,8,4.017069347041452
80,9,1.6175693290103805
80,10,2.5960467519677644
80,11,1.9099599793482531
80,12,2.1181433124258433
80,13,2.7014571943627717
80,14,3.651249006121118
80,15,3.2761564534357266
80,16,3.6557274673265594
80,17,2.5531358284598764
80,18,1.831430073812634
80,19,4.725994124899487
80,20,2.940660783613228
80,21,1.9295339610293964
80,22,3.3983194499309053
80,23,5.8871749165096015
80,24,2.8539308327770065
80,25,7.6830855963202795
80,26,2.397569638040919
80,27,1.7121897316744863
80,28,2.673340097540711
80,29,2.17887435406932
80,30,1.8210417391769562
80,31,4.679108645221892
80,32,2.617097814307501
80,33,2.365234299572978
80,34,1.9242622800761942
80,35,2.3086311952187306
80,36,3.044018775394443
80,37,3.7443079799367633
80,38,1.8569871882938547
80,39,2.7795478644336953
80,40,4.3035824241776135
80,41,3.351116708642126
80,42,2.0708929737717563
80,43,2.3557004293885457
80,44,2.2648543506209204
80,45,2.428553673529348
80,46,6.298845499311417
80,47,3.653659992091729
80,48,1.5732539416346425
80,49,2.6466080406651527
80,50,2.923756907967815
80,51,2.7481892956022467
80,52,1.6507677942918415
80,53,3.814187247229912
80,54,5.577933299779664
80,55,2.910104168016862
80,56,1.8907872209904306
80,57,2.507809401985367
80,58,4.681226737251296
80,59,3.074750227518435
80,60,2.1063900201621646
80,61,2.534419533134028
80,62,3.635698939677706
80,63,1.959614360762191
80,64,4.0351694488017005
80,65,3.9548897048958533
80,66,2.323089183477762
80,67,4.122815758706066
80,68,2.4090850657215825
80,69,2.126509040795091
80,70,3.3721867115377084
80,71,2.13287343942022
80,72,3.9300799729795153
80,73,1.8689239141806762
80,74,3.3483624849200897
80,75,1.893375226550999
80,76,2.094157033749767
80,77,2.736415706234458
80,78,2.23759033887881
80,79,2.0679168705153157
80,80,1.7447907626868084
80,81,8.027367131186333
80,82,4.045745848383169
80,83,2.7348803334794405
80,84,1.985390063401218
80,85,3.9871312729395902
80,86,2.9049581090175294
80,87,3.016739772977734
80,88,2.963066839899034
80,89,1.728257903293976
80,90,2.2706455030790247
80,91,1.5148034158732266
80,92,2.085549298879461
80,93,1.6256320620832718
80,94,2.920855479148548
80,95,1.6591615120756364
80,96,3.7727296447004433
80,97,1.6395658366247021
80,98,1.7064807935554267
80,99,3.2550364231268367
80,100,1.715823751553693
80,101,2.6327889908404476
80,102,1.6813177564714064
80,103,1.810835749908213
80,104,1.8938863743208745
80,105,1.8153709408543919
80,106,2.730678205880208
80,107,4.01129666253958
80,108,4.4836105110595845
80,109,3.0258191530071996
80,110,1.8853673189816946
80,111,4.001023431947062
80,112,1.7801731516527934
80,113,2.867355660539175
80,114,1.7226257864323176
80,115,2.981172088126102
80,116,2.6200533230014784
80,117,2.242980109114092
80,118,4.324751956969942
80,119,1.6001657335983865
80,120,2.0809665542300797
80,121,2.5631517153972343
80,122,2.2465126329075185
80,123,2.8793684307457212
80,124,1.8981564964667437
80,125,1.6214493218238875
80,126,3.070712233510728
80,127,1.6799959141587237
80,128,3.6068200863169904
80,129,1.8412911617985888
80,130,4.915242664389863
80,131,3.884016177533264
80,132,2.2440762171736393
80,133,2.31739908346739
80,134,3.9806376439401796
80,135,2.282718662603776
80,136,2.353873718223919
80,137,1.5927509238057989
80,138,7.829281264057324
80,139,2.7398469536702423
80,140,1.6103348543766374
80,141,2.3215688144044924
80,142,4.488792206137329
80,143,2.062663461860691
80,144,5.546857823931687
80,145,1.846098852642608
80,146,1.988431385547939
80,147,5.088187010285024
80,148,4.707224577171856
80,149,1.6949686495049787
80,150,5.3216956636409645
80,151,2.5743301358142023
80,152,7.418385809811285
80,153,4.1859322049820715
80,154,3.1240215722339184
80,155,4.169402160039062
80,156,2.489194171068745
80,157,2.5947341486492026
80,158,2.748182899165883
80,159,2.2280443814820456
80,160,2.4865370878672697
80,161,2.549040471431329
80,162,1.7642188281530244
80,163,2.912900438741292
80,164,1.6223139265786335
80,165,3.519919175452367
80,166,2.1884395964423957
80,167,5.600831804011852
80,168,1.90362464791219
80,169,2.540761607545543
80,170,4.292625134578205
80,171,1.7754897624029917
80,172,4.966102234279253
80,173,2.0255117816445516
80,174,2.5155140586135833
80,175,2.277180028392549
80,176,2.2367175998747983
80,177,2.100163401355995
80,178,3.7539032943987367
80,179,8.980581258827161
80,180,8.501619269956302
80,181,4.651925237958522
80,182,1.9001958779367287
80,183,5.050836107650714
80,184,3.013358665181522
80,185,2.8665462110924937
80,186,2.6314579764460055
80,187,1.6485941633384622
80,188,2.574699198467658
80,189,3.0431489613707834
80,190,3.086023534040429
80,191,2.8238525108746773
80,192,3.7604037013245115
80,193,3.2046645516285928
80,194,1.7718720262350978
80,195,5.392364085161405
80,196,4.27058552885216
80,197,4.481991309532504
80,198,2.086163607228279
80,199,4.665668050705819
80,200,3.0643104328596973
80,201,2.4733751339906105
80,202,2.933351786632368
80,203,1.7081564162293799
80,204,2.733594925289773
80,205,2.77363366648651
80,206,3.4023903163510405
80,207,2.982125763671377
80,208,1.7290731484493227
80,209,1.6567223516336735
80,210,1.7418965620531932
80,211,1.658612820775003
80,212,1.6367637454819972
80,213,5.435280088153512
80,214,1.939251251983657
80,215,6.055734390738475
80,216,1.6906633743625523
80,217,4.605505858957059
80,218,1.8015104334737027
80,219,2.6164694487023943
80,220,2.996305866342003
80,221,5.656920648217473
80,222,6.383011578053837
80,223,4.310856704308043
80,224,7.651820059012674
80,225,2.4236641926432765
80,226,2.672086129877056
80,227,3.057638214339891
80,228,3.165866377737389
80,229,2.749119018995088
80,230,2.7852209208610983
80,231,3.7041502661981176
80,232,1.7850125297607657
80,233,2.320873612271889
80,234,1.7560732293887291
80,235,3.010888134420947
80,236,3.088032607815612
80,237,4.462917500149877
80,238,2.411666712689656
80,239,2.0424150123680236
80,240,2.6398539998063972
80,241,5.298445754288605
80,242,4.477384282846703
80,243,2.709215966756032
80,244,2.3208704771701916
80,245,5.034784584815918
80,246,1.6043482298324645
80,247,3.0964566062385566
80,248,3.3409258095105643
80,249,4.03448188058704
80,250,2.6614274699115503
80,251,1.6074573656102005
80,252,1.7321976847625156
80,253,1.9941130188203096
80,254,5.65522578540193
80,255,1.63409175594991
80,256,3.6757732293470458
80,257,2.6247657650744793
80,258,2.5233225343402093
80,259,1.924230228949623
80,260,1.8182914458497188
80,261,2.5894574126238386
80,262,3.937724219003375
80,263,2.125448569699215
80,264,4.420018197699444
80,265,4.0856005577639465
80,266,2.822827149108862
80,267,2.5476645533172935
80,268,2.947118980016136
80,269,4.895965089612097
80,270,1.9980811802283098
80,271,1.617052906565454
80,272,1.7129750592201778
80,273,2.9505027071030288
80,274,1.9352747027684705
80,275,3.411166508986984
80,276,2.753552991474447
80,277,4.482453502203276
80,278,4.514671738181765
80,279,5.065133657921929
80,280,3.7412823856260684
80,281,1.6390101156481998
80,282,5.053244693879264
80,283,2.7553123299151343
80,284,4.097695307120501
80,285,1.7536062989216117
80,286,6.691793239460429
80,287,1.9249909035805248
80,288,3.4811100659893364
80,289,6.014111996612791
80,290,4.243849698858975
80,291,7.262990216318851
80,292,4.47047947035404
80,293,2.0463469477899934
80,294,1.7865799564622462
80,295,1.802406925313941
80,296,1.6131218223807342
80,297,2.883255584396313
80,298,1.6652727259661608
80,299,2.491541743694188
80,300,1.793142737459399
80,301,2.49649239322398
80,302,5.362284262501966
80,303,1.589860050990604
80,304,1.8574457662663404
80,305,3.5530629601521952
80,306,1.923491123695268
80,307,4.018852716018614
80,308,2.5566303137723025
80,309,1.6308954871407713
80,310,5.221822646441809
80,311,3.5072780585474588
80,312,2.3169285594965703
80,313,2.8148263239928952
80,314,2.7535291011765826
80,315,2.2153241106754895
80,316,5.208482830303954
80,317,4.846886129649645
80,318,4.02408171001549
80,319,1.9300497424752843
80,320,2.131329538555872
80,321,3.563189884152324
80,322,3.659266986825819
80,323,2.463640853863912
80,324,2.0526081661545823
80,325,1.9502815006178058
80,326,2.840674051163057
80,327,2.2061762054709453
80,328,1.7308458771151514
80,329,2.107241578863597
80,330,2.0039669780307388
80,331,4.304269788479855
80,332,2.67836981411187
80,333,2.600877701907703
80,334,2.6920642974722333
80,335,1.6175883068303327
80,336,1.8059523021705173
80,337,4.330486653969931
80,338,4.926260037939513
80,339,2.433588920091509
80,340,3.0942013868485323
80,341,5.802430598839797
80,342,2.1974122518807486
80,343,1.9059567271096376
80,344,3.423248089522246
80,345,2.2662761561846176
80,346,1.9684125219860291
80,347,2.105607787027102
80,348,1.6126567104914178
80,349,2.4783668403518897
80,350,2.1133422493222978
80,351,4.228961861564207
80,352,2.0315179306363884
80,353,3.406859604360023
80,354,2.749628270852982
80,355,3.6204243321312863
80,356,1.9829372725762069
80,357,13.553264831006782
80,358,1.7747753489517764
80,359,3.711046064947897
80,360,5.128917235927141
80,361,1.9988940635715113
80,362,1.92179576442698
80,363,2.327861426652787
80,364,3.709301097360658
80,365,4.131527346554281
80,366,3.175972838767271
80,367,2.191360720415301
80,368,2.6822689662696217
80,369,1.9469805285233135
80,370,2.5220516769923367
80,371,2.9461154005746253
80,372,1.9672307431686487
80,373,3.818310945153133
80,374,3.7292224671908802
80,375,2.0574183493814977
80,376,2.2171253683543592
80,377,1.6338609834073201
80,378,1.7566157122617398
80,379,4.298345144283821
80,380,1.9612856878948641
80,381,2.221765848201563
80,382,2.3221878526327946
80,383,1.7882205848275334
80,384,2.6810961552649215
80,385,2.2879614432656483
80,386,1.5815622637786293
80,387,3.5263982315946487
80,388,2.318341407391467
80,389,1.7261870777131314
80,390,1.7922250217647209
80,391,3.963341739203564
80,392,2.1452982450033895
80,393,2.9819895331420807
80,394,2.2731846180081456
80,395,2.0725678061297432
80,396,7.926002318438263
80,397,1.566903364268445
80,398,1.7433699820849935
80,399,3.513372925168409
80,400,1.97967436361069
80,401,1.6473065315062139
80,402,2.6263657077130156
80,403,3.011368449599428
80,404,1.6750538176469831
80,405,8.060340656690157
80,406,2.203214676179655
80,407,2.0234017070362156
80,408,3.716048966475603
80,409,1.7578607295459383
80,410,2.3932414853257065
80,411,3.139649735561137
80,412,3.580195122963745
80,413,3.4819264735397697
80,414,6.843448201631138
80,415,1.6945078104468498
80,416,1.8341747340298842
80,417,2.5292201120097073
80,418,1.6554337701051371
80,419,5.83245759780973
80,420,1.9587450509972764
80,421,1.8376213082331947
80,422,1.5895102582184137
80,423,1.7400626183350554
80,424,1.9943900420859413
80,425,2.110406578073754
80,426,2.193518356322755
80,427,1.6725746685614604
80,428,4.079420575342376
80,429,1.9501249030178627
80,430,7.536306191075771
80,431,1.9434365934264561
80,432,1.603098501646576
80,433,2.0788938599285376
80,434,2.394590082569735
80,435,2.888880039874366
80,436,2.2275998512440314
80,437,2.5171877400393776
80,438,1.8544878525604405
80,439,3.5598857881391535
80,440,1.5283074270512667
80,441,2.6300962925126306
80,442,1.5384229779015404
80,443,2.1839699222786857
80,444,1.7589540170722988
80,445,1.9309083418319575
80,446,1.842346240256644
80,447,1.6763691391916264
80,448,1.8329037493463598
80,449,4.541189968162463
80,450,1.9246381902340257
80,451,2.0260459525851022
80,452,2.9493689936424214
80,453,2.252083905189395
80,454,7.000781846479563
80,455,2.407880448299124
80,456,2.7523669349807
80,457,2.3510884329435533
80,458,4.363974438014368
80,459,2.1565528340738664
80,460,3.349495841866054
80,461,1.9945639840792186
80,462,4.691374901547141
80,463,1.7454638548300017
80,464,1.9994834475435859
80,465,3.266782669101405
80,466,2.5630298014308757
80,467,2.35670499151779
80,468,2.0489816096720066
80,469,2.2193216607619513
80,470,3.3937077731405103
80,471,3.2969485849363838
80,472,2.6906844269203303
80,473,3.276270522853706
80,474,2.0236604736257973
80,475,5.285166961099467
80,476,1.8563555160951777
80,477,1.5038446857424845
80,478,2.1159758689304065
80,479,2.165042927431129
80,480,3.186246992529008
80,481,4.322787727088206
80,482,2.3707377536931165
80,483,3.40871922359709
80,484,1.849068787036836
80,485,5.217640757237382
80,486,3.1983076763093528
80,487,2.197981071565204
80,488,2.3355611184681515
80,489,1.823310100640073
80,490,2.122601159623691
80,491,2.001627513335518
80,492,1.6248009560551686
80,493,4.435388100071013
80,494,3.8802225591200052
80,495,2.3174581361261644
80,496,2.4214808085298305
80,497,2.349624326989092
80,498,2.302204667329719
80,499,2.7576910589509143
90,0,2.8493001598768366
90,1,2.5833848530419057
90,2,9.745204888280321
90,3,4.8651312166661675
90,4,1.8721251896359985
90,5,4.551394077270198
90,6,18.337046309373648
90,7,4.537449964038576
90,8,9.883433809850349
90,9,10.973097003438424
90,10,3.1395357373627375
90,11,3.6752633366116614
90,12,4.606605439162612
90,13,9.765184371055495
90,14,19.272823881416297
90,15,1.6503521102704812
90,16,7.80171801306394
90,17,2.514405421941621
90,18,3.868802563384254
90,19,4.458239664990694
90,20,7.455313570302377
90,21,2.7650083883464602
90,22,1.8005144226911598
90,23,5.960232517097172
90,24,2.337047854704281
90,25,3.488764158945887
90,26,8.33609189334979
90,27,5.207602863249937
90,28,4.225691932361716
90,29,2.0669838168262693
90,30,2.49129392785025
90,31,3.4841195969983416
90,32,10.972801552963665
90,33,1.7357815814753266
90,34,4.291157522468057
90,35,21.207671997578302
90,36,19.038339787892944
90,37,2.9695842158912242
90,38,2.3894103224589704
90,39,9.081742486996871
90,40,7.05346240551918
90,41,2.697890598390935
90,42,19.182760770860927
90,43,1.7704625042359794
90,44,5.3692133573660135
90,45,1.7771841314008803
90,46,6.687763584054904
90,47,27.118033575513582
90,48,2.5506307626875326
90,49,6.319336153140129
90,50,5.19247195011465
90,51,21.64638924651042
90,52,9.528092141615756
90,53,2.8789340767169267
90,54,4.253956741772618
90,55,5.381324328947882
90,56,18.366150106978804
90,57,1.8860222298712475
90,58,3.9844008329198415
90,59,7.605621044910099
90,60,2.008712971799842
90,61,4.458965248421475
90,62,2.9266270529446814
90,63,14.663635106122737
90,64,3.094726257597885
90,65,1.6955188120194589
90,66,9.677890280612305
90,67,9.075341099952247
90,68,12.987396295891525
90,69,1.9882066894426635
90,70,2.9985964183251963
90,71,2.613236469408939
90,72,4.640625741884325
90,73,8.480390863992081
90,74,5.801846337726423
90,75,6.669684922908014
90,76,13.153316621162796
90,77,3.95156407896943
90,78,7.875109650571902
90,79,11.325600449108924
90,80,11.40603581313293
90,81,21.361534269505555
90,82,1.7622053175090688
90,83,10.965820224970072
90,84,3.134575884355584
90,85,2.6127284969383617
90,86,13.296336041251275
90,87,14.820500235360319
90,88,12.399516260635963
90,89,10.28414701013023
90,90,2.4145798045724383
90,91,3.2390130421040397
90,92,10.074236770480155
90,93,3.603385844241002
90,94,3.1934128236243904
90,95,7.350317826909013
90,96,7.570145259559714
90,97,1.9829911764899373
90,98,26.344453940913365
90,99,3.362191560469118
90,100,10.67449120061404
90,101,3.9959380346209867
90,102,2.2082162098682754
90,103,2.387733064530677
90,104,9.406757397364673
90,105,2.292168117283543
90,106,5.631116166949824
90,107,4.104267472711322
90,108,7.026042254726653
90,109,1.742579606520639
90,110,5.914902743290071
90,111,6.332103352686171
90,112,3.5374805953034576
90,113,7.561193431364187
90,114,2.5483657234458423
90,115,2.2177129670373583
90,116,6.0951372212721715
90,117,3.3456489934373703
90,118,27.73141884853313
90,119,3.1248020017955724
90,120,3.125956219584383
90,121,6.8432793252152475
90,122,10.59681151662269
90,123,9.351948668583528
90,124,3.701840138647156
90,125,2.151921235025263
90,126,2.9952231673396326
90,127,24.07396868277332
90,128,32.95285243674907
90,129,2.2262832748187433
90,130,2.4399853629381494
90,131,1.9963937413075203
90,132,5.426413301597418
90,133,8.83286647200428
90,134,20.064254514631113
90,135,3.379908993844227
90,136,13.433897939625593
90,137,8.407696207250405
90,138,1.8822739513642774
90,139,1.5873530020246918
90,140,10.908467948708905
90,141,1.8074604719759113
90,142,2.941175716008325
90,143,6.125746113656966
90,144,1.9058402664688916
90,145,3.579540339922991
90,146,1.8136864791402332
90,147,2.0179055364659684
90,148,16.154375716240743
90,149,2.931895469098416
90,150,2.564853955972474
90,151,2.8904127203861516
90,152,8.24469722051607
90,153,11.541754196151835
90,154,1.605098184367192
90,155,10.665085957523138
90,156,3.154649561185741
90,157,2.5231938086312447
90,158,1.5578436385507675
90,159,5.752676514573274
90,160,1.7077258988715258
90,161,2.5193931657830944
90,162,2.3124406918307914
90,163,5.092650805319675
90,164,3.4060805721241674
90,165,7.123551502396567
90,166,4.797819420462162
90,167,15.992392281520141
90,168,8.688558519200619
90,169,3.6285738991861454
90,170,2.175593280354211
90,171,8.554643382485644
90,172,5.083878450792382
90,173,2.2901880468933067
90,174,3.792509609696622
90,175,1.7824764236526252
90,176,23.79760535470122
90,177,8.184458052331891
90,178,2.2457193842542713
90,179,5.250583487392116
90,180,4.497421402212995
90,181,2.3633656539671968
90,182,7.91360993385481
90,183,7.906428453140808
90,184,2.2130823584708192
90,185,9.85200684496762
90,186,1.9831713537509954
90,187,3.1552915604089753
90,188,7.792222204388467
90,189,4.0668510915779095
90,190,5.0135160314948175
90,191,6.388852739739921
90,192,6.910095200009624
90,193,15.599647693526018
90,194,3.1240998453186544
90,195,2.151455818754577
90,196,6.477709800421067
90,197,12.49653112902407
90,198,5.771339152510792
90,199,1.7529372576394648
90,200,5.163801552587191
90,201,6.279113818346911
90,202,7.581400707553556
90,203,3.6714606443690565
90,204,5.99871311071315
90,205,3.5475073756070863
90,206,2.2003693541858502
90,207,2.5761620996684362
90,208,7.905698344410417
90,209,3.8987365288989806
90,210,3.5390500084060488
90,211,4.0229742192961115
90,212,7.501573236401677
90,213,8.662520643551836
90,214,8.039184438645973
90,215,2.3171897266580075
90,216,4.449877921701902
90,217,22.692943775517794
90,218,19.323843434453302
90,219,2.187317925163894
90,220,12.217807521833095
90,221,7.103223170386731
90,222,2.3555472827716977
90,223,12.529480377366305
90,224,9.423548452150646
90,225,2.0912581085904156
90,226,4.5485442966206975
90,227,1.9677251848592807
90,228,8.851667472144193
90,229,9.368402987566398
90,230,4.642829318689307
90,231,2.979920687688881
90,232,4.255539607825611
90,233,2.908381831500179
90,234,2.0917587322390805
90,235,4.090430269913349
90,236,1.7715579658872393
90,237,9.805983971856001
90,238,5.26213496835547
90,239,2.248803407008685
90,240,4.068590203651106
90,241,13.875685039803866
90,242,8.715780330898392
90,243,7.009679071057166
90,244,3.941079272464206
90,245,2.690593818937601
90,246,16.28331349777173
90,247,19.703353696760008
90,248,9.585750847200652
90,249,9.294297154648204
90,250,7.875090240409815
90,251,15.009549865359165
90,252,2.614953096912411
90,253,2.8104067872480605
90,254,1.505164688615076
90,255,2.1891502677905823
90,256,2.1517558827577217
90,257,2.2507269910216423
90,258,8.823635564829637
90,259,3.2574097977151366
90,260,7.145382955759732
90,261,2.4252483431427927
90,262,2.712855650927617
90,263,2.3944310103247863
90,264,4.028386509234281
90,265,8.557756239479867
90,266,16.803498984883205
90,267,5.225097809442659
90,268,7.2239643619458125
90,269,6.599236341897888
90,270,5.721457145003421
90,271,1.773558264575118
90,272,1.5801579910663004
90,273,2.839059099712564
90,274,8.720401631783588
90,275,5.757172080875241
90,276,3.9239505206648535
90,277,13.088302145553033
90,278,2.48702520021788
90,279,2.8990880350080053
90,280,6.599548443325368
90,281,19.041365798972954
90,282,10.095315243674266
90,283,2.5633108487684577
90,284,3.0052996470576985
90,285,4.698203513806328
90,286,5.372809443558065
90,287,2.884303267475155
90,288,10.64869347498782
90,289,1.6260195444369085
90,290,3.0732579346977196
90,291,1.7587510463283302
90,292,4.003597850458803
90,293,7.132730380087803
90,294,2.438807692315231
90,295,12.543188741168713
90,296,9.637411483217488
90,297,3.5476080602647446
90,298,3.5202674350787833
90,299,17.889684379737226
90,300,5.3854650600940595
90,301,2.4289473641428416
90,302,1.628458721226982
90,303,3.337564635693124
90,304,2.2709096675156997
90,305,15.87422927634681
90,306,9.431422946139293
90,307,18.098781326264277
90,308,2.633862677923953
90,309,6.227347030079408
90,310,6.939241255299633
90,311,3.970628247474163
90,312,8.450276965639933
90,313,1.6681453400544224
90,314,9.59543112986272
90,315,3.416895970906642
90,316,14.982459165459673
90,317,5.431448142881772
90,318,16.302322676384076
90,319,10.775074032853874
90,320,8.697428078451198
90,321,2.545132336883424
90,322,16.49631059132541
90,323,2.05131288748613
90,324,2.563747439401978
90,325,20.514177463477747
90,326,5.067026782638129
90,327,7.2151397830639326
90,328,1.9216080096312464
90,329,3.3333126850069084
90,330,1.8820511707641385
90,331,3.40662863308318
90,332,8.3676486897164
90,333,7.419675438812901
90,334,1.9277366362350556
90,335,7.775306569640467
90,336,2.204606319307953
90,337,6.440770570893392
90,338,6.822640583749927
90,339,3.8705699926099033
90,340,22.15806045795278
90,341,7.431667391088016
90,342,9.767443149533642
90,343,2.223525567208645
90,344,3.0131513658416598
90,345,1.552567573161674
90,346,3.8740063777663
90,347,2.2482096180938838
90,348,11.193200030004668
90,349,1.856119665429156
90,350,3.4030671067405263
90,351,4.329838504553189
90,352,7.037086429343737
90,353,1.820865703585792
90,354,4.279425609286647
90,355,4.260614247195856
90,356,5.256212881609202
90,357,4.832114311868029
90,358,5.881029752480124
90,359,18.48435756411995
90,360,4.277782947405377
90,361,17.192878971326618
90,362,8.125486906728222
90,363,3.829300083614256
90,364,2.6618388916298175
90,365,2.624767716947967
90,366,1.6949821024745462
90,367,4.459880463298306
90,368,7.0222507758043395
90,369,1.7612662433850474
90,370,4.744534376397309
90,371,5.033193274584035
90,372,6.131439824153765
90,373,1.918441299076983
90,374,29.85932274936783
90,375,1.652303077217571
90,376,1.7106952624259206
90,377,3.527402515364136
90,378,2.4351522820925124
90,379,5.797364841867404
90,380,11.248313482548987
90,381,19.70815419244935
90,382,10.40871379864305
90,383,17.458897291614683
90,384,12.521859463420434
90,385,4.0117346833464556
90,386,5.18726344110137
90,387,2.2507649001553256
90,388,9.972843901222932
90,389,6.916807290388849
90,390,5.330902106576864
90,391,2.1750165407949713
90,392,2.516538790149013
90,393,8.984802846846724
90,394,3.6136903177066855
90,395,3.4049545298758206
90,396,9.645433444096527
90,397,2.8096738680076023
90,398,1.978278235711567
90,399,3.368987799779524
90,400,6.572828409306956
90,401,7.323375287971681
90,402,4.140749658096041
90,403,2.213620134192429
90,404,15.10428805126786
90,405,4.236650604184126
90,406,2.449837210537381
90,407,1.951125209713986
90,408,1.8234557790940302
90,409,18.193440152641195
90,410,1.9473190125696278
90,411,4.095997039125329
90,412,2.8580995741711437
90,413,3.979002860428312
90,414,4.770685475659102
90,415,11.542536003535261
90,416,4.825938855082237
90,417,8.888864613312398
90,418,9.16938370877923
90,419,1.8180867618579655
90,420,13.81519712005576
90,421,3.455579444515787
90,422,15.97934532832072
90,423,4.2786157008154335
90,424,4.6482843053358875
90,425,1.7754374848311691
90,426,2.6800146959965554
90,427,14.24721958405048
90,428,5.681550126242999
90,429,4.358812423135281
90,430,1.6087501012434242
90,431,4.635252828219792
90,432,5.822998466026048
90,433,2.6222451361342696
90,434,5.795280560314292
90,435,5.198990159500122
90,436,2.2271395463604944
90,437,5.169946067544225
90,438,5.422948818223762
90,439,6.77367115960118
90,440,2.317759605182657
90,441,7.111945590947078
90,442,4.457144797015935
90,443,13.423249210467443
90,444,1.952679001600322
90,445,13.280034744582235
90,446,3.163566628513502
90,447,6.44219584719074
90,448,9.238057111102874
90,449,5.24873439557598
90,450,3.1834363821591656
90,451,24.162317991270122
90,452,17.206369758425208
90,453,4.448484232991496
90,454,11.69225747498695
90,455,4.646058589220504
90,456,5.665938840930199
90,457,3.301974011325799
90,458,8.343401728010225
90,459,4.035658736291664
90,460,2.9008259480915437
90,461,8.400932357834083
90,462,1.8685949598942702
90,463,3.3008224612827366
90,464,6.754179317584201
90,465,12.469916835264092
90,466,17.2223789990943
90,467,4.063682391108552
90,468,2.206280281542968
90,469,4.508280110984605
90,470,2.372155768027135
90,471,10.359828161615997
90,472,3.4521289588883213
90,473,10.506800401677992
90,474,3.9427415828178543
90,475,2.7016652874603695
90,476,1.6254949772174423
90,477,7.534873432135501
90,478,1.8181676705952163
90,479,4.987001381464777
90,480,1.7028526238889663
90,481,4.681283777464825
90,482,4.242365471814999
90,483,4.892198077326391
90,484,1.5284705478094127
90,485,6.660379570269202
90,486,24.040639334622654
90,487,2.0797562224695056
90,488,2.0868612806049383
90,489,14.886748563267613
90,490,9.028745542469188
90,491,3.1910365957204165
90,492,3.449505612021401
90,493,2.9387245595468943
90,494,9.138482470819339
90,495,5.797482984024962
90,496,10.904015458556552
90,497,2.301596109610188
90,498,23.173581408318416
90,499,2.919623755411087
100,0,3.9409847719873845
100,1,14.353810460774826
100,2,6.919858020909333
100,3,3.616698110966787
100,4,4.207145412624509
100,5,3.464594642265758
100,6,3.557914582815573
100,7,4.282193724549025
100,8,9.16954538037184
100,9,5.94074120712038
100,10,10.31065634685705
100,11,4.1241092175835865
100,12,4.09463113745474
100,13,6.103017341588995
100,14,2.1469925369298033
100,15,13.98558057476502
100,16,1.912118149075386
100,17,4.627451307677156
100,18,4.878215002913162
100,19,1.9711849452156889
100,20,5.14285668139829
100,21,2.1532496410673247
100,22,15.046738599557031
100,23,7.65022578442352
100,24,4.3303351749392505
100,25,3.142117505990299
100,26,6.828629896709348
100,27,6.534979084378386
100,28,1.6606880027146258
100,29,1.7964373277712873
100,30,2.1663094442781365
100,31,2.5456792518894753
100,32,24.16237896651036
100,33,10.599593348550634
100,34,2.9830467672186285
100,35,9.05881121448399
100,36,4.647722622221927
100,37,3.6211866071869463
100,38,6.853902361012151
100,39,2.5470914460479217
100,40,5.597138465413322
100,41,14.435040757879673
100,42,5.694137892328929
100,43,2.032998538168747
100,44,3.2903120235588506
100,45,12.810859597783038
100,46,1.7848528230010345
100,47,4.560232821925337
100,48,4.655736228127123
100,49,5.738017633308773
100,50,11.538418553542458
100,51,5.909020765159626
100,52,1.810165259400733
100,53,8.23961620407755
100,54,5.998185263939692
100,55,15.591717704992108
100,56,6.327653118283077
100,57,4.96206028644502
100,58,1.8564091625300707
100,59,4.941174424910898
100,60,14.549151143023533
100,61,3.754905744008357
100,62,2.2264470514856702
100,63,2.256363313965874
100,64,8.270073415239008
100,65,2.228574403568633
100,66,4.95407510690542
100,67,4.055194854703567
100,68,1.8389567581166009
100,69,11.49239128328021
100,70,7.854936029928886
100,71,13.831432230569744
100,72,20.254460667263974
100,73,8.428275332482402
100,74,2.187766281384545
100,75,3.9829893471979814
100,76,11.086372370881822
100,77,11.299881868810656
100,78,7.04863793711711
100,79,8.10201825810736
100,80,2.0485217811551575
100,81,21.572879733513023
100,82,14.571698387646286
100,83,7.575743071743698
100,84,3.2319397330071706
100,85,3.3325121646214995
100,86,2.156875582883802
100,87,4.17652998440896
100,88,2.0972673954625902
100,89,7.646890927205722
100,90,2.566160826238604
100,91,4.251369601364076
100,92,3.0902083323614233
100,93,9.98335845273176
100,94,1.7227004018032777
100,95,8.144397025812705
100,96,4.505092879739791
100,97,3.309931434293631
100,98,2.284578627176273
100,99,13.83326742746357
100,100,12.02538482204495
100,101,3.5256514182667473
100,102,4.260583002848137
100,103,7.110732413791881
100,104,6.9790329006201475
100,105,4.338363341101349
100,106,2.334029030854691
100,107,8.882046043204209
100,108,3.586401485496409
100,109,2.344750354420723
100,110,1.7858129532622506
100,111,3.456407482829752
100,112,1.6128771130186397
100,113,1.7831450939084275
100,114,3.807939564520523
100,115,6.5719692119869615
100,116,6.935128370641104
100,117,3.1343865014578784
100,118,8.847847647479462
100,119,12.403860149092324
100,120,10.65005371940507
100,121,2.582836620997455
100,122,11.474927163953744
100,123,2.2855122716078307
100,124,10.43062520717181
100,125,8.016145521825665
100,126,2.4368549498576613
100,127,6.85402334313649
100,128,3.03731807939458
100,129,4.5334498373977326
100,130,9.81583192173739
100,131,3.4853809963392144
100,132,7.344311649485563
100,133,8.662776730107298
100,134,6.512158557992348
100,135,4.230255872644335
100,136,2.5197094676328917
100,137,7.879307732395247
100,138,4.825949573406654
100,139,7.098775807005758
100,140,4.952186963441181
100,141,4.390646799471859
100,142,2.948130210644942
100,143,23.281135004862154
100,144,6.794166010928208
100,145,1.7050882379549699
100,146,2.311895217326177
100,147,2.2993711955486167
100,148,4.318440958850628
100,149,1.9363227231762214
100,150,3.6121188969578957
100,151,8.865285034942469
100,152,2.7113285696306906
100,153,2.79661499311487
100,154,4.376952897675701
100,155,5.3770682607365705
100,156,2.3783216588397496
100,157,7.1084649564808995
100,158,26.889766173141034
100,159,6.171839166028581
100,160,16.943823498481652
100,161,6.653990030271973
100,162,6.5839023630606155
100,163,6.0970329070937295
100,164,6.149764337589495
100,165,1.8719318326661178
100,166,3.513098890804613
100,167,1.8763047143147735
100,168,3.1235399977903766
100,169,1.6287157754399668
100,170,5.069017411375546
100,171,2.2959616065506196
100,172,19.51194401533282
100,173,3.0514378765998074
100,174,3.0217296889651495
100,175,11.625847378107643
100,176,5.182330114685496
100,177,2.302561511616121
100,178,2.794446720873842
100,179,2.9273749367006263
100,180,4.630463864038894
100,181,9.058533803915282
100,182,3.6329774445852334
100,183,4.615274883950347
100,184,11.103236163427411
100,185,7.692172337324239
100,186,18.61896455352571
100,187,10.150851246304358
100,188,3.7173272159309025
100,189,1.8826602595728656
100,190,7.540415127698197
100,191,5.25221206675176
100,192,6.065608560613599
100,193,10.254037036384267
100,194,3.711532508550566
100,195,10.854033764988795
100,196,7.084030924675896
100,197,7.66629507298852
100,198,16.612165024748087
100,199,7.052720710798883
100,200,8.811195414276055
100,201,7.847696832350083
100,202,4.945650645024933
100,203,12.031524084611862
100,204,12.77113732212617
100,205,8.83717951457497
100,206,2.8546191486013233
100,207,4.137897793394251
100,208,6.118792322481608
100,209,3.6031439233625524
100,210,3.576231940804364
100,211,9.263241368303948
100,212,4.031986824832335
100,213,3.0964460927377555
100,214,12.46999806595257
100,215,1.8477505532615606
100,216,1.6959197341033627
100,217,3.9933827465002647
100,218,3.203139861321583
100,219,9.187428626759969
100,220,14.480157172873188
100,221,4.898201563558754
100,222,17.202006946288748
100,223,8.571229307461868
100,224,4.416850649511134
100,225,3.218558947047127
100,226,4.818144068869615
100,227,6.545981864382149
100,228,4.088585383687174
100,229,14.875938486158082
100,230,3.2898114849956204
100,231,3.026578558436162
100,232,7.029052523632529
100,233,3.5868193933966293
100,234,1.7111217775873293
100,235,11.3334254631993
100,236,5.666497862304355
100,237,6.070500242498494
100,238,8.816992191995116
100,239,6.800743498621907
100,240,2.8137778353200873
100,241,7.245342706454845
100,242,9.579517713584066
100,243,1.9691713798970525
100,244,9.228803346927426
100,245,2.278727870495116
100,246,2.9531169953429885
100,247,20.639698732952443
100,248,2.0897504759441348
100,249,7.481574631503275
100,250,20.319790647377054
100,251,2.0534539838269312
100,252,5.948852293957424
100,253,3.587755137323838
100,254,14.864358473265623
100,255,4.9092317945180355
100,256,4.089461618159763
100,257,3.1334838804309615
100,258,2.4493667053797803
100,259,2.5807792144463404
100,260,5.109903877444472
100,261,7.830633367284462
100,262,4.5504198150757755
100,263,3.024619068777203
100,264,15.009874997178777
100,265,12.185276891474594
100,266,2.9387879077795565
100,267,3.9713345613363837
100,268,2.6604224146638162
100,269,5.544648359086157
100,270,3.7914011275931667
100,271,11.471781419593649
100,272,5.629305473795836
100,273,6.516375668363599
100,274,2.0413325009722594
100,275,2.304881002488551
100,276,12.008540095100697
100,277,5.007385076110879
100,278,1.6918654077778943
100,279,2.7986506645051135
100,280,14.689282317809505
100,281,2.4264900112458143
100,282,2.421304975989434
100,283,19.226583824586783
100,284,2.5626348737427467
100,285,5.097167519691315
100,286,7.95966279115514
100,287,2.9735556095495332
100,288,3.600709649050073
100,289,2.6449437824354094
100,290,6.59891750665284
100,291,3.2881183904221927
100,292,6.347277599395797
100,293,6.187686770377576
100,294,5.88803197286903
100,295,7.220678940401702
100,296,5.786861913118611
100,297,3.120888752517718
100,298,2.4994903133384367
100,299,4.492835005318335
100,300,2.9233767770850365
100,301,4.111291502975857
100,302,5.728145645589297
100,303,5.487736823115694
100,304,8.533119534614082
100,305,2.7227908716911893
100,306,12.062089089937858
100,307,6.680022063366133
100,308,3.255506168355031
100,309,5.079143356575704
100,310,1.6204520156859619
100,311,2.7415543754400677
100,312,8.012937212639477
100,313,4.383825541791138
100,314,8.367572019184509
100,315,2.065383204790738
100,316,6.516791370270565
100,317,3.4634335573055255
100,318,1.9221677905978238
100,319,5.412075897099726
100,320,6.90198892361127
100,321,5.216167194430955
100,322,11.260676019591248
100,323,5.51441290233037
100,324,4.999907968652374
100,325,5.503958964327546
100,326,1.6360616159569672
100,327,2.97193238286829
100,328,19.631963966659544
100,329,9.251031774624341
100,330,5.285696877510204
100,331,2.669949484605594
100,332,4.282506551492237
100,333,5.116605381935313
100,334,10.145890307292229
100,335,2.727672939051053
100,336,7.942223400865722
100,337,7.00603055996773
100,338,4.1293291906816885
100,339,3.058228430963479
100,340,2.388164322315685
100,341,14.530547362885075
100,342,3.557812568769487
100,343,7.3223764289387505
100,344,5.6905629357883845
100,345,1.5815410654848667
100,346,10.4728740264376
100,347,1.871475222016888
100,348,10.077954929251774
100,349,3.724736020068621
100,350,10.412640593116206
100,351,15.303334087750509
100,352,2.1274387811981934
100,353,11.638287262949326
100,354,2.7136647762162744
100,355,10.074550890032192
100,356,5.906782634057127
100,357,5.422533086104838
100,358,6.490693358705042
100,359,7.368393871838455
100,360,6.3714650139507745
100,361,5.407308470045085
100,362,5.73884561673997
100,363,6.5200507764974835
100,364,2.014987159381902
100,365,2.3858651842270895
100,366,1.683706972419856
100,367,1.8272819756150893
100,368,12.44678812882974
100,369,6.706526233892541
100,370,3.259785894918209
100,371,15.64607553186497
100,372,7.081381286585972
100,373,12.363124096496993
100,374,11.407883997598926
100,375,4.831548110705811
100,376,9.043582764976948
100,377,4.815041601008469
100,378,2.76317406202936
100,379,2.49098238666335
100,380,2.4645867924859703
100,381,16.171134550370326
100,382,4.003309936121215
100,383,1.5784976860997155
100,384,8.916966126327523
100,385,3.5855529819132137
100,386,2.370118065575924
100,387,2.151683458796458
100,388,7.88288270985563
100,389,4.881734418032174
100,390,9.28473120998348
100,391,2.84432861842811
100,392,6.871786861390448
100,393,4.27537145588141
100,394,1.6199719323084487
100,395,7.814919387465417
100,396,4.314749861069503
100,397,5.375641645531225
100,398,2.2689494157680383
100,399,1.9022229596640032
100,400,20.04361790675878
100,401,3.773764151124023
100,402,7.243364595802247
100,403,1.8724098868825194
100,404,2.9931507912018374
100,405,15.812601028411201
100,406,16.452975678318854
100,407,9.41608634694242
100,408,7.330590117204583
100,409,3.078620521356461
100,410,5.896110445375176
100,411,1.7956824367162836
100,412,8.302292043953406
100,413,4.119810436871811
100,414,9.33745729309829
100,415,2.511619388437268
100,416,3.5428047704529653
100,417,3.29416079938424
100,418,10.824948496713569
100,419,7.1650097904085985
100,420,14.287034872890013
100,421,12.200465144007516
100,422,2.535259314268107
100,423,7.496115930588942
100,424,14.83067161488689
100,425,39.62013983355779
100,426,2.373482100999415
100,427,6.4601503591528004
100,428,1.8917483253326195
100,429,2.914085322204526
100,430,5.74871660397719
100,431,2.103291749221642
100,432,6.488187099938563
100,433,3.4884614428797858
100,434,9.3641158045611
100,435,5.278530952086532
100,436,9.458878837684106
100,437,4.548919011737298
100,438,6.2180801353702435
100,439,5.7021504644788354
100,440,8.157371268982759
100,441,11.202636058974564
100,442,4.0920861988847275
100,443,5.7582950981098
100,444,1.6480696273774755
100,445,4.084318662254376
100,446,6.523531295562302
100,447,4.566835606034794
100,448,4.948047703676416
100,449,5.64687550588683
100,450,2.226421508526485
100,451,2.855904241639018
100,452,1.7019214660144382
100,453,4.59756407912202
100,454,10.534438505461956
100,455,5.270038065067952
100,456,9.757315625666404
100,457,7.847035794928286
100,458,3.5199063920389486
100,459,6.223402032048301
100,460,4.454267931970777
100,461,10.467420634505308
100,462,7.442857495233615
100,463,6.835909754678749
100,464,3.3311712500840764
100,465,7.333500707599312
100,466,6.302015305516089
100,467,3.776717872539514
100,468,16.6950859639593
100,469,1.8899480115334768
100,470,8.811539762190312
100,471,2.5567985982829753
100,472,10.535339159872956
100,473,3.015622046866333
100,474,5.626895588977812
100,475,12.61480604358078
100,476,2.4295483886307525
100,477,3.435489223433654
100,478,6.482396765289542
100,479,3.7168668529910844
100,480,3.4304842704484617
100,481,2.9780969778487334
100,482,2.685120986284429
100,483,2.767865231515361
100,484,6.028194062648864
100,485,6.1287190594135375
100,486,4.358044869328733
100,487,7.096939229429541
100,488,1.5321622666862815
100,489,3.447841011820782
100,490,2.3379625568317848
100,491,4.279721991847942
100,492,7.751134788669798
100,493,12.119019116645168
100,494,3.152724973704354
100,495,13.325792755215486
100,496,10.257526159698534
100,497,5.390350167755259
100,498,7.123386830935841
100,499,6.257724865354253
