swarm_size,trial,handshake_latency_ms
10,0,2.7634515992076296
10,1,2.8214156880085204
10,2,2.751705284406496
10,3,2.7496454371761523
10,4,2.8157109369641713
10,5,2.6974498559180886
10,6,2.8389778984837015
10,7,2.8441035093054854
10,8,2.7489795218485047
10,9,2.7067545136837636
10,10,2.6770923999413023
10,11,2.7048596142334587
10,12,2.819010910210035
10,13,2.859031549131718
10,14,2.599836464354696
10,15,2.6594697419052515
10,16,2.7403624507060638
10,17,2.6930755523830756
10,18,2.8390137148799677
10,19,2.766957268190403
10,20,2.597929437459528
10,21,2.729825804672618
10,22,2.747803267263771
10,23,2.7489266789559954
10,24,2.378089872935423
10,25,2.7624530162308583
10,26,2.800512186872497
10,27,2.6531738933893894
10,28,2.6919839076466534
10,29,2.651548827090331
10,30,2.7479300211206095
10,31,2.6842527434432593
10,32,2.6905262217566124
10,33,2.7323596860726718
10,34,2.6814287893079265
10,35,2.7697943728875445
10,36,2.745331563958329
10,37,2.8193550836745356
10,38,2.6994510124500883
10,39,2.769342459627377
10,40,2.693374820733965
10,41,2.74864657330927
10,42,2.6948810516258064
10,43,2.746385085632989
10,44,2.838406954477734
10,45,2.827755872996346
10,46,2.7123427289906177
10,47,2.787075879648098
10,48,2.677724065285475
10,49,2.6669399135711394
10,50,2.7156772193327985
10,51,2.8063736175741183
10,52,2.6603272370953444
10,53,2.6827834250465967
10,54,2.7402157922804284
10,55,2.5974835631892295
10,56,2.771015946700941
10,57,2.830148421959461
10,58,2.711903006848743
10,59,2.7790447017225004
10,60,2.7440766728528616
10,61,2.7949877449046947
10,62,2.736155984967054
10,63,2.7987014100526544
10,64,2.807745831462506
10,65,2.8168690691082148
10,66,2.5750806219817166
10,67,2.8365214850212404
10,68,2.760325474065626
10,69,2.7196657890921028
10,70,2.5905335727425007
10,71,2.7660775035457594
10,72,2.7594066446734082
10,73,2.8499074241270868
10,74,2.6463353886152974
10,75,2.6531809929546712
10,76,2.9010948345885086
10,77,2.6551789482688584
10,78,2.8687718744377255
10,79,2.662028119268829
10,80,2.7289448192267645
10,81,2.8159596442653747
10,82,2.7019746117114445
10,83,2.6729044176767425
10,84,2.7298632940664467
10,85,2.879898806551652
10,86,2.8325930911960575
10,87,2.7556986141246087
10,88,2.666661409512946
10,89,2.8232055098782096
10,90,2.840240607315291
10,91,2.7581540011290246
10,92,2.844210129900318
10,93,2.7965826204530404
10,94,2.8033978389505303
10,95,2.827068602037981
10,96,2.6724056910411944
10,97,2.76119273318606
10,98,2.762254610200544
10,99,2.6280883637073034
10,100,2.694096835457788
10,101,2.7148932991709662
10,102,2.883224725615458
10,103,2.73632373661977
10,104,2.7372311077390052
10,105,2.939287063052768
10,106,2.7096818114909107
10,107,2.74510925592884
10,108,2.7661774450989816
10,109,2.7562647386809025
10,110,2.6839709210491582
10,111,2.769091623812255
10,112,2.662067132379802
10,113,2.767874794262063
10,114,2.5611023351544406
10,115,2.710343699790044
10,116,2.7768315856429506
10,117,2.704434820639016
10,118,2.7233775132065525
10,119,2.7121284271794015
10,120,2.8735190990606516
10,121,2.785127072750381
10,122,2.7082094886888735
10,123,2.648347924066768
10,124,2.6882513832771293
10,125,2.722836818574542
10,126,2.6699013634437425
10,127,2.771297183747877
10,128,2.734928517849263
10,129,2.868463886428825
10,130,2.672250374179216
10,131,2.72610988978424
10,132,2.7704507063219705
10,133,2.7024812205170603
10,134,2.781857748371612
10,135,2.7140776559221385
10,136,2.7853096489350913
10,137,2.740945834879323
10,138,2.6804354284647247
10,139,2.8251642406282613
10,140,2.745526722941587
10,141,2.6620872464650955
10,142,2.7443259312321926
10,143,2.751875920724161
10,144,2.8141421456966325
10,145,2.695254421836391
10,146,2.730584583968128
10,147,2.674042612253952
10,148,2.668528247849029
10,149,2.689084170907586
10,150,2.7878912212185454
10,151,2.5947312960971005
10,152,2.6431300441532204
10,153,2.675996890270389
10,154,2.7801535963785544
10,155,2.7966417916990007
10,156,2.7152791623428256
10,157,2.771128461256047
10,158,2.848924690036623
10,159,2.7554615496280577
10,160,2.669584405297528
10,161,2.773983508528719
10,162,2.717972833464265
10,163,2.6119041377363983
10,164,2.838290919752939
10,165,2.7121635802271955
10,166,2.641430318045258
10,167,2.7647864066835215
10,168,2.682304009281136
10,169,2.6979419224091696
10,170,2.7327879053608815
10,171,2.7666676244338837
10,172,2.683478445298628
10,173,2.7269166091840717
10,174,2.8895965975576154
10,175,2.8724885046517437
10,176,2.5895856801225823
10,177,2.679060444071978
10,178,2.646435338511877
10,179,2.6469488199026783
10,180,2.6419461196364864
10,181,2.744655482257526
10,182,2.7640169342808756
10,183,2.5577826793054523
10,184,2.7577390591004693
10,185,2.6912157689526217
10,186,2.8137079591961287
10,187,2.5440475549174497
10,188,2.7711605013375737
10,189,2.6690359766793152
10,190,2.819475590455628
10,191,2.682870555517889
10,192,2.6022433530903184
10,193,2.570060273686553
10,194,2.7612802943080874
10,195,2.860791442833166
10,196,2.792138398879296
10,197,2.719662642598002
10,198,2.6983758147110084
10,199,2.727700376362197
10,200,2.7918005483835913
10,201,2.875726292555801
10,202,2.959119292490363
10,203,2.8177878987608755
10,204,2.7491011156580347
10,205,2.7637451884216553
10,206,2.866210860410927
10,207,2.648095050406285
10,208,2.709911849823434
10,209,2.661806110895255
10,210,2.6850887544529805
10,211,2.5066924763642016
10,212,2.881294592187168
10,213,2.6995651505480467
10,214,2.683962110803437
10,215,2.695710531681669
10,216,2.7517939141350016
10,217,2.6985368768979976
10,218,2.8402750160843735
10,219,2.725240401691878
10,220,2.7817896225980268
10,221,2.8163003848912322
10,222,2.8532639233438273
10,223,2.62489425604609
10,224,2.7407672633968256
10,225,2.7041516844707374
10,226,2.652391799705599
10,227,2.7799929666151324
10,228,2.6968652387803673
10,229,2.727643516423982
10,230,2.7328935088163635
10,231,2.6246361754551457
10,232,2.852283778931384
10,233,2.803039174299871
10,234,2.613571797460723
10,235,2.6825838994519438
10,236,2.775630455808071
10,237,2.6608035305414943
10,238,2.7451552496284553
10,239,2.75127933760746
10,240,2.8585816823621717
10,241,2.650631386873101
10,242,2.6306031499525933
10,243,2.654211299925801
10,244,2.601486875901253
10,245,2.65663157526706
10,246,2.7330472727835105
10,247,2.8018676326665957
10,248,2.669217485967414
10,249,2.849363249573945
10,250,2.7368253273020766
10,251,2.6841666792998384
10,252,2.7764170377719664
10,253,2.671056681366608
10,254,2.5935330511183823
10,255,2.7672707016765714
10,256,2.6200000289983056
10,257,2.711649910058238
10,258,2.828289859382458
10,259,2.700351240814691
10,260,2.7689988581646245
10,261,2.8414060492784925
10,262,2.7298880782498154
10,263,2.719618346963609
10,264,2.8573332052186533
10,265,2.698801677419835
10,266,2.7639784614994998
10,267,2.850467466180261
10,268,2.6143306190794946
10,269,2.6891002804532547
10,270,2.7470308608909777
10,271,2.6949149519952855
10,272,2.7974329662857
10,273,2.852029513044539
10,274,2.813651778748787
10,275,2.699917210534867
10,276,2.8137921360770832
10,277,2.735991915806804
10,278,2.6193979944384225
10,279,2.737817209696456
10,280,2.619556689123633
10,281,2.8848460231035804
10,282,2.8435800141659975
10,283,2.7084472000941817
10,284,2.66568894336812
10,285,2.7153473462799687
10,286,2.7008702529463133
10,287,2.7114220631271637
10,288,2.8159158792957806
10,289,2.7713153704273443
10,290,2.693181358537271
10,291,2.6144411450194283
10,292,2.8502195119495606
10,293,2.738386771321489
10,294,2.6765848127199687
10,295,2.615690614083218
10,296,2.6906832609584654
10,297,2.7948605895810705
10,298,2.783919605793091
10,299,2.6864026389884055
10,300,2.6514163953786474
10,301,2.7025988296627044
10,302,2.78048950828344
10,303,2.937333163718827
10,304,2.6614501095267022
10,305,2.7419172907362186
10,306,2.709088585725993
10,307,2.67278516509034
10,308,2.7404581320508967
10,309,2.76879758216636
10,310,2.8052539431271604
10,311,2.713051751270902
10,312,2.6995676959470885
10,313,2.730503927513323
10,314,2.8187789656719064
10,315,3.003232117974002
10,316,2.72851517700813
10,317,2.8633884990352807
10,318,2.6953691924609466
10,319,2.7824955407373797
10,320,2.858681631053947
10,321,2.732639590550347
10,322,2.7495544642567458
10,323,2.692438022678746
10,324,2.713174450219845
10,325,2.6259830241068007
10,326,2.8025116258594345
10,327,2.6870870023007463
10,328,2.786195551575034
10,329,2.656528332708561
10,330,2.7181097324465666
10,331,2.696816634867722
10,332,2.7206359416283474
10,333,2.7047910657254763
10,334,2.900894813822153
10,335,2.692956730721208
10,336,2.613893925614044
10,337,2.7999482481218236
10,338,2.59036663032847
10,339,2.6339249563675855
10,340,2.798257859981882
10,341,2.835608338807849
10,342,2.808797055133192
10,343,2.6968512462389196
10,344,2.688823100476331
10,345,2.818204531865457
10,346,2.712693675529647
10,347,2.7179176004149745
10,348,2.784749701802768
10,349,2.7771021880619164
10,350,2.688407778412815
10,351,2.7173452833631715
10,352,2.772598847944525
10,353,2.5858389703815297
10,354,2.8238677345341077
10,355,2.947008534399253
10,356,2.6235097669839513
10,357,2.825515212050208
10,358,2.894398587438415
10,359,2.7235028046828376
10,360,2.6361910264073227
10,361,2.62136737446352
10,362,2.6035614042196227
10,363,2.6854212313352996
10,364,2.8723249656683834
10,365,2.7410221379285176
10,366,2.6903788308286454
10,367,2.803263685567809
10,368,2.7553853199440397
10,369,2.682190787148991
10,370,2.6833393876004004
10,371,2.7421189313988332
10,372,2.6370671195955686
10,373,2.6518084467836815
10,374,2.7268490317819927
10,375,2.73662939621271
10,376,2.8170921590322844
10,377,2.7038039865705725
10,378,2.7838561087079228
10,379,2.857369894395105
10,380,2.673400374344575
10,381,2.825013207964815
10,382,2.602776156778148
10,383,2.782316190917941
10,384,2.750084862952155
10,385,2.7008160001265407
10,386,2.580838953126492
10,387,2.774187020778692
10,388,2.7934671470570827
10,389,2.607174527137845
10,390,2.9543382732554586
10,391,2.7792250676753345
10,392,2.613677032127741
10,393,2.6880029139905193
10,394,2.758106626516483
10,395,2.6459032716349755
10,396,2.7511895202985706
10,397,2.611834951232302
10,398,2.83526623768036
10,399,2.7456384289514717
10,400,2.7536393853427654
10,401,2.8577699009795907
10,402,2.851904818136074
10,403,2.709444021444737
10,404,2.733794279575595
10,405,2.6641001786943854
10,406,2.7179302655097906
10,407,2.700756497575539
10,408,2.7486085469031987
10,409,2.777643349683649
10,410,2.54924228983627
10,411,2.822289026598924
10,412,2.649970435295651
10,413,2.6601496169090204
10,414,2.772528163236306
10,415,2.730344828023603
10,416,2.7520553051195673
10,417,2.791058599707651
10,418,2.7980596988441833
10,419,2.515282070116676
10,420,2.632004485953154
10,421,2.656943679847758
10,422,2.837022087232483
10,423,2.83565043662754
10,424,2.6861649181712366
10,425,2.670756350495105
10,426,2.8212764405664528
10,427,2.711638508451987
10,428,2.705622910694307
10,429,2.6998135810322887
10,430,2.620750670785046
10,431,2.7008153358675044
10,432,2.734339560901466
10,433,2.6660576676883405
10,434,2.9087870844920873
10,435,2.7788701817521813
10,436,2.787635150678852
10,437,2.6560511205733452
10,438,2.7836755220834135
10,439,2.81146841361438
10,440,2.7920175402673157
10,441,2.691825789660833
10,442,2.830877631266044
10,443,2.66896830708433
10,444,2.777437921349432
10,445,2.711361371493336
10,446,2.7219365167933818
10,447,2.8138641033739407
10,448,2.6544565550414116
10,449,2.7361210536261598
10,450,2.7866283267350527
10,451,2.6949154733449854
10,452,2.7296987665838515
10,453,2.601221365372715
10,454,2.7811197565267296
10,455,2.7991480804645827
10,456,2.693084890520975
10,457,2.665956484264623
10,458,2.7377101875951397
10,459,2.8062820403334605
10,460,2.8187479843194057
10,461,2.865815663383796
10,462,2.635879169619506
10,463,2.640871324550536
10,464,2.7289765867340856
10,465,2.805496836476982
10,466,2.9143180780833773
10,467,2.7461321213078445
10,468,2.6423476474753462
10,469,2.7444718540930086
10,470,2.8033008497618694
10,471,2.7620246686416463
10,472,2.6454072348830553
10,473,2.6681315871010685
10,474,2.7104730757209925
10,475,2.7694339486026154
10,476,2.7152217372726706
10,477,2.8261402514415863
10,478,2.6964287785777796
10,479,2.6692048629636473
10,480,2.6808438052038808
10,481,2.935262066594164
10,482,2.5601251417257687
10,483,2.8071034212511807
10,484,2.6961451714395523
10,485,2.773514090658872
10,486,2.7307909929875924
10,487,2.867753514620631
10,488,2.7969528603811566
10,489,2.6661668523281516
10,490,2.72393476515201
10,491,2.6936183738176793
10,492,2.5551827124051236
10,493,2.6706588050858455
10,494,2.6228833829702656
10,495,2.7374189735524843
10,496,2.580940685104371
10,497,2.6766474805691067
10,498,2.7340542098300067
10,499,2.8010541042408392
20,0,2.6374971891693213
20,1,2.6547029190276374
20,2,3.0187825195333513
20,3,2.790606450190018
20,4,2.6416696546313734
20,5,2.588953585406316
20,6,2.8453806405112196
20,7,2.748050777799268
20,8,2.6475093323250043
20,9,2.8065743035814923
20,10,2.7552294182367607
20,11,2.7703533235836004
20,12,2.716589962939694
20,13,2.853222212251123
20,14,2.7982904270979225
20,15,2.7880970317111218
20,16,2.957450358088852
20,17,2.6236047292030986
20,18,2.797504327194554
20,19,2.789324919048579
20,20,2.7276030777017075
20,21,2.747707787836897
20,22,2.669576731336385
20,23,2.7284766477928972
20,24,2.8017099568311647
20,25,2.7198556403995386
20,26,2.836279080981374
20,27,2.9352917165772423
20,28,2.6709531264414133
20,29,2.7663093136078314
20,30,2.655372499686015
20,31,2.8473924501971837
20,32,2.8774044238756646
20,33,2.727845162506982
20,34,2.872605630050004
20,35,2.7838725237079354
20,36,3.1235678763168333
20,37,2.646000960299385
20,38,2.6826426130644596
20,39,2.738481981936794
20,40,2.6875154728960577
20,41,2.7053234921590623
20,42,2.7854990791135883
20,43,2.811249305318265
20,44,2.68278027932428
20,45,2.699458642199222
20,46,2.871100042847853
20,47,2.699650113104388
20,48,2.805057432895512
20,49,2.621413686121429
20,50,2.946191711450148
20,51,2.730609208869685
20,52,2.7953350679541518
20,53,2.6591381439473376
20,54,3.0043365538204077
20,55,2.6873232437186445
20,56,2.7933017048239006
20,57,2.8190464559644064
20,58,2.6860157289551925
20,59,2.851646178262926
20,60,2.8459612448396636
20,61,2.729453574945395
20,62,2.6023435796998378
20,63,2.7312649340638795
20,64,2.7749223852309006
20,65,2.695013678138672
20,66,2.7784256848697435
20,67,2.732323920345748
20,68,2.757831625690864
20,69,2.7770082028093928
20,70,2.8392266250652116
20,71,2.6466056773013023
20,72,2.6564515825326445
20,73,2.8334559672491446
20,74,2.6449433740217745
20,75,3.142795746472913
20,76,2.840838870005151
20,77,2.7199376635106174
20,78,2.6973081417864164
20,79,2.619265123479347
20,80,2.875293983109188
20,81,2.716219351987645
20,82,2.709734450137312
20,83,2.7664423824958555
20,84,2.796887030974913
20,85,2.6167188438499824
20,86,2.5945405683109293
20,87,2.743553106692202
20,88,2.692955786702278
20,89,2.661673356329704
20,90,2.8251403062958165
20,91,2.7078894776948306
20,92,2.7103961443326465
20,93,2.7394697011636984
20,94,2.5945933541173494
20,95,2.7915200083940452
20,96,2.6250736917279704
20,97,2.7627568269878133
20,98,2.8529127716702845
20,99,2.7628272378309484
20,100,2.6063033164808984
20,101,2.706894291751518
20,102,2.8063660810392337
20,103,2.8758379393976705
20,104,2.6586820690918627
20,105,2.6948161751812902
20,106,2.777203205894215
20,107,2.611083675432682
20,108,2.8189426207701316
20,109,2.7333991147969936
20,110,2.7955944216205624
20,111,2.889288756980629
20,112,2.9049428824101198
20,113,2.640796751584157
20,114,2.695350408985983
20,115,2.7954156980832847
20,116,2.688722740467709
20,117,2.8452529536327855
20,118,2.7067795758339828
20,119,2.734865718659824
20,120,2.788974914676862
20,121,2.7886728338506748
20,122,2.7796117077372497
20,123,2.8529028828911716
20,124,2.6821725396954603
20,125,2.684377230179036
20,126,3.000858033223652
20,127,2.7667860066261074
20,128,2.7578517743432767
20,129,2.81404196140386
20,130,2.6478170080071046
20,131,2.714342559420944
20,132,2.7198183676060834
20,133,2.7583801059757107
20,134,2.810931261336402
20,135,2.860767815130769
20,136,2.8002992431641784
20,137,2.838973227852996
20,138,2.8253365379147923
20,139,2.654769716834868
20,140,2.7005493807767547
20,141,2.8718046674242044
20,142,3.0715394348974434
20,143,2.750801786182909
20,144,2.7859950395025086
20,145,2.939736198863908
20,146,2.94657908679291
20,147,2.7398520619294366
20,148,2.6512704308426525
20,149,2.682150131804655
20,150,2.8622127871063943
20,151,2.797607757076849
20,152,2.6711181391678696
20,153,2.731463717216658
20,154,2.6171546783408295
20,155,2.697818325184243
20,156,2.8093863750841384
20,157,2.7406238361375954
20,158,2.7161081662353883
20,159,2.925423376572442
20,160,2.6982252733927425
20,161,2.6721206385778804
20,162,2.670944594116834
20,163,2.8195359102610253
20,164,2.7258545308901247
20,165,2.7020695326620734
20,166,2.814943745356775
20,167,2.6352696388934405
20,168,2.741750697435887
20,169,3.021586714195692
20,170,2.6230442579297493
20,171,2.539524182272047
20,172,2.8499967447195544
20,173,2.721992699365308
20,174,2.6971891351024335
20,175,2.784836770417306
20,176,2.679249621870339
20,177,2.6671550534153488
20,178,2.6424577311014463
20,179,2.66339211801986
20,180,2.7756717049862085
20,181,2.6658714018378946
20,182,2.663744881223736
20,183,2.8962922206771027
20,184,2.7151492338738104
20,185,2.7763771580236147
20,186,2.863716884202662
20,187,2.5823872862688284
20,188,2.8611154833244883
20,189,2.6961286719788897
20,190,2.7699873316257126
20,191,2.826944676083193
20,192,2.682064075757286
20,193,2.7812378696649502
20,194,2.7093443019155727
20,195,2.716636508433904
20,196,2.755029059338145
20,197,2.782523810648081
20,198,2.7571115592221824
20,199,2.8147567540709644
20,200,2.878325373919705
20,201,2.6195314458839207
20,202,2.7646894788491547
20,203,2.8945891099545835
20,204,2.7680110591376237
20,205,2.792081613582573
20,206,2.767772130568929
20,207,2.6664481367761073
20,208,2.713465715674481
20,209,2.772639106897288
20,210,2.7204397497880253
20,211,2.730336103772651
20,212,2.6900400446290185
20,213,2.884492955412479
20,214,2.892351479506199
20,215,2.812170208615227
20,216,2.880820144064115
20,217,2.6164420173746175
20,218,2.8967721405963758
20,219,2.6985776988915284
20,220,2.7809225096837253
20,221,2.7512952411284037
20,222,2.6989496421302457
20,223,2.687766421080105
20,224,2.7753922306749526
20,225,2.833042057798799
20,226,2.861169628014507
20,227,2.8148559209090434
20,228,2.639160738586774
20,229,2.9947182846673375
20,230,2.832437235084374
20,231,2.9547388898960123
20,232,2.755796202202345
20,233,2.6802477375879725
20,234,2.820797634044608
20,235,2.662760541537548
20,236,2.658522802872676
20,237,2.574745937271059
20,238,2.7554242004250726
20,239,2.7657971918669775
20,240,2.78272153010831
20,241,2.6689558899846006
20,242,2.815434564719801
20,243,2.7493014831200555
20,244,2.6588559173243427
20,245,2.8108869893320003
20,246,2.6441147352583516
20,247,2.7961246832550746
20,248,2.740038068814212
20,249,2.729937377360695
20,250,2.701661410523526
20,251,2.61189923740165
20,252,2.658804040194327
20,253,2.657189212179403
20,254,2.665721797498107
20,255,2.753972685976491
20,256,2.88214844633458
20,257,2.7435889358135537
20,258,2.8455708540449396
20,259,2.9491772872579953
20,260,2.8591826591420944
20,261,2.92411437945747
20,262,2.8284826532524083
20,263,2.6292971206434808
20,264,2.726458229746453
20,265,2.845766371359251
20,266,2.6838408179140463
20,267,2.828060974899126
20,268,2.5150750508197195
20,269,2.7696471184384612
20,270,2.7851459665677116
20,271,2.7628731271217517
20,272,2.595683325703888
20,273,2.7865183518509364
20,274,2.746791116203023
20,275,2.719622887229624
20,276,2.7134165583778125
20,277,2.9852961402279234
20,278,2.729187058177532
20,279,2.943744974010259
20,280,2.9828861860348788
20,281,2.7427708803775883
20,282,2.778031867365268
20,283,2.6600558114305115
20,284,2.774755223206651
20,285,2.7593253973094525
20,286,2.7317960276758226
20,287,2.8431060000192834
20,288,2.905245481955212
20,289,2.5972008597430283
20,290,2.787955117254653
20,291,2.7112877258449184
20,292,2.685672628944962
20,293,2.9543630509637717
20,294,2.7170552914526556
20,295,2.8400281547057626
20,296,2.674478723782162
20,297,2.6898058685227313
20,298,2.736481140319911
20,299,2.653541628835802
20,300,2.736559901365052
20,301,2.68124593569026
20,302,2.740300663636567
20,303,2.761763662345029
20,304,3.0373062533816486
20,305,2.859277562902277
20,306,2.7468841971532054
20,307,2.7816243421933264
20,308,2.734012438883128
20,309,2.6241458242207134
20,310,2.827607059940257
20,311,2.68988148707104
20,312,2.873040696659486
20,313,2.755445502151785
20,314,2.796779066580249
20,315,2.7379780250011088
20,316,2.9036068871558935
20,317,2.6716081770081566
20,318,2.7988522304715797
20,319,2.6368996987012197
20,320,2.9189774007224147
20,321,2.707279864887011
20,322,2.9534724332675073
20,323,2.732404662867695
20,324,2.822100142458433
20,325,2.76049132622431
20,326,2.7469595089455616
20,327,2.8710852230153203
20,328,2.7557685248259207
20,329,2.715292166495629
20,330,2.791889349686279
20,331,2.70561264182744
20,332,2.6449994744515224
20,333,2.6578954891438746
20,334,2.856155436765056
20,335,2.583460022030933
20,336,2.8594180135478435
20,337,2.6529555887629797
20,338,2.707655975919536
20,339,2.794677316582044
20,340,2.8521524028405456
20,341,2.7934997377409823
20,342,2.710978867440909
20,343,2.7888777280594383
20,344,2.7191037782323506
20,345,2.7819782805556033
20,346,2.7771719267111252
20,347,2.875816968748215
20,348,2.6785057675873047
20,349,2.7840641122862615
20,350,2.790793448247748
20,351,2.823867095759993
20,352,2.769101753594469
20,353,2.9256830880732556
20,354,2.928883702880381
20,355,2.7895175583525953
20,356,2.7521105496800415
20,357,2.6473038575774783
20,358,2.855474911284652
20,359,2.7938608212490763
20,360,2.624667437054438
20,361,2.8724643191028805
20,362,2.773008918202613
20,363,2.675631752687229
20,364,2.9517454405267562
20,365,2.6400404812278904
20,366,2.8686707157948055
20,367,2.747752044840344
20,368,2.6144038150890934
20,369,2.7410585019427036
20,370,2.78381259667707
20,371,2.6435661927696055
20,372,2.77209002806
20,373,2.735596434390507
20,374,2.7055708880953397
20,375,2.6720530029190686
20,376,2.8691549294839915
20,377,2.983034787830766
20,378,2.7167646021051195
20,379,2.8555084836534608
20,380,2.8857580637407514
20,381,2.794370104688658
20,382,2.8534889706248503
20,383,2.7750869844759762
20,384,2.712206825590461
20,385,2.8789896676095483
20,386,2.8261514932308347
20,387,2.690452312924804
20,388,2.75552276205727
20,389,2.7624302416079765
20,390,2.7608924478068353
20,391,2.834183705781759
20,392,2.7438370197493316
20,393,2.8673314299495742
20,394,2.8368228551613193
20,395,2.773698285320881
20,396,2.870645097599103
20,397,2.7399365578819275
20,398,2.9517022937720627
20,399,2.791103843245925
20,400,2.840284985861216
20,401,2.583419957297408
20,402,2.827166373623329
20,403,2.5945552243708394
20,404,2.7028886730894546
20,405,2.691180911340138
20,406,2.6675422446194523
20,407,2.771344683137602
20,408,2.7227713683738
20,409,2.9311923912238527
20,410,2.8295310987206976
20,411,2.736556991667847
20,412,2.7097470272569373
20,413,2.8796626068891005
20,414,2.7584349610180863
20,415,2.9102696963664996
20,416,2.7889961123940985
20,417,2.6955589462398484
20,418,2.812817033942293
20,419,2.526745842660388
20,420,2.6508771095833263
20,421,2.699004493969489
20,422,2.9427261507091353
20,423,2.7738039183138183
20,424,2.710253837739219
20,425,2.5626235507442545
20,426,2.7475094342144444
20,427,2.7168029036589316
20,428,2.7571968824922855
20,429,2.8507218466415676
20,430,2.6558983661749114
20,431,2.76493455996308
20,432,2.7364250749378827
20,433,2.8086286730886134
20,434,2.589278874153214
20,435,2.710543631246359
20,436,2.5997370972229903
20,437,2.817397259200731
20,438,2.8655360575730144
20,439,2.7601938301654783
20,440,2.630645730214569
20,441,2.646603588746345
20,442,2.8785544503719276
20,443,2.6879573819382485
20,444,2.724458056172861
20,445,2.812340702577048
20,446,2.8284977266752542
20,447,2.9587335135827577
20,448,2.799259693076766
20,449,2.6968457721000543
20,450,2.9037632992229114
20,451,2.8285594219855175
20,452,2.7538126236765783
20,453,2.7487533249320304
20,454,2.797778227323155
20,455,2.5966160588263154
20,456,2.74273460170868
20,457,2.8907589578008936
20,458,2.803884193856752
20,459,2.7057007805410107
20,460,2.7967049630466545
20,461,2.807033333806242
20,462,2.8655422359654534
20,463,2.7501971955856934
20,464,2.722457633830014
20,465,2.6686458894334355
20,466,2.663476516879579
20,467,2.9031608518369163
20,468,2.6873643631038906
20,469,2.8591630834071644
20,470,2.7564743277892747
20,471,2.717889023159854
20,472,2.7897942881870486
20,473,2.620976811364275
20,474,2.8058166743216644
20,475,2.7863857542641015
20,476,2.7837790671858924
20,477,2.7679099006009578
20,478,2.712358667525263
20,479,2.773560851505235
20,480,2.8490234657661175
20,481,2.9597427773545615
20,482,2.731779307668445
20,483,2.765441347020057
20,484,2.693527263686696
20,485,2.7872316164041178
20,486,2.8660513646404326
20,487,2.631128165909686
20,488,2.692575122371909
20,489,2.617876336558599
20,490,2.7738956942563626
20,491,2.7153659805443264
20,492,2.6466701455272585
20,493,2.9103466380709984
20,494,3.0240926365019396
20,495,2.844460414746009
20,496,2.721470251384001
20,497,2.66854025612469
20,498,2.6559207464686625
20,499,2.7508445270995217
30,0,2.744051543028057
30,1,2.8842544486500588
30,2,2.626431986163304
30,3,2.6338432817125157
30,4,2.685215735997884
30,5,2.7155067788249956
30,6,2.859500484454527
30,7,3.257231122374813
30,8,2.894631665383369
30,9,3.0666858061219084
30,10,2.8140991861807105
30,11,2.9966817024651173
30,12,2.5654841409079103
30,13,2.795905301235982
30,14,2.8823593992259955
30,15,2.7778622875036523
30,16,2.738423808238473
30,17,2.929028624716604
30,18,2.7940182033169707
30,19,2.810749745838427
30,20,2.7945640545514565
30,21,2.8467430433441745
30,22,2.88886411370192
30,23,2.9857833723760496
30,24,2.826854115168684
30,25,2.9986728167527454
30,26,2.832564135157134
30,27,2.7628704559613286
30,28,3.023800403387205
30,29,2.687190456437343
30,30,2.7691966455077273
30,31,2.8744098215529
30,32,2.7538635310264237
30,33,2.6890954960777407
30,34,2.894026271986757
30,35,2.8988694583636123
30,36,2.7322137008300973
30,37,2.7307024268619426
30,38,2.7769204969982386
30,39,2.7854965756021137
30,40,2.650136721722688
30,41,2.8018643330552946
30,42,3.0358000211458602
30,43,2.8698732900315145
30,44,2.6805084599586873
30,45,2.8466062489996267
30,46,2.7360998314518308
30,47,2.7791763474551168
30,48,2.7277032448428087
30,49,2.876675144577722
30,50,2.668029340570725
30,51,2.6132614609062648
30,52,2.7544552223858108
30,53,2.8260176638865238
30,54,2.8727633601526223
30,55,2.8673823344840015
30,56,2.9725921984194
30,57,2.9553780859420486
30,58,2.914307143155497
30,59,2.791784763733897
30,60,2.8354355086379597
30,61,2.9319282903666335
30,62,2.9026913335237348
30,63,2.610976169370164
30,64,2.937153546911831
30,65,2.8416381214688244
30,66,2.863946084182134
30,67,2.7344268118960633
30,68,2.773267100134187
30,69,2.6752910644307315
30,70,2.8712022528178793
30,71,2.5772869539175938
30,72,2.716794115572925
30,73,2.878102438826296
30,74,2.948006560425906
30,75,2.794031015029632
30,76,2.840960690710932
30,77,3.0048838593005387
30,78,2.8197098322758127
30,79,2.772254930001258
30,80,2.6897016724858203
30,81,2.7291906733788958
30,82,2.874239269922222
30,83,2.7623539083936097
30,84,2.5758323909526046
30,85,2.7688043425629405
30,86,2.7979793085696243
30,87,2.837379273697139
30,88,2.5697824825594475
30,89,2.893506432947695
30,90,2.887336232883159
30,91,2.872279543325941
30,92,2.7335686404887456
30,93,2.7339728008106787
30,94,2.7032533403689762
30,95,3.1834498371814544
30,96,2.8648472883039986
30,97,2.9416505180590384
30,98,2.95647332535049
30,99,2.9268396235297
30,100,2.747693368920037
30,101,2.8020818944675923
30,102,2.7930972237535827
30,103,2.797497071300905
30,104,2.9173267741829942
30,105,2.804140733543361
30,106,2.9681680857691704
30,107,2.8281690673801796
30,108,2.773720580493584
30,109,2.7655607832849163
30,110,2.7182297247266107
30,111,2.65745081238933
30,112,2.8951255412303487
30,113,3.123469913511253
30,114,2.8755262303068787
30,115,2.741783898805637
30,116,2.660568066128217
30,117,2.8688734581319224
30,118,2.7113467466610217
30,119,2.810417902589625
30,120,2.83036807806937
30,121,3.0943183999014288
30,122,2.8867421943202007
30,123,2.588451944511521
30,124,2.8169233548698127
30,125,2.6098507714214265
30,126,2.7180361359594283
30,127,2.861118057495204
30,128,2.6853354732679935
30,129,2.655851584782456
30,130,2.841225997002385
30,131,2.6434140129366788
30,132,3.062099169715069
30,133,2.969841249560225
30,134,2.880021396593371
30,135,2.9239504907187372
30,136,3.037317884237608
30,137,2.622237167215745
30,138,2.6163299399593254
30,139,2.864603516407897
30,140,2.852235979808047
30,141,2.7943904560822146
30,142,2.7919551843144252
30,143,2.7411018331419017
30,144,2.9381845360948335
30,145,2.7214530574938265
30,146,2.793328003382333
30,147,2.732325244160611
30,148,2.8724103045823166
30,149,2.734010158933457
30,150,2.782672148640175
30,151,2.9554715051775875
30,152,2.7592828764946358
30,153,2.71914024678625
30,154,2.718855716146338
30,155,2.8435967917065885
30,156,2.9471237443784664
30,157,3.0775502567449005
30,158,2.9713516881007185
30,159,2.7186791292156864
30,160,2.789049847779953
30,161,2.776676427261463
30,162,2.738501775822445
30,163,2.8802186608095406
30,164,2.71933906729685
30,165,3.0303937672980577
30,166,3.20708098332557
30,167,2.685403771645922
30,168,2.7628825885459305
30,169,2.6902189222695343
30,170,2.9988898670098436
30,171,2.737576268796758
30,172,2.94969894877081
30,173,2.8944272739134695
30,174,2.868359184210082
30,175,2.7895541753918667
30,176,2.793167619735702
30,177,2.6822504877843816
30,178,2.647229899400134
30,179,2.719781283427774
30,180,2.9408842819306944
30,181,2.8258215185698097
30,182,3.028617598548246
30,183,2.714344684116423
30,184,2.6954265004930615
30,185,2.6187688462618084
30,186,2.7700726914358347
30,187,2.638071288451794
30,188,2.8196023168464697
30,189,2.7402319126908083
30,190,2.717364121537809
30,191,2.822008768834799
30,192,2.7967528421137624
30,193,3.005780969307176
30,194,2.690774976109577
30,195,2.7831635753452146
30,196,2.7790567734339295
30,197,2.703867231848198
30,198,2.8182118721073945
30,199,2.728132898385601
30,200,2.7771029333523605
30,201,2.7312452520658583
30,202,2.846019841498887
30,203,2.967027180790324
30,204,2.92732158524259
30,205,2.8580401933905812
30,206,2.9906389780277185
30,207,2.7151568049477515
30,208,2.9358764956710557
30,209,2.9075619319175647
30,210,2.8742867302244917
30,211,2.8522216881061855
30,212,2.6865033175282114
30,213,2.9745449234928514
30,214,2.8373662750359205
30,215,2.7025893542924075
30,216,2.840835697923396
30,217,2.6458600782692385
30,218,2.909417041644637
30,219,2.7085917808237965
30,220,2.678042061544844
30,221,2.730370907797931
30,222,2.76738628248122
30,223,2.79698880612927
30,224,2.805757824789715
30,225,2.762166099666844
30,226,3.0941914575174314
30,227,3.685633597795916
30,228,2.757642076067653
30,229,2.753320487925986
30,230,2.8789159772073782
30,231,2.7434067308951473
30,232,2.7378192324072814
30,233,2.6709091040736035
30,234,2.832652796525988
30,235,3.197287417224871
30,236,2.818388247005062
30,237,3.047748295693077
30,238,2.9458817995031477
30,239,2.8051836878554686
30,240,2.9407573461573806
30,241,2.739780190175422
30,242,2.9442084629334815
30,243,2.8345769455729144
30,244,2.8941525061454136
30,245,2.7678574698326575
30,246,2.6187103924594486
30,247,2.72936648200878
30,248,2.7259582486683094
30,249,2.6778488966802185
30,250,2.6735818961843387
30,251,2.9506440775816136
30,252,2.8834775060575586
30,253,2.8643191004171165
30,254,2.769719405740034
30,255,2.7360761443091826
30,256,2.8951101833102957
30,257,2.7816318210779536
30,258,2.6804129934373684
30,259,2.917710641708964
30,260,2.861022104663995
30,261,2.7771594417102894
30,262,2.8047474559451517
30,263,2.658504217273055
30,264,2.8089956052808525
30,265,2.815884882416326
30,266,2.7174724522378604
30,267,2.7844912768576107
30,268,2.7496705377992026
30,269,2.649440354857284
30,270,2.873301082872689
30,271,2.7894377941566098
30,272,2.7825218354462966
30,273,2.5536041986591482
30,274,2.810838429625611
30,275,2.730571538720717
30,276,2.82508233822979
30,277,2.809935608656001
30,278,2.7924576631217817
30,279,2.869451981866857
30,280,2.789980877860783
30,281,2.9242135462356704
30,282,2.8686991011241707
30,283,2.772035956778068
30,284,2.803039647368505
30,285,2.7226899547230006
30,286,2.9175772994860836
30,287,2.751473177110245
30,288,2.7193374160860273
30,289,2.7639837788528103
30,290,2.8536288847270215
30,291,2.7830041156979304
30,292,2.859629316609372
30,293,2.8154352143315697
30,294,2.821412058047417
30,295,2.8841196372468074
30,296,2.7185863500507437
30,297,2.7773456512273276
30,298,4.775469611278539
30,299,2.7291080183325254
30,300,2.8870830884346037
30,301,2.709387150839575
30,302,2.595169425113124
30,303,2.8688335438017165
30,304,2.7387165350479408
30,305,2.750324758432171
30,306,2.714076735566318
30,307,2.8857775188251384
30,308,2.717286594507212
30,309,2.662048846073543
30,310,2.64242723233601
30,311,2.7865201970086497
30,312,2.7495915108008013
30,313,2.798376954353274
30,314,3.0278665427708225
30,315,2.747924745499372
30,316,2.91169548528661
30,317,2.8999938865698356
30,318,2.876621282056115
30,319,2.7832667540488316
30,320,2.8217995343116486
30,321,2.731018637451346
30,322,2.8465202686329
30,323,2.876217583773527
30,324,3.033049233540294
30,325,2.8681020651540186
30,326,3.234530640984358
30,327,2.803127854884286
30,328,2.665278365946945
30,329,2.5683028817260554
30,330,2.7365019738513134
30,331,2.693386079732179
30,332,2.933372809966156
30,333,2.7752842564384697
30,334,2.744661023769432
30,335,3.7103322358231186
30,336,2.62098733356163
30,337,2.8477769726388753
30,338,2.7479693323488723
30,339,2.970359654382412
30,340,2.730723149575432
30,341,2.691854959027059
30,342,2.8282855654223273
30,343,2.887646137485265
30,344,3.0504207157790435
30,345,2.861708853946816
30,346,2.6845750536569795
30,347,2.907502823516174
30,348,2.8798930393972277
30,349,2.7960792808870236
30,350,2.8561946372188927
30,351,2.8982833622910804
30,352,2.753846840041428
30,353,2.7527957675493453
30,354,2.639371267730818
30,355,2.7288920791295204
30,356,3.8146936334765185
30,357,2.940888823793403
30,358,2.815674353782867
30,359,2.8613370803697475
30,360,2.660984147493928
30,361,2.6822490703877095
30,362,2.911678719480889
30,363,2.771754280143132
30,364,2.7063519859117773
30,365,2.8704668796987662
30,366,2.7065256830277518
30,367,2.800550226274385
30,368,2.8073997137179654
30,369,2.8913109262166983
30,370,2.814486872913342
30,371,2.857119322048643
30,372,3.0567904757572455
30,373,2.8657434221387046
30,374,2.7727046131035302
30,375,2.7983720203069313
30,376,2.8980120873404944
30,377,2.8722091934124068
30,378,2.774854684051176
30,379,2.7884894437509122
30,380,2.821460167983984
30,381,2.9309850899989196
30,382,2.8926192737212695
30,383,2.805894339904488
30,384,2.772070074121069
30,385,2.8756768937367347
30,386,2.9310851106725067
30,387,3.0980912533156917
30,388,2.7459833622222596
30,389,2.971978553919213
30,390,2.5742711470575523
30,391,2.835122863040277
30,392,2.725162132116869
30,393,2.7391586971140294
30,394,2.5967350761876293
30,395,2.9887521453233745
30,396,2.69569321492014
30,397,2.660706736520817
30,398,2.6513712135684435
30,399,2.778473583993608
30,400,2.708644259559222
30,401,2.7714884234718804
30,402,2.702157407726932
30,403,2.92563015918995
30,404,2.7709228688007994
30,405,2.820554088502844
30,406,2.7521244617448946
30,407,2.6711264308523517
30,408,2.9606498425334844
30,409,2.6868531797073723
30,410,2.796808926892686
30,411,2.7177629049466328
30,412,2.815528571593192
30,413,3.032406378451035
30,414,2.8536151658944604
30,415,2.760144373132749
30,416,2.8159275824615917
30,417,2.845681022793635
30,418,2.743771045399991
30,419,2.7198965991426247
30,420,2.7264981645018174
30,421,2.9281308906088683
30,422,2.769834021550639
30,423,2.6296393333465047
30,424,2.7926281787369653
30,425,2.683975309158611
30,426,2.981446361528144
30,427,2.717117562592046
30,428,2.891446472440158
30,429,2.830739308572562
30,430,2.7737480582099305
30,431,2.844074356588539
30,432,2.7785005210605234
30,433,2.8290217340702304
30,434,2.7048210355826763
30,435,2.8459140699417245
30,436,2.761035049552036
30,437,2.71161752543598
30,438,2.8246154873645994
30,439,2.6716930487615462
30,440,2.6249197012969816
30,441,2.725978136691846
30,442,2.671328285881953
30,443,2.654581403278113
30,444,2.8408107953730912
30,445,2.7973312965371107
30,446,2.799939168586382
30,447,2.6897242351545314
30,448,3.332642935283918
30,449,2.9661179168831233
30,450,3.0915617230278234
30,451,2.7622812128104974
30,452,2.9766417251800457
30,453,2.7700087819753474
30,454,2.6552911670544463
30,455,2.73270349956276
30,456,2.74409834129335
30,457,2.675651143909401
30,458,2.9626739664543984
30,459,2.79966355066573
30,460,2.7809765867075313
30,461,2.8244756242218196
30,462,2.7349533091019547
30,463,3.0139929814684163
30,464,3.0595958882663323
30,465,2.7613889446965216
30,466,2.7071903488615296
30,467,2.8264179307559
30,468,2.934640551568173
30,469,2.667049205906806
30,470,2.7175054965100642
30,471,3.00477326611177
30,472,2.8019602209399985
30,473,2.66683393425408
30,474,2.921372311468104
30,475,2.9763244748889837
30,476,2.81994116613807
30,477,2.7956053994953685
30,478,2.604375059925075
30,479,3.0117002267141166
30,480,2.8364020407109924
30,481,2.733794696215149
30,482,2.7898648571479163
30,483,2.756830867984451
30,484,2.825546151648702
30,485,3.36770088497004
30,486,2.738137085095244
30,487,2.968651111513687
30,488,2.7951410018371288
30,489,2.783506630838773
30,490,2.7838350856511553
30,491,2.8703739182779326
30,492,2.838351526262776
30,493,2.7931366268101128
30,494,2.9647000257411724
30,495,2.7701388134965312
30,496,2.7877400245931834
30,497,2.6258842481911744
30,498,2.987137465672991
30,499,2.831503899259779
40,0,2.7610500269153326
40,1,3.1523874962668916
40,2,2.7168909995469646
40,3,2.8899587387594865
40,4,2.6450233464966595
40,5,2.7682999206949557
40,6,2.754085844954706
40,7,2.59944793934819
40,8,2.7619723639127187
40,9,2.9474558385370573
40,10,2.8316004892693662
40,11,2.8266302027359913
40,12,2.7314032766712137
40,13,2.7803057146071715
40,14,2.996157092533321
40,15,2.745391361530334
40,16,2.851745082090435
40,17,2.7883645314348544
40,18,2.7765174281899925
40,19,2.7472707384008492
40,20,3.2534046748634085
40,21,2.637965049725529
40,22,3.1090623467785488
40,23,2.6881533612940745
40,24,2.787166721080407
40,25,2.953175523895381
40,26,2.7447917406359488
40,27,3.0271513394261387
40,28,2.8046294894483954
40,29,2.7107446224639364
40,30,3.1537488617526246
40,31,2.736192861760288
40,32,2.9030637925780205
40,33,2.931416356269051
40,34,3.1770122153817595
40,35,3.0123239523019305
40,36,2.9310268141194866
40,37,2.8653332853289686
40,38,2.920222471803956
40,39,3.0812444096814935
40,40,2.9073411190857343
40,41,2.7756697091406553
40,42,2.682689120894173
40,43,2.8550699106473085
40,44,2.8224154771260546
40,45,3.0002210799527034
40,46,2.9110008675180747
40,47,2.7367481982463047
40,48,2.8741223693231923
40,49,2.782993936537704
40,50,3.3017621364540273
40,51,2.8259929612419175
40,52,2.707050277589701
40,53,2.663429086557354
40,54,2.5619602143604987
40,55,2.876447280833383
40,56,2.76554461037502
40,57,2.865757944240342
40,58,2.9706441021658905
40,59,2.7092307264947526
40,60,2.700179529984797
40,61,2.7109100985393004
40,62,2.907522935767149
40,63,3.0523735577362103
40,64,2.70050040433355
40,65,2.798258296316032
40,66,2.6766798165684573
40,67,2.756069591907653
40,68,2.6596923974856495
40,69,2.980705393782516
40,70,2.87269139886126
40,71,2.737617579362492
40,72,2.6856696334392147
40,73,2.6948040179977437
40,74,2.76280713657641
40,75,2.9141908055399375
40,76,2.6727405227920173
40,77,2.8942439272113534
40,78,2.9833720662816177
40,79,3.0537837889007178
40,80,2.9009355786631903
40,81,3.0306302801327805
40,82,2.687922645611511
40,83,2.521221317162763
40,84,3.2771529644472417
40,85,2.674414971528303
40,86,3.593465727486024
40,87,2.979846671977202
40,88,2.6942477674352237
40,89,2.8279735018245917
40,90,2.7381573562590202
40,91,3.6972926202898195
40,92,2.8664638647607856
40,93,2.774825681325358
40,94,2.8414671812388614
40,95,2.819321030448004
40,96,2.783957975911733
40,97,2.6374610841920747
40,98,2.681231635247435
40,99,2.693623197604899
40,100,2.742215376434621
40,101,3.1862901549884723
40,102,2.8511745367977954
40,103,2.7347042912439057
40,104,2.8329782239379533
40,105,2.752843052260056
40,106,2.607287770500798
40,107,3.011395201386758
40,108,3.205494314049185
40,109,2.6099591083341918
40,110,2.831797159417205
40,111,2.9505593255372036
40,112,2.814485318969989
40,113,2.980640556378161
40,114,3.1542273789951043
40,115,3.1002153408787754
40,116,2.8429962150115484
40,117,2.7649065343475137
40,118,2.7057280317929058
40,119,2.792103170881255
40,120,2.8370280456372607
40,121,2.8537462209076208
40,122,3.0820482116760615
40,123,2.616704425247111
40,124,2.74955002662346
40,125,2.8046564168634096
40,126,3.0596226666089614
40,127,2.7853246942645273
40,128,2.862806599807599
40,129,2.786769021024407
40,130,2.7036424723285273
40,131,2.875793911045855
40,132,2.7681808087698836
40,133,2.75226582312138
40,134,2.6550780417143227
40,135,2.6611084670331135
40,136,2.8037276039007457
40,137,2.875833931974565
40,138,2.712451113255105
40,139,2.5346496063279997
40,140,3.0269463361512225
40,141,2.8887538444188707
40,142,2.837460132375516
40,143,2.9292775123746853
40,144,2.788158742414306
40,145,2.9685403124438663
40,146,2.8653372552679124
40,147,2.7771438261161365
40,148,3.0346452720918635
40,149,2.809999554554524
40,150,2.8185900361875
40,151,2.947251523673179
40,152,2.7984022359241862
40,153,2.6994864406678323
40,154,2.6965355085472984
40,155,2.766689853686002
40,156,2.801845293036279
40,157,3.2033340774824017
40,158,2.715461347410721
40,159,2.7659357624361682
40,160,2.6791260337615896
40,161,2.847443523559026
40,162,2.9169589437934604
40,163,3.341188422940407
40,164,2.7663090492739384
40,165,2.8334144007406086
40,166,2.7896709273986877
40,167,2.6068869796619323
40,168,2.895712802633236
40,169,2.781381182521395
40,170,2.8406997906634768
40,171,2.953711644253951
40,172,3.255984562569146
40,173,2.802268837291041
40,174,2.6187789833678625
40,175,3.2387415273513906
40,176,3.0160040680811244
40,177,2.7240096268460965
40,178,2.9340253599412436
40,179,3.0116590015829394
40,180,2.69153002528664
40,181,2.77437099911568
40,182,2.6909028791585907
40,183,2.637386691478469
40,184,2.734119457834097
40,185,2.647675453446702
40,186,2.6539730103070407
40,187,2.925993600842937
40,188,2.707649133859183
40,189,2.879947186660705
40,190,2.8070021304072332
40,191,2.8503227645592295
40,192,2.915195601467843
40,193,2.8794358608796515
40,194,2.667705950181577
40,195,2.7002467995176826
40,196,3.5449279397398232
40,197,2.8732237944974353
40,198,3.0939697569856652
40,199,2.842751681505475
40,200,2.7239977961030664
40,201,2.772722489966995
40,202,2.992393825464016
40,203,3.121380055918927
40,204,2.827942900398723
40,205,2.6987147271745724
40,206,3.028284598745632
40,207,2.8717486776054097
40,208,2.989619532633989
40,209,2.7638280084384257
40,210,2.5395194710631817
40,211,2.961884068202606
40,212,2.7276452230758137
40,213,3.1418094646575176
40,214,2.6776645041134772
40,215,2.5625748321172286
40,216,2.901065869429991
40,217,2.9659537207883178
40,218,2.6710730237450626
40,219,2.83379871106003
40,220,2.7335474359951424
40,221,2.881907329474878
40,222,2.967369950331759
40,223,2.665525765413918
40,224,2.894519990719526
40,225,2.8712505246095024
40,226,2.8555686334508374
40,227,2.992686267998234
40,228,2.675668201149369
40,229,2.880989620804019
40,230,2.8666000774052653
40,231,2.834508961934888
40,232,2.6159967117502383
40,233,2.9892895105611177
40,234,2.8274131751375946
40,235,2.873420175370801
40,236,3.1426410148668005
40,237,3.234968604915356
40,238,3.08677695693691
40,239,2.8390217158072026
40,240,2.6118554572831276
40,241,2.8981091236399146
40,242,2.6564349586333154
40,243,2.640688721028501
40,244,3.106729420601495
40,245,2.850323715399625
40,246,2.9855000581057403
40,247,2.6566334440254877
40,248,2.756602508985461
40,249,2.6904442490383182
40,250,2.7611750162852076
40,251,2.658421210957078
40,252,2.707466569485645
40,253,2.842161187162366
40,254,2.587868914576141
40,255,7.911602421198094
40,256,3.0496289007311463
40,257,2.9157674992770435
40,258,2.918754115033689
40,259,3.0538095421618747
40,260,5.098150413974892
40,261,2.996834536648365
40,262,2.8453675531648233
40,263,2.728083261500196
40,264,2.9303024171372125
40,265,3.0497579371074828
40,266,2.844274805182184
40,267,2.602500829429592
40,268,3.037980329324064
40,269,2.922144601675854
40,270,2.8637864203807144
40,271,2.687353714388643
40,272,3.2535467799336724
40,273,2.806144021694059
40,274,2.983238649265132
40,275,3.174972058671433
40,276,2.7618870689193726
40,277,2.798281561276661
40,278,3.067648891749794
40,279,2.7367749316710204
40,280,5.238197849223543
40,281,2.6747403961213165
40,282,2.876836442457238
40,283,2.7932430063761955
40,284,3.014452859749263
40,285,2.903443826978267
40,286,2.7163589292573795
40,287,5.127406251372483
40,288,2.778463579613301
40,289,2.789975286323997
40,290,2.8330711425605
40,291,2.795534222194903
40,292,2.879348926927653
40,293,2.761727933066556
40,294,2.939545211344885
40,295,2.7596765262021012
40,296,2.8607277019086976
40,297,2.959835192399315
40,298,2.672575310483785
40,299,2.8082981917437624
40,300,2.776354266095285
40,301,3.037129436757297
40,302,2.7500669950406227
40,303,2.9135164964298155
40,304,2.718113526516695
40,305,3.1145281745704816
40,306,3.37399427779047
40,307,2.7890750331858
40,308,4.8763281348306045
40,309,2.886153755335265
40,310,2.9180670278070133
40,311,2.815479123490157
40,312,3.188325534414539
40,313,2.778631548712604
40,314,2.8974573566546664
40,315,2.740316047378408
40,316,2.7035655932355516
40,317,2.8376932081722797
40,318,2.796999887299027
40,319,2.738775280437919
40,320,3.2878367171283265
40,321,2.8416197798380822
40,322,2.6443511427152924
40,323,2.932393906316105
40,324,2.70381226481816
40,325,2.9331304521708477
40,326,2.7731419143189147
40,327,2.7934921261161203
40,328,2.7662778166777224
40,329,2.6799848919984517
40,330,2.9985273912364985
40,331,2.839375883027002
40,332,2.764148097080158
40,333,2.778853745637558
40,334,2.9761633533503513
40,335,2.9350240428506287
40,336,2.645124059136441
40,337,2.5752878880531713
40,338,2.8734149208640107
40,339,2.871734423242499
40,340,2.950762747649267
40,341,2.82802045020348
40,342,3.1292850060603445
40,343,2.721117685468372
40,344,2.842233689804806
40,345,2.9342864603328116
40,346,3.1219786378472074
40,347,2.676545441918656
40,348,2.8859204427165834
40,349,2.978084390266776
40,350,2.7797303082552696
40,351,3.2654449199976057
40,352,2.73108469675754
40,353,2.892365694459213
40,354,2.7639629064985174
40,355,2.695486576362039
40,356,2.8201600516576875
40,357,2.7348846191313845
40,358,2.692281990743959
40,359,2.79668091641257
40,360,2.9191516889748765
40,361,2.883343384922882
40,362,3.0146102187409736
40,363,2.666771882539424
40,364,2.7452151080674847
40,365,2.811793786556743
40,366,3.586394711012458
40,367,4.029986140881294
40,368,3.143764973663408
40,369,2.642238986356975
40,370,2.8335630054540175
40,371,2.7457077760430773
40,372,2.898531108559255
40,373,2.8240161680991145
40,374,2.6974657615677544
40,375,2.7848196291715874
40,376,2.9489867176922764
40,377,2.742514306928497
40,378,2.754869279241621
40,379,2.9279730610112327
40,380,3.0024732679958257
40,381,2.8160568340196406
40,382,2.840942762443578
40,383,2.7939164960493446
40,384,2.9470138740022915
40,385,2.946583984641528
40,386,2.9561549565648426
40,387,3.01002171542214
40,388,3.1121143154748467
40,389,2.775156899246644
40,390,2.8740071605034667
40,391,2.9593541683725224
40,392,3.0069876160246123
40,393,2.964943400275427
40,394,2.9205861455829716
40,395,2.696161939023429
40,396,2.846281196286339
40,397,2.8848478870106677
40,398,2.7471526222519476
40,399,2.7793814618994914
40,400,2.9918861803644066
40,401,2.737692032660885
40,402,3.0533032224459578
40,403,3.272495359850462
40,404,2.953893669911268
40,405,2.6356880238205718
40,406,2.747246378006364
40,407,2.75202445257148
40,408,2.6147097238952117
40,409,2.819024924471952
40,410,2.7418987621649458
40,411,3.172396462053398
40,412,2.8845437438558004
40,413,2.880425705253251
40,414,2.8434415063300005
40,415,2.659428419311357
40,416,2.7549878270897907
40,417,2.7618913317317455
40,418,2.705183960351831
40,419,2.6868071988020845
40,420,2.6884649741392006
40,421,2.5984762899736453
40,422,3.1944224976891706
40,423,3.0402645286179
40,424,3.0200118966410883
40,425,2.765600874293438
40,426,2.9538258986292165
40,427,2.797051419265899
40,428,2.904393441180817
40,429,2.8497167788764415
40,430,2.62113071855261
40,431,2.653037099339223
40,432,2.9694770025539134
40,433,2.933668010002427
40,434,3.3643408181359837
40,435,2.7469179029202087
40,436,2.9021253463240932
40,437,3.17147790693198
40,438,2.73867346527025
40,439,2.8886191329608892
40,440,2.870851915675737
40,441,2.921434970098254
40,442,2.8560898748943053
40,443,2.8512171872333814
40,444,2.68212869473684
40,445,2.9460819766815414
40,446,2.952063249053204
40,447,2.831912962381933
40,448,2.740232146068817
40,449,2.69139672619034
40,450,3.1089497544396427
40,451,2.7479771235269546
40,452,2.9416678761378097
40,453,3.4963098508520773
40,454,2.8915956942527266
40,455,3.144038829997095
40,456,2.9011690643983736
40,457,2.8292429852939223
40,458,2.721666142439832
40,459,2.867791747468817
40,460,2.7341606254796815
40,461,2.691071545942356
40,462,2.7963705230249314
40,463,2.696785341002306
40,464,2.7478883186826826
40,465,2.7241916052443322
40,466,2.889443460795807
40,467,3.2539000312972353
40,468,2.752499332190978
40,469,2.82152023933686
40,470,2.5866026039332217
40,471,3.0194057105679173
40,472,2.8488923164890525
40,473,2.753101902778522
40,474,2.7053807878857152
40,475,2.767530107797789
40,476,2.719331080275467
40,477,2.78612442389308
40,478,2.729430111652021
40,479,2.992897333516716
40,480,2.548933405806886
40,481,2.891975067021933
40,482,3.01789609624132
40,483,2.7662559677885556
40,484,2.7275062398751144
40,485,2.7221487281541368
40,486,3.09845102805987
40,487,3.0053814959694907
40,488,2.760440111655137
40,489,2.7667961787043454
40,490,3.109605306519807
40,491,2.9408164717648013
40,492,2.799706064191743
40,493,2.914923427645622
40,494,3.037907468880906
40,495,2.929060799403461
40,496,2.802083870581099
40,497,2.8192672972767387
40,498,3.189572636321499
40,499,2.909580041100642
50,0,2.9626054377877304
50,1,2.715325954430206
50,2,2.931433427845899
50,3,2.7712567603477667
50,4,2.884260774504905
50,5,3.3397975819828845
50,6,2.6837960722450145
50,7,3.283659983412879
50,8,2.858783090181367
50,9,2.9690191626773945
50,10,3.024091894454696
50,11,2.9459626886377457
50,12,2.839894675623893
50,13,3.0411552205981103
50,14,3.7443338218666375
50,15,2.9431589347727845
50,16,3.2596349295392053
50,17,2.7341374239499117
50,18,2.9618928038362684
50,19,2.8759892902115762
50,20,3.521901976984982
50,21,3.1724485829467297
50,22,3.9260655500540524
50,23,2.8756133101989034
50,24,2.981812117429821
50,25,3.2452646667536156
50,26,3.2393400005919646
50,27,3.291931049036624
50,28,2.869501210393836
50,29,2.575531156665411
50,30,2.7069136156020286
50,31,2.7733440454252705
50,32,2.9406253172263592
50,33,2.7993539985349014
50,34,2.8669659741179117
50,35,2.649955243554644
50,36,3.0437584364871775
50,37,2.763988210450485
50,38,3.6244052862934057
50,39,3.625806510059932
50,40,3.5882570666906353
50,41,2.6578889990281525
50,42,2.688565777702712
50,43,2.9666477876530717
50,44,3.0163368337736904
50,45,3.7575567044016402
50,46,2.669717305044824
50,47,3.081602582626959
50,48,2.7450046208492775
50,49,2.8497977221367328
50,50,2.859884093419724
50,51,2.865577123494682
50,52,2.7223264971510592
50,53,3.11741831409515
50,54,5.083514369672723
50,55,2.696861276879372
50,56,3.5691466645594216
50,57,2.8169871575879006
50,58,2.814439612101921
50,59,2.7302965297588506
50,60,3.1303978371978625
50,61,2.667631100167234
50,62,2.821034828368437
50,63,2.5838952553654195
50,64,2.6986394123105
50,65,3.2127630959614986
50,66,2.913666101746925
50,67,4.137788719380187
50,68,2.795841461554506
50,69,2.997657997121148
50,70,2.8787214467832962
50,71,2.8912658390980206
50,72,3.444439888802625
50,73,2.9619259741456303
50,74,3.0330277673982393
50,75,2.8132924810774735
50,76,3.14668739197687
50,77,2.8727730377412075
50,78,2.9074938307933653
50,79,2.8299058994703543
50,80,2.6769212811226306
50,81,2.8310362787150236
50,82,2.675850142776916
50,83,2.862544420614843
50,84,2.7028477622880267
50,85,2.765518406270485
50,86,2.6100530520076073
50,87,2.806212597901378
50,88,3.547541627698104
50,89,3.1800657995218935
50,90,2.610126678847008
50,91,2.9440461096387183
50,92,3.881000905422586
50,93,3.16270701416553
50,94,4.617625446252032
50,95,2.6344906044739282
50,96,2.6913793610301635
50,97,2.794758878008246
50,98,3.070738484155617
50,99,2.6784306757423497
50,100,2.967769297460986
50,101,2.8836721414328066
50,102,2.5605466262084766
50,103,2.686861473706171
50,104,2.8800100245047013
50,105,2.942560976394353
50,106,2.946799249229608
50,107,3.243981387708568
50,108,2.775523521949663
50,109,3.188618250267272
50,110,2.8439604038531687
50,111,2.989230945411015
50,112,3.1924496354270153
50,113,3.0364279735421786
50,114,2.679141032945046
50,115,2.9475909914861305
50,116,2.8780640869521656
50,117,3.078121104444362
50,118,2.754275931010974
50,119,2.890128937241828
50,120,2.777675320991437
50,121,3.357946652654728
50,122,3.591534133702356
50,123,3.2081364896778486
50,124,2.8566501402743896
50,125,2.770426341989209
50,126,3.0599716765840093
50,127,2.6909404378072286
50,128,2.738238748871802
50,129,2.7822434376842042
50,130,2.779275325101839
50,131,2.9530407172803947
50,132,4.9599190198172405
50,133,2.8187179933557482
50,134,2.914862415596629
50,135,2.8120260867499525
50,136,2.9755501936665794
50,137,3.4221396171670135
50,138,2.9242626371053952
50,139,3.158869517883888
50,140,2.7425112168405605
50,141,2.961719008149833
50,142,2.65255625320963
50,143,2.5873849386784147
50,144,2.929400770672466
50,145,2.7682536785536924
50,146,2.6793512488231155
50,147,2.926794680300431
50,148,2.7174371694242057
50,149,3.3018561149832
50,150,3.1762946994261116
50,151,2.793294056487694
50,152,2.704788545105245
50,153,4.729661463893894
50,154,3.4818518024791665
50,155,2.836410398895296
50,156,2.6807211115010006
50,157,3.1538820358583886
50,158,3.2314676666841495
50,159,2.783976528362094
50,160,2.9906294831800992
50,161,2.8681351127570043
50,162,4.6832908521511225
50,163,2.6627850884831687
50,164,2.92113341396649
50,165,2.9910453819957574
50,166,2.925832467387367
50,167,2.8377666230310337
50,168,2.9115378858048997
50,169,4.005767646987318
50,170,3.0230011436974795
50,171,2.812617065842672
50,172,3.1097719782551456
50,173,2.825945153559356
50,174,2.7067487230000142
50,175,2.7050665131467975
50,176,2.8411982015911152
50,177,3.433683721068275
50,178,2.698502248034481
50,179,4.829193173622654
50,180,2.7568182180778744
50,181,2.8057535830607785
50,182,3.06041364880944
50,183,2.8729176768493825
50,184,2.490756185422197
50,185,3.4927356941370897
50,186,3.0354491389571714
50,187,2.7114306805185766
50,188,2.943718309137511
50,189,2.777189338205116
50,190,2.8745005227279266
50,191,2.863147330773395
50,192,3.0146175675823303
50,193,2.831966391946775
50,194,2.810432691740166
50,195,2.8276146105464894
50,196,3.0551321682312427
50,197,3.145500892417488
50,198,2.778194021433783
50,199,2.629733631375912
50,200,3.392879990880196
50,201,2.8525082739884553
50,202,2.733047892300484
50,203,2.7954885509067138
50,204,2.8402109455629807
50,205,3.223625089149122
50,206,2.972709051742376
50,207,2.8326115448183447
50,208,2.6544211863518345
50,209,2.805836354328343
50,210,2.7880901937599565
50,211,2.955516211324831
50,212,2.944599731208167
50,213,3.450208131886673
50,214,2.7998121193105616
50,215,2.813542785618294
50,216,2.665248764260026
50,217,3.2764681864514515
50,218,2.8125295827465786
50,219,2.8324745091508063
50,220,2.8174901786311546
50,221,2.577670667972002
50,222,2.704108853833677
50,223,2.8094138404201994
50,224,2.7085835920791097
50,225,3.0577425437220382
50,226,2.842619128709748
50,227,3.168208708296783
50,228,2.8488911971901216
50,229,3.364299709875025
50,230,2.936816504305967
50,231,2.677325413349287
50,232,2.911776635394225
50,233,2.7150622214644056
50,234,2.8849800781368407
50,235,2.7777371899471706
50,236,3.1791255343130125
50,237,2.816836271689818
50,238,3.4199402598523325
50,239,3.125724698015334
50,240,3.378400330179869
50,241,2.590116527044891
50,242,3.115946662425714
50,243,2.7528827974501926
50,244,2.828844174106855
50,245,3.339741023146194
50,246,2.7543067789644433
50,247,3.165717397127738
50,248,2.85105361268351
50,249,2.712748810378037
50,250,3.6907941753025417
50,251,2.8641797762338315
50,252,3.0283741464002456
50,253,2.667687261879449
50,254,2.777535425455767
50,255,2.737737817709729
50,256,3.1902430914702453
50,257,3.0888840325996707
50,258,3.0145534879142546
50,259,2.665695040636815
50,260,3.2664182405881586
50,261,3.2121162918301116
50,262,2.628051356321737
50,263,2.9213815478345015
50,264,2.7533681521248043
50,265,3.6746837674374047
50,266,2.9622843125767937
50,267,3.15287374837159
50,268,2.960367221179833
50,269,2.8812255132369518
50,270,2.8955896130665506
50,271,3.1288960874582235
50,272,3.032701305180387
50,273,3.5513280495467017
50,274,2.915767169228909
50,275,2.9415231217607705
50,276,2.8671365046782156
50,277,2.713622737769689
50,278,2.8784082871141017
50,279,3.110079518958549
50,280,3.345383217369065
50,281,2.807708657606447
50,282,2.6344092196585436
50,283,2.797617057330745
50,284,2.9256628800275766
50,285,3.937474749108652
50,286,3.06464603830305
50,287,2.632545035091442
50,288,2.8631224535132915
50,289,2.713111098530744
50,290,2.7451455457272464
50,291,2.9939437158056084
50,292,2.726744924243076
50,293,2.8114625515441714
50,294,3.174393434033645
50,295,2.744715568502271
50,296,2.852610431720771
50,297,2.7245800808891647
50,298,2.727666182884927
50,299,2.78050245663411
50,300,2.9083463594628647
50,301,2.8557314310412303
50,302,3.4071561043266896
50,303,2.7927027196533944
50,304,2.7541107330612506
50,305,2.8591875777763818
50,306,2.7250246852031386
50,307,2.767499041436397
50,308,2.7980031080130217
50,309,2.747046890548833
50,310,2.8958224701595623
50,311,2.8715940842102756
50,312,2.857245922103461
50,313,3.5825914214819465
50,314,2.7316024867229096
50,315,2.7423998112979597
50,316,2.7827086447951985
50,317,4.035106470693767
50,318,3.2108016885500277
50,319,3.017754075782147
50,320,3.1713869325841095
50,321,2.6771823696382246
50,322,3.086255363248257
50,323,2.645846061733849
50,324,2.9499056222465057
50,325,3.0504302161900725
50,326,2.8685645893227965
50,327,2.610417118878998
50,328,2.9248443919830547
50,329,3.961259177006435
50,330,2.8339888667110875
50,331,2.825741270333787
50,332,3.10482497291956
50,333,2.8029694502523927
50,334,2.697611341520942
50,335,3.24657880857347
50,336,3.1792449345629725
50,337,2.9244541050076487
50,338,2.76561215748008
50,339,3.0716600101597513
50,340,3.0934031513911386
50,341,2.788367652262487
50,342,2.802457222589851
50,343,2.761975427394749
50,344,2.8295022496288755
50,345,2.795112336703048
50,346,2.8473407828343253
50,347,2.8517282331244957
50,348,2.7192112287415284
50,349,2.8132012673602134
50,350,2.6570091715507056
50,351,2.868342768556327
50,352,2.8799017365327377
50,353,2.8357851308545525
50,354,2.8106320147319748
50,355,3.0483447135912805
50,356,2.7530483044224257
50,357,2.9565123432156355
50,358,3.2495652646040982
50,359,2.86932173805345
50,360,2.9909924832050288
50,361,2.9618648913940224
50,362,2.9683779797589858
50,363,2.956196153269232
50,364,2.6428362258049454
50,365,2.880045058977306
50,366,2.6419087523059748
50,367,2.944798455367178
50,368,2.953441420889677
50,369,2.7675978050469183
50,370,2.7140886964788624
50,371,2.8261117469019617
50,372,2.7002703503463272
50,373,2.632365038230464
50,374,3.0131105417995148
50,375,2.8609501523351715
50,376,2.789336056000165
50,377,2.732374474597235
50,378,3.0893536132935964
50,379,3.171995570511942
50,380,2.887739232754986
50,381,2.602899305325535
50,382,2.9355124806826876
50,383,3.312367686336686
50,384,3.130698491223595
50,385,2.8464947881765323
50,386,2.8019336256037173
50,387,2.6869716734405125
50,388,3.045118799574142
50,389,3.57476148902981
50,390,2.663888932043834
50,391,2.82564802247485
50,392,2.799004867892992
50,393,2.898693823602559
50,394,2.83336777394436
50,395,2.72527470547359
50,396,2.7769631682753535
50,397,3.2275302276605085
50,398,3.117871121448964
50,399,2.8806460805851284
50,400,2.816225369000751
50,401,9.744535798919925
50,402,3.0070776235757006
50,403,3.2070356349162514
50,404,2.542878578013817
50,405,2.7897875728083865
50,406,3.0696881835308645
50,407,3.859259310707356
50,408,2.946276162201686
50,409,2.7229856218201323
50,410,3.1942932407556706
50,411,2.7948509896695084
50,412,3.4194823813299364
50,413,2.7536381229246327
50,414,2.8037186914862033
50,415,2.770257903602953
50,416,3.290176880243322
50,417,2.8561392234116174
50,418,3.019443341775012
50,419,2.8010376460284716
50,420,2.87182127392205
50,421,2.863485374040476
50,422,3.3401471883670166
50,423,2.8721835320706752
50,424,2.7930174045010303
50,425,3.8150134334295793
50,426,2.857341619954399
50,427,3.033301274277439
50,428,2.970895369052193
50,429,2.597956094191324
50,430,3.0601446428424395
50,431,2.8708263311370885
50,432,3.0570816673964347
50,433,2.8306511581341627
50,434,2.7984507847603193
50,435,2.9737068883449425
50,436,3.1611805321755972
50,437,2.8890046518026473
50,438,2.691114250842061
50,439,2.9041178235376917
50,440,3.145632997602504
50,441,2.6740414751760486
50,442,2.895984683074173
50,443,2.759114893914672
50,444,2.6919558895573275
50,445,3.077387482436845
50,446,3.1786145434997337
50,447,2.7951246896835107
50,448,2.7680940054356182
50,449,3.0166812971163592
50,450,3.0068405483396567
50,451,2.5987069145707933
50,452,3.545293432289591
50,453,2.860022222881682
50,454,2.9004708234447354
50,455,2.9117749874236303
50,456,2.9521505867434756
50,457,2.8170333397118537
50,458,2.8582767540853817
50,459,2.663163019458323
50,460,2.8053866315439286
50,461,3.196588307161271
50,462,3.3690983671836565
50,463,2.860136557654463
50,464,2.9023647099046754
50,465,2.981185426368322
50,466,2.791578498102166
50,467,2.658818812301113
50,468,2.8591123290566594
50,469,2.658886038932043
50,470,2.755519514189094
50,471,2.7849481252202004
50,472,2.5986400150731557
50,473,2.7723062659546387
50,474,3.1352704627801247
50,475,3.260283949321572
50,476,3.2466933592554468
50,477,2.954184962156989
50,478,3.3303215964216055
50,479,2.6859251601087215
50,480,2.888821326046179
50,481,2.747472084893006
50,482,2.6474358482709475
50,483,3.096103473014794
50,484,2.708265454432891
50,485,2.8031108503245106
50,486,3.189156408921666
50,487,2.97640824674188
50,488,3.196355017163733
50,489,3.1769349137682954
50,490,3.3744611490072347
50,491,2.7861841699838177
50,492,2.9874762297282076
50,493,3.1373068418425936
50,494,2.8440708271349204
50,495,2.9414886580037947
50,496,2.8772800494939643
50,497,2.966840882234498
50,498,2.7304913354869136
50,499,3.6972420206350938
60,0,2.6008914504527367
60,1,2.873302608068937
60,2,2.8596371489211347
60,3,3.0473456684713556
60,4,3.5904176402869736
60,5,3.425054186766329
60,6,2.6942899920423398
60,7,3.7851927648410633
60,8,3.226676031336543
60,9,2.650747164185904
60,10,2.9560630227590567
60,11,2.7645674689640005
60,12,2.7004043209746564
60,13,3.020549203296839
60,14,2.8724573716612296
60,15,2.6067267830428364
60,16,3.441093099532561
60,17,3.3058390698519577
60,18,3.6547444902010913
60,19,2.6999023925960457
60,20,3.376289032923987
60,21,3.242562834657837
60,22,3.172067323344842
60,23,3.2015425365013495
60,24,2.7252775428989517
60,25,2.820395377150795
60,26,2.972070536010668
60,27,2.787780614378435
60,28,3.585815514305228
60,29,2.660073784530457
60,30,3.941443762539053
60,31,3.3014889914973913
60,32,2.8653997187857296
60,33,3.570949552868066
60,34,3.2026949362601433
60,35,3.4151301816035935
60,36,2.7936181269588114
60,37,2.774965816041077
60,38,3.1998944076343205
60,39,2.713448422042004
60,40,3.055116381277711
60,41,2.674912730651181
60,42,2.912298804489857
60,43,3.717519251761189
60,44,2.9394541585754292
60,45,2.789855783850919
60,46,2.7252560413751707
60,47,2.845559327031135
60,48,3.155491254603221
60,49,2.7295014381568414
60,50,3.520890627381528
60,51,2.7925413172597913
60,52,2.8472788321767206
60,53,2.968231819406509
60,54,2.7010843545056487
60,55,2.8953439555186584
60,56,2.708939466268872
60,57,2.6677181031669095
60,58,3.1130419690007862
60,59,3.006613525517582
60,60,3.5544713773610344
60,61,3.546321070046483
60,62,2.7191049023024956
60,63,3.2177754125337374
60,64,2.6843290295655162
60,65,2.7694895143206724
60,66,2.8212380308505605
60,67,3.7284556142219847
60,68,2.8272387761650575
60,69,3.385297778117703
60,70,3.4932422570609
60,71,2.762419539091144
60,72,2.833046145180255
60,73,2.8335651520653937
60,74,2.788790634952401
60,75,2.9244417240694247
60,76,2.8072127635639053
60,77,3.211209075705036
60,78,3.162910655079427
60,79,2.7144145805921327
60,80,3.1402242134500122
60,81,2.8361030623571652
60,82,2.988157040721477
60,83,3.1527989670580956
60,84,2.7451205067968854
60,85,3.114222644115534
60,86,2.8429346386987233
60,87,2.7430716669381567
60,88,3.337056085641026
60,89,4.2577725767201855
60,90,3.883761991128517
60,91,2.78616593385814
60,92,2.686397775222236
60,93,2.8724380797150912
60,94,3.1981350096872783
60,95,2.7254274319904694
60,96,2.8016428790303287
60,97,3.109525849024213
60,98,3.5091710188673284
60,99,2.662214173882217
60,100,2.9179359225596357
60,101,3.0957957393082514
60,102,2.8528768468614674
60,103,2.6535289434882703
60,104,3.0387269048725063
60,105,3.0794964061299175
60,106,3.4261820979140274
60,107,3.4476680942835403
60,108,3.26783629953129
60,109,2.914729214226006
60,110,2.7932196628273878
60,111,2.715962794583275
60,112,3.7372491662788807
60,113,3.8294843733687713
60,114,3.387175561874603
60,115,3.0360419429505705
60,116,2.8204210945872807
60,117,3.1494802743973995
60,118,2.938429942680321
60,119,3.153684734501358
60,120,3.352594047028224
60,121,3.9972639263962497
60,122,3.2765289279891827
60,123,3.8243878352977085
60,124,2.692659239176106
60,125,2.938995521358678
60,126,2.969789835486855
60,127,3.0344072077591955
60,128,2.8313107583693418
60,129,3.4372743005635837
60,130,2.640838840960953
60,131,2.8891140543368596
60,132,3.148990767851525
60,133,3.323953725504202
60,134,2.7115283147313245
60,135,3.309325709181673
60,136,3.126944511515318
60,137,3.0887386649348536
60,138,2.964255955856455
60,139,2.7852565634333257
60,140,4.118938033187335
60,141,2.9664881422851264
60,142,2.7140307580600687
60,143,3.495284838382415
60,144,3.433675910148034
60,145,2.976203835664159
60,146,2.793689224597436
60,147,2.771068972322263
60,148,2.8094417327858827
60,149,2.9678559903192308
60,150,2.630406710032718
60,151,2.869187274696624
60,152,3.8484346620334846
60,153,2.9263577225407675
60,154,3.4761274040723635
60,155,2.8499447502088735
60,156,3.395627219480848
60,157,2.886131192893026
60,158,3.513601556351856
60,159,2.6733928167611283
60,160,2.9128796410114797
60,161,4.048142909245681
60,162,4.591231756331334
60,163,2.700643644785042
60,164,2.9911388265960714
60,165,2.674666654386475
60,166,3.098461750696963
60,167,2.821113588122981
60,168,3.521609509299677
60,169,4.804555492898451
60,170,2.868922233255054
60,171,2.842364312237457
60,172,2.7378073723003777
60,173,3.7044290361607355
60,174,2.909661905850481
60,175,4.635213970772874
60,176,3.8653268165438543
60,177,3.330887883710161
60,178,3.888543763336285
60,179,2.890444879459053
60,180,3.062368311473239
60,181,2.719135124158016
60,182,3.0791458855145506
60,183,2.6413275849031126
60,184,3.08216833057975
60,185,3.095861474014633
60,186,2.9836664743594956
60,187,3.043856736643919
60,188,3.332107116493949
60,189,2.716462937523174
60,190,2.86145636656794
60,191,3.8935263588532303
60,192,3.2676468248767336
60,193,3.0556440643040155
60,194,3.3763851655984545
60,195,3.136970944153463
60,196,2.6649550082357463
60,197,3.0148288954561893
60,198,3.399693209563555
60,199,2.876648879688103
60,200,3.6536290329518826
60,201,2.7609755412102253
60,202,2.8165618241144665
60,203,2.7179744705191795
60,204,2.7020592046035956
60,205,4.386450223167942
60,206,4.974884756961374
60,207,3.250533574869019
60,208,3.803402836044227
60,209,3.1443276947845256
60,210,2.7156479705334373
60,211,2.7298707016908885
60,212,3.119257460970413
60,213,2.8292995270098755
60,214,2.7168927799798595
60,215,3.4444875515943565
60,216,2.8582496652268863
60,217,3.055674055961543
60,218,2.7550501593376793
60,219,2.8866372238208076
60,220,2.725213199034975
60,221,3.026059763735049
60,222,3.0502140928076944
60,223,2.8466993906166427
60,224,3.100341221344825
60,225,2.8415458012813137
60,226,2.710753763920116
60,227,3.061257564872354
60,228,3.7731773700733524
60,229,2.875202043089543
60,230,2.6991701366187812
60,231,2.9989740099633764
60,232,3.2718353933955013
60,233,2.937817270858267
60,234,2.761781914450333
60,235,3.930834126539109
60,236,3.127573695521389
60,237,2.715110426577258
60,238,2.820056749628478
60,239,3.4508475727132084
60,240,2.9098258878658894
60,241,3.3456625700687566
60,242,3.24819351261947
60,243,3.6404121640885987
60,244,2.774804509639924
60,245,3.2506475007434186
60,246,2.5551773562077122
60,247,3.2347097161279823
60,248,2.963937001045781
60,249,2.7613692747577048
60,250,3.2601834885429324
60,251,3.739950522231852
60,252,3.1476314493747797
60,253,2.8024241054412014
60,254,2.7728274980904097
60,255,3.0389521896407707
60,256,3.0015298540702706
60,257,3.5915272629142496
60,258,2.712956370311346
60,259,2.9300139525570623
60,260,2.8523575508147867
60,261,2.754471920135623
60,262,2.760318717456983
60,263,3.473944144266945
60,264,3.0297397434655986
60,265,3.2378095943021044
60,266,2.8214205474714937
60,267,2.7905794562157626
60,268,3.606277309917144
60,269,2.962731008840047
60,270,2.984323924893276
60,271,3.1775732663856164
60,272,2.9102341279495327
60,273,3.5870736181283323
60,274,3.1400160478466166
60,275,2.7504378636875266
60,276,3.647781813693227
60,277,2.8855149888135427
60,278,3.2490710666967084
60,279,2.8760736416228703
60,280,2.8864143450303974
60,281,3.054012253507793
60,282,3.125447800872379
60,283,3.1373132429238124
60,284,2.8581581092050405
60,285,3.4275266761834966
60,286,3.508612712176022
60,287,2.754307081505758
60,288,3.1486547668670477
60,289,3.729550277663433
60,290,2.7528947093869176
60,291,2.646034275944711
60,292,2.798279268401718
60,293,3.0202076079704927
60,294,2.818904403018525
60,295,2.8087578682667926
60,296,3.0116829722552994
60,297,3.383066607903562
60,298,2.941006677637079
60,299,3.527722388176946
60,300,3.0451564573639933
60,301,3.3858336864580165
60,302,2.6997972247738695
60,303,2.748830879681303
60,304,3.4277403288074417
60,305,2.9221443790997856
60,306,2.6772524124695027
60,307,3.7843647817761767
60,308,3.4284869000726674
60,309,3.6500456230243365
60,310,2.8648392214898886
60,311,3.4281564893493415
60,312,3.0130722501044014
60,313,3.5654513615879937
60,314,3.7590936343592687
60,315,2.817700590301423
60,316,2.8478761970567477
60,317,3.5676470759061996
60,318,3.2040355110330627
60,319,3.7684483335833843
60,320,3.563051106402204
60,321,2.9119130022024393
60,322,2.8727371392811922
60,323,3.5932923477453302
60,324,2.933872251484087
60,325,3.228234550691871
60,326,2.9816482128546933
60,327,2.770230776235152
60,328,2.962460366950926
60,329,3.0081836845460237
60,330,3.082901222552936
60,331,3.6582713752881193
60,332,2.724925630320641
60,333,2.730507428528657
60,334,2.8271838985436553
60,335,3.0050209971872084
60,336,2.815616369728916
60,337,2.9331759931091828
60,338,3.149914672190622
60,339,2.7225130046161166
60,340,3.272453225000394
60,341,2.9123722721686556
60,342,3.115644154435612
60,343,3.2931987892650705
60,344,3.9889222296930975
60,345,2.807400556662081
60,346,2.986332264341879
60,347,2.7782028856311243
60,348,2.8220780686487084
60,349,2.925311766783468
60,350,3.234567565027152
60,351,4.127538819506438
60,352,2.8798444267135808
60,353,3.1308976239852364
60,354,3.1250164430474356
60,355,3.233646521945419
60,356,3.431781413893857
60,357,2.76678826885421
60,358,3.0952847502375036
60,359,4.766210160728556
60,360,3.015932164082775
60,361,2.665998258943413
60,362,3.2678790301287663
60,363,2.6237788996919833
60,364,2.999014621626073
60,365,3.739847728699068
60,366,3.7937236295282757
60,367,3.0203396522126753
60,368,2.9038470959922345
60,369,2.95184516017027
60,370,2.789380493812128
60,371,3.3152069984992765
60,372,2.727450288125914
60,373,3.148036428885044
60,374,3.1931055585287393
60,375,3.202649634146682
60,376,2.842372911399706
60,377,3.3740835381325107
60,378,3.239347759917372
60,379,3.113697130638815
60,380,2.9953910023131423
60,381,2.881960852911951
60,382,2.681149760447119
60,383,2.7819408304850266
60,384,2.711596240457706
60,385,3.36577597104049
60,386,2.6879376743552
60,387,4.40013912173153
60,388,2.959148915501252
60,389,2.78393534830473
60,390,2.7656416581846948
60,391,2.996164281112978
60,392,3.1642217485664452
60,393,2.754873814642801
60,394,2.6151407504440964
60,395,2.65928807183843
60,396,3.0541396940978776
60,397,2.6832039381465913
60,398,3.059501339924442
60,399,3.207716367710196
60,400,2.7286599307949624
60,401,2.8753294181205065
60,402,3.061308756952375
60,403,3.7425216352179174
60,404,3.8216188021334876
60,405,2.883040821120595
60,406,2.9510835164028895
60,407,2.6393084386599233
60,408,4.2566255656840335
60,409,3.1514175382024163
60,410,2.561511048892502
60,411,3.202228501011893
60,412,2.7596207372458195
60,413,3.520935605212109
60,414,2.927623518312545
60,415,2.9853356888356357
60,416,2.8313226767478428
60,417,3.1702192926363524
60,418,2.917260097894241
60,419,3.0571635921193123
60,420,3.0617501767082564
60,421,2.7476434177843085
60,422,2.8826392858611145
60,423,4.263812611320829
60,424,2.6636892623803865
60,425,3.946035569531853
60,426,3.3117839764401307
60,427,3.0111866167689523
60,428,2.8793239984277816
60,429,2.827562934841935
60,430,3.105369389187298
60,431,2.938909886816141
60,432,2.710438987275265
60,433,2.8526728354625814
60,434,3.6321788323577318
60,435,3.2636199054902897
60,436,4.325934980191293
60,437,2.6274695590554713
60,438,3.6194965385019864
60,439,2.7973862712929347
60,440,2.611022528602791
60,441,2.880442157138813
60,442,2.859063235272035
60,443,2.972421843771302
60,444,2.892871158866652
60,445,3.160378524435844
60,446,2.935662316341479
60,447,2.7483163532538737
60,448,2.865785185756694
60,449,3.511357300881735
60,450,3.069365686242813
60,451,3.7210604455006315
60,452,2.908262206657141
60,453,3.090147568158141
60,454,2.95704398871877
60,455,2.8743589534448377
60,456,3.183305169377434
60,457,3.0273548631762877
60,458,2.8778023239841963
60,459,2.7762742148330006
60,460,2.895864058291543
60,461,3.4813202924976454
60,462,3.226839874284688
60,463,2.584915719277465
60,464,2.9851691523682815
60,465,3.286749426211774
60,466,3.132951717111645
60,467,2.8934076497273074
60,468,2.8641585452849414
60,469,2.826195693815221
60,470,3.005290539288019
60,471,2.886874491682936
60,472,2.8080989616105083
60,473,3.68186967104845
60,474,2.729225942307683
60,475,2.677696737846123
60,476,2.740582506339477
60,477,2.741351840721259
60,478,3.719646918505771
60,479,3.3662684416714845
60,480,3.2826788230182418
60,481,3.2142114986827055
60,482,2.775621979115208
60,483,3.648152529271935
60,484,2.7212650446560387
60,485,3.176967731693971
60,486,3.563600407328795
60,487,2.967718577054401
60,488,2.905716905977547
60,489,2.8105392178220794
60,490,2.937407235141902
60,491,3.8371081597172756
60,492,2.809617177477852
60,493,2.81853356490817
60,494,3.3337463294131195
60,495,2.9410562004400025
60,496,2.966804193069293
60,497,3.0682000606625
60,498,4.909505915944181
60,499,2.7047055863202845
70,0,3.6499889503925695
70,1,4.67772362331938
70,2,2.7093188171549154
70,3,2.687346931091145
70,4,2.696717331452449
70,5,3.842461982202868
70,6,3.4369959804850865
70,7,3.2427775902781306
70,8,3.2995504479864572
70,9,2.9543928922371143
70,10,2.864614261176029
70,11,3.49943303349824
70,12,5.495428864716169
70,13,3.055755268535574
70,14,3.3315280570133057
70,15,3.3263455707397793
70,16,3.3861078000693614
70,17,2.889020968823865
70,18,3.3123557583471057
70,19,3.79339023564493
70,20,2.8934493623341515
70,21,2.726816826250943
70,22,3.3374342000805375
70,23,3.2139085174668014
70,24,2.936867237306349
70,25,3.32916495005182
70,26,2.7518305936298275
70,27,2.802755541728607
70,28,3.1173236415161054
70,29,3.3892245347287546
70,30,3.285999513902757
70,31,2.9094103285283595
70,32,3.7379037716964763
70,33,3.015067757187073
70,34,3.1379071662416673
70,35,3.51392234495302
70,36,2.8547470840445284
70,37,3.700797743184429
70,38,6.40324143168713
70,39,3.416231423974799
70,40,2.9701368805755863
70,41,2.930968643469169
70,42,3.573784782938572
70,43,2.859484006720026
70,44,2.8279069229030522
70,45,4.136282740455629
70,46,3.252979199671845
70,47,2.9801760153428143
70,48,4.046299463234709
70,49,5.367603798857243
70,50,3.009346638439541
70,51,2.9717189596191513
70,52,2.67842085562064
70,53,2.812751714660089
70,54,3.3279332586243466
70,55,5.152422053387231
70,56,3.1920569389543942
70,57,2.75829282659831
70,58,4.999056325596132
70,59,2.74213696133166
70,60,4.111373842367486
70,61,3.070566331498792
70,62,3.1567083184114346
70,63,3.089258097104972
70,64,3.0074023177689626
70,65,2.5431330050191554
70,66,3.0143745903955677
70,67,3.059838761647628
70,68,2.983737957442327
70,69,2.893684255985887
70,70,2.871730722864344
70,71,2.824734336697685
70,72,2.9861186512191877
70,73,3.469148270434832
70,74,3.002425019654502
70,75,4.718407734708402
70,76,3.448942665688322
70,77,2.77342008148566
70,78,2.9082716042988372
70,79,3.2660326586092547
70,80,3.500095054577729
70,81,3.7361659830811913
70,82,3.0135602705546978
70,83,3.4526425534711866
70,84,6.024556611400359
70,85,3.312320899916461
70,86,2.906928804831128
70,87,3.51151174965045
70,88,3.802916344908305
70,89,4.364757266561687
70,90,4.279080961751959
70,91,3.2711023310466154
70,92,2.6698562624662667
70,93,2.741713749448951
70,94,2.6640100194794205
70,95,2.7193193536226135
70,96,2.9115721730333055
70,97,3.4277218701583982
70,98,2.925179229371041
70,99,3.5720698944141724
70,100,3.0157348911615536
70,101,2.686322765139323
70,102,2.833140396872557
70,103,3.3095952857688884
70,104,4.62324697741179
70,105,3.1990663048927694
70,106,2.79606535148034
70,107,4.703716820786131
70,108,2.833069300053598
70,109,2.76851205162169
70,110,3.8339900810001164
70,111,2.863119081012828
70,112,2.7026730054116044
70,113,3.6763145511490327
70,114,3.1374268868574706
70,115,2.8528337217977233
70,116,3.10027927643197
70,117,3.074876593043935
70,118,3.0314811203180265
70,119,3.131401733746522
70,120,4.965247586970937
70,121,3.4364813758561743
70,122,3.630768518804971
70,123,2.7612174481914082
70,124,2.820300429544738
70,125,3.1324137010232334
70,126,2.8223054888332153
70,127,3.5537651882888177
70,128,3.09510942468828
70,129,3.0779053064300586
70,130,2.7604516416768528
70,131,5.597662641391
70,132,3.0452811874327663
70,133,3.06691695365847
70,134,4.032184174308566
70,135,2.950586278433001
70,136,4.822645718215961
70,137,2.778274371209635
70,138,3.0724793823822933
70,139,3.7550916577291633
70,140,3.352307331401246
70,141,2.770142549018673
70,142,3.21922471114372
70,143,3.3471095479778596
70,144,2.8695063454746625
70,145,2.800155899495629
70,146,2.844432412734422
70,147,2.953769418510379
70,148,3.4220990880686375
70,149,2.825308537203216
70,150,3.207207382421264
70,151,3.3550324853366456
70,152,3.1535509529197703
70,153,2.8133026487326274
70,154,4.549920974275972
70,155,2.900368540590128
70,156,2.8306645862666837
70,157,2.653445143134544
70,158,3.3297309878141714
70,159,4.195189021404159
70,160,2.8357416148589736
70,161,2.987241589159855
70,162,3.0188501412733206
70,163,2.822104086563285
70,164,3.013494183417857
70,165,3.0444301210633786
70,166,4.098597609867108
70,167,2.7707891187185676
70,168,2.7671060090472848
70,169,3.08566783668821
70,170,3.099771231129756
70,171,3.436604545472716
70,172,3.2689120677858035
70,173,2.8959365057288897
70,174,2.8192557055871896
70,175,2.875464483284124
70,176,2.8265064338156973
70,177,2.904213464769404
70,178,3.2328639895903915
70,179,3.0978804468096013
70,180,3.37664030311399
70,181,2.9935046512801446
70,182,5.474861192683009
70,183,2.8491820696216528
70,184,2.7148422477253047
70,185,3.3528029877826264
70,186,3.1667125804773875
70,187,2.869568386288847
70,188,2.7830967744954593
70,189,3.3277684008305917
70,190,2.908482490428499
70,191,2.8049726768611305
70,192,4.461055864361406
70,193,3.09509404933881
70,194,2.7326038867170843
70,195,3.2943241964076906
70,196,2.8923370820972925
70,197,3.339756439242782
70,198,3.0852607426284764
70,199,3.232478431220533
70,200,2.8487334937745046
70,201,3.459038900712985
70,202,3.126945241648016
70,203,3.468855012572943
70,204,4.1783000392197485
70,205,2.903115149684416
70,206,7.605553514094751
70,207,3.272247686164679
70,208,2.9199562759727438
70,209,2.850434309390966
70,210,3.013055928881409
70,211,3.9483145786603
70,212,3.3976307546730142
70,213,3.717658474468437
70,214,3.0375990572601834
70,215,3.8030510873187366
70,216,2.892685240673427
70,217,2.808475924151653
70,218,3.184495462804081
70,219,3.540580150561335
70,220,3.3670660450743135
70,221,2.7556243144928976
70,222,3.1971728639176225
70,223,3.556192834909653
70,224,3.469020556586095
70,225,2.723632060059725
70,226,4.153070216766046
70,227,2.9680620953111743
70,228,3.6469944131826524
70,229,3.103866286362972
70,230,3.091802241867669
70,231,2.7736932150027243
70,232,2.873764702955338
70,233,2.7285047889974354
70,234,4.670701454259002
70,235,2.956300452826606
70,236,3.1234492345494376
70,237,3.2142149789455297
70,238,5.2554799879083784
70,239,2.974531597969241
70,240,2.650593591655647
70,241,3.021453848414415
70,242,2.954224572200583
70,243,2.9823287572931076
70,244,3.9743693654027012
70,245,4.228117353902847
70,246,4.155477573438838
70,247,2.882206117953591
70,248,2.8455511814716212
70,249,2.823916162636099
70,250,3.3322492627401252
70,251,3.3495497459399566
70,252,2.908600842783337
70,253,3.3061817221451317
70,254,3.3874015897787197
70,255,3.0976587243613007
70,256,3.5520967316850434
70,257,3.9857134484390153
70,258,2.7006950244360897
70,259,2.972968488036856
70,260,2.883695791402556
70,261,3.1105244860003722
70,262,4.22694555520365
70,263,3.293678227028219
70,264,2.707492034178247
70,265,3.7828435626178947
70,266,2.8727525595783523
70,267,3.2617902533913155
70,268,2.8863012928740783
70,269,3.193701222276719
70,270,4.035032172351943
70,271,3.0400576264331622
70,272,3.2714288832749983
70,273,2.81023731713073
70,274,4.446117234838097
70,275,5.203770297087709
70,276,3.0024798032347557
70,277,3.17772723718508
70,278,4.131240965312246
70,279,4.024304060997717
70,280,2.6016936688801806
70,281,3.204809057491689
70,282,3.482825241899553
70,283,2.8453346898696554
70,284,3.0006641827952625
70,285,3.290636854056119
70,286,2.7216372222644107
70,287,2.9671752759226786
70,288,2.75259763652296
70,289,3.300708400414291
70,290,3.4625108271071987
70,291,2.662258278846336
70,292,3.942329587038777
70,293,3.2449973114737576
70,294,3.201426062341892
70,295,2.884364237210468
70,296,2.971690694189053
70,297,3.563305190537527
70,298,4.969830902979579
70,299,3.3571597328520735
70,300,2.9594550927919108
70,301,3.41484550069992
70,302,3.166318639212638
70,303,4.021536097815672
70,304,3.84085651006067
70,305,2.787920872788863
70,306,4.918044812944919
70,307,4.079160216462497
70,308,3.2742164507559792
70,309,4.571207006352075
70,310,2.843900448569342
70,311,3.704904032451827
70,312,3.8665827629167295
70,313,3.063029837115111
70,314,3.351787160636945
70,315,6.455293690221062
70,316,2.8310299267806682
70,317,3.1405397197691896
70,318,3.942033843506355
70,319,3.0701055757343734
70,320,3.8916968725285948
70,321,2.85273917360239
70,322,2.984766713873085
70,323,2.829779684894164
70,324,3.219148463656562
70,325,2.9888047698645965
70,326,2.886294667827928
70,327,3.707187850631618
70,328,2.7834319146483
70,329,3.1988311690694475
70,330,5.425023203139644
70,331,3.2711183248081177
70,332,4.0222840251382745
70,333,3.2615654014203708
70,334,3.005419633621031
70,335,3.296099193275765
70,336,2.819036422495398
70,337,3.0095688865602512
70,338,2.8134492665986612
70,339,3.9145566831507708
70,340,2.9601088473442916
70,341,3.603785961473474
70,342,3.6528813262530018
70,343,2.9101645093522492
70,344,2.9736130761952104
70,345,3.0513426941054504
70,346,3.005489526422261
70,347,3.4950129710467954
70,348,2.6376305051757827
70,349,3.372010760950486
70,350,2.660799433759281
70,351,3.6670144707299217
70,352,3.188253233495179
70,353,3.6535826866500574
70,354,3.126861392084035
70,355,3.3439940387223532
70,356,3.4796163322330735
70,357,5.11739740082612
70,358,2.7594620838747494
70,359,2.928184553108284
70,360,3.1012367166790957
70,361,2.8419725935095874
70,362,2.842531789693553
70,363,2.875597636394825
70,364,2.988085434242679
70,365,2.9205673554929685
70,366,2.8722583204997103
70,367,3.469347680448622
70,368,3.1767009074307753
70,369,3.0594733785810013
70,370,2.815932132029828
70,371,3.685812733960898
70,372,2.7097107052988503
70,373,2.98529151083962
70,374,3.2477778907065025
70,375,3.6053868524366246
70,376,2.7482309155796014
70,377,3.0785806755599965
70,378,4.07704697757551
70,379,2.802288268966215
70,380,3.473419193701739
70,381,3.119465447828775
70,382,2.905852592277699
70,383,2.9398390942979007
70,384,2.807804638875231
70,385,3.0346852807299647
70,386,2.772420072357168
70,387,2.786653836304204
70,388,2.8576880914352936
70,389,2.9318387136407993
70,390,2.825732090067287
70,391,2.7925881897387406
70,392,2.7073539947134773
70,393,3.262014378598872
70,394,3.0644216948500484
70,395,3.2264616103538537
70,396,3.7980372989751143
70,397,4.046127231856006
70,398,3.49017652486581
70,399,3.3788864553414473
70,400,2.8771710323864994
70,401,3.73758107122892
70,402,3.5374335913031056
70,403,2.7703785108402363
70,404,4.08482385415045
70,405,2.651931176687877
70,406,4.118406680719229
70,407,3.6659648259783886
70,408,4.379185268669196
70,409,3.051073622323328
70,410,2.8688322897839393
70,411,2.7333179689753493
70,412,3.1346019217311705
70,413,5.5017063950423655
70,414,2.9707361146154008
70,415,2.7952156905064958
70,416,4.181833879638664
70,417,3.481488063578464
70,418,3.451483125569601
70,419,4.260082763926119
70,420,3.634838378266272
70,421,2.9034518750388494
70,422,2.846412111257536
70,423,3.6095424669421723
70,424,4.377249384768744
70,425,3.753771755583197
70,426,3.274219505316484
70,427,2.795371660277948
70,428,2.938943632783174
70,429,3.3013427155752977
70,430,3.0582172974811117
70,431,3.834785923065467
70,432,3.695350201462996
70,433,4.088098731156279
70,434,3.3671511157740706
70,435,3.054830114210507
70,436,3.446658885219376
70,437,2.8586935505452935
70,438,2.804809188117177
70,439,2.8812116426409786
70,440,2.7736328154996768
70,441,3.2900344516403845
70,442,3.8340260851303976
70,443,2.9462428013579176
70,444,3.2382343450090856
70,445,3.390165424894968
70,446,3.9467895856250794
70,447,2.865172743990174
70,448,4.312288568949933
70,449,3.765685303054207
70,450,2.9830000478361507
70,451,3.2446182798122885
70,452,3.226868673110505
70,453,3.86878050324352
70,454,2.9994389125546737
70,455,3.5457787090783266
70,456,4.166035723782434
70,457,2.784311982637203
70,458,2.6533605192528897
70,459,2.934554744957941
70,460,3.123038559356844
70,461,2.8042918510464867
70,462,4.533450593323574
70,463,3.093310204469151
70,464,2.966233967874185
70,465,3.1612213684112467
70,466,4.361115773728209
70,467,3.6959587598607277
70,468,3.4883055544649557
70,469,2.9592087781774286
70,470,3.2860293766664928
70,471,3.963460382374185
70,472,2.9289822717764062
70,473,2.5555111059617457
70,474,3.7673368870120005
70,475,3.0811989656927015
70,476,3.0950829829548483
70,477,3.454451250993049
70,478,3.0563096883529313
70,479,3.051762615238871
70,480,4.527061586405841
70,481,2.8439473788868304
70,482,3.975866704169115
70,483,3.3371653158043
70,484,4.301714810423237
70,485,3.6605502021811107
70,486,3.149267022152014
70,487,5.032891554877936
70,488,3.258166890420368
70,489,4.1132699433545
70,490,3.559419740821249
70,491,2.6971172614522394
70,492,3.482213482919356
70,493,2.943273897373676
70,494,2.907343121082117
70,495,4.907035215723121
70,496,2.803117112970352
70,497,2.6898815919999284
70,498,2.901104419139414
70,499,3.1324038203571045
80,0,6.710503271891395
80,1,4.51735530937324
80,2,3.4331504134263398
80,3,2.9409425402667893
80,4,3.04394928397021
80,5,3.3158181229041426
80,6,5.723550711086961
80,7,5.308513918340592
80,8,4.7346712425206325
80,9,2.841954293492439
80,10,3.3858748041514533
80,11,3.866534038800967
80,12,3.8586640629974727
80,13,3.287828799890019
80,14,2.9802015465377303
80,15,2.991207105300766
80,16,5.761041471812772
80,17,3.030397448646363
80,18,3.5038201461631764
80,19,5.187031768882596
80,20,2.897726246054258
80,21,6.248680951848295
80,22,3.146546252278916
80,23,3.619865155146186
80,24,5.490988863224909
80,25,3.2434209509381504
80,26,4.346201745322055
80,27,3.7119556532895355
80,28,4.31071892925068
80,29,2.9655975970960284
80,30,5.935190212894616
80,31,9.13205389272844
80,32,4.0858263083283255
80,33,11.28790291477491
80,34,3.437833111547395
80,35,4.061831268257096
80,36,5.557222876851298
80,37,2.8652846964412686
80,38,3.3874805367656937
80,39,3.498720591054959
80,40,2.88233651063164
80,41,3.302238663539042
80,42,6.559002854054893
80,43,2.8728286939185086
80,44,4.35051980522523
80,45,4.27785344741602
80,46,9.538284881818562
80,47,4.695963205472207
80,48,4.076031381431198
80,49,3.920610924037266
80,50,3.3490864211771063
80,51,4.910454278677869
80,52,5.211248789938818
80,53,2.7140908643530133
80,54,3.0298147835224123
80,55,3.9613049571023606
80,56,7.452963644859957
80,57,3.907760479177439
80,58,5.630657510782246
80,59,6.924056388182047
80,60,3.6976200664310426
80,61,3.0474755350140037
80,62,4.019172105758494
80,63,2.968769055390078
80,64,3.9797787181358273
80,65,2.667731187499139
80,66,4.493512712978857
80,67,5.493954209061449
80,68,2.802340131937294
80,69,2.953548585763988
80,70,5.506895258717749
80,71,5.332077646551846
80,72,5.334658918125676
80,73,3.525666967932887
80,74,3.908235494133084
80,75,2.9099416007408343
80,76,5.213423671755405
80,77,6.206581354295422
80,78,3.7696870313861983
80,79,4.640731354512348
80,80,3.728783531326822
80,81,5.511752421393235
80,82,3.260842109751494
80,83,3.7016532568522362
80,84,4.152543980604037
80,85,4.0267532603373075
80,86,3.804091326190378
80,87,2.7956111558229932
80,88,3.1887926512450773
80,89,2.7891572188701974
80,90,4.392524652472845
80,91,3.8311493343145107
80,92,3.5147469461091516
80,93,3.1385470788192644
80,94,3.173017770157342
80,95,3.0081518922987933
80,96,4.2077048084903375
80,97,2.8132376828421863
80,98,3.927032130065187
80,99,2.503101316660002
80,100,3.153486023843053
80,101,5.035157833725528
80,102,3.2300106487253832
80,103,5.6095287331354555
80,104,3.0187487917193274
80,105,4.1351522968412935
80,106,5.227308105642913
80,107,3.379179784885676
80,108,5.794054054385081
80,109,4.500258592214926
80,110,3.0028338236244876
80,111,3.325559438433708
80,112,5.116090913172044
80,113,5.407601403223848
80,114,5.97363448587582
80,115,2.756778105780156
80,116,3.5393943232660097
80,117,4.326963183299576
80,118,3.9464850349510687
80,119,3.202252954314888
80,120,5.155761274947884
80,121,4.067499351297383
80,122,4.006772723215452
80,123,6.543155346593098
80,124,8.626859417299286
80,125,5.411836095800556
80,126,3.2975856214815717
80,127,3.9944004697234887
80,128,7.600948624620641
80,129,2.755157006848668
80,130,4.089924045925257
80,131,2.7641732055328774
80,132,6.846845774955001
80,133,2.962473174148555
80,134,3.9913202945098463
80,135,3.061541047790475
80,136,2.9911510414071403
80,137,4.222155574371119
80,138,3.3387326366587016
80,139,2.726151500053093
80,140,2.7948593715844074
80,141,4.604405351243962
80,142,2.938063939617403
80,143,4.650448312091281
80,144,7.565304059977842
80,145,3.6249642119115593
80,146,5.532899011905313
80,147,4.758678842925812
80,148,2.8265425066443113
80,149,3.5887947280632297
80,150,5.3347674623836046
80,151,3.699541602320277
80,152,3.1364659884796473
80,153,3.7779498542157883
80,154,4.950880165890362
80,155,3.030391014730288
80,156,5.475096303874999
80,157,3.8039370836231057
80,158,5.520035224115248
80,159,5.423880081062073
80,160,4.152341040667437
80,161,5.200533217426826
80,162,5.539511638141423
80,163,6.097326755759745
80,164,8.052810876478677
80,165,2.708067194627574
80,166,5.102076693489353
80,167,4.560038003625211
80,168,3.2874470343035425
80,169,3.559463333279714
80,170,3.219116460706678
80,171,4.497773333791262
80,172,6.101605008532631
80,173,3.3431527417825992
80,174,3.7020161470191497
80,175,2.9086968620839833
80,176,4.014740180240381
80,177,2.94782212487291
80,178,3.7901138034384028
80,179,4.290949238371316
80,180,2.7835316462717037
80,181,3.1362724260976917
80,182,4.004306460148781
80,183,4.372123013011883
80,184,3.6818586108822804
80,185,7.618090365114078
80,186,4.370298639030457
80,187,3.0741850298788966
80,188,6.926637515451873
80,189,5.920901086112696
80,190,5.442418638366558
80,191,3.3647610732351594
80,192,3.656003759182307
80,193,4.49290454237129
80,194,4.484355333005844
80,195,2.6937175708008585
80,196,3.736910311458357
80,197,2.887945113612608
80,198,3.7116698697598114
80,199,6.413643467842542
80,200,8.451544689775972
80,201,2.7333821711129485
80,202,4.483718587209723
80,203,4.245382784847364
80,204,3.426929607821802
80,205,6.01992506130147
80,206,5.752863581315222
80,207,4.8854194070350685
80,208,3.292321104904976
80,209,3.427127675494787
80,210,3.040321871313099
80,211,3.376018520557108
80,212,4.2680741376984965
80,213,3.928706999891301
80,214,3.5412236240633916
80,215,2.839007439321704
80,216,3.4469137991019156
80,217,8.775514445059217
80,218,3.7121002201773905
80,219,4.588192911024147
80,220,5.292116405146475
80,221,3.341761909555554
80,222,4.069547341717772
80,223,3.043754039446635
80,224,5.622424329416284
80,225,4.241346517037954
80,226,4.459982780011193
80,227,4.50821109748636
80,228,5.343741397251048
80,229,4.40286233361886
80,230,3.2498739623556077
80,231,4.766998365681993
80,232,5.238557578802584
80,233,2.9227265925606116
80,234,4.228085889775706
80,235,3.3917663993442657
80,236,4.595077302235859
80,237,3.193958272153114
80,238,2.922016096213173
80,239,3.3460653307998944
80,240,4.014965256957509
80,241,5.390806322016943
80,242,4.243285931450264
80,243,4.072094431342147
80,244,4.1689144448192215
80,245,5.84568765979864
80,246,2.772038993878986
80,247,3.825497072206223
80,248,4.31014496754941
80,249,2.8486661668158293
80,250,4.638126623484637
80,251,4.820521580585309
80,252,4.33949109592663
80,253,8.903461515878064
80,254,3.3948966091288786
80,255,3.3618349157850442
80,256,5.620944277154616
80,257,3.408103148489749
80,258,3.6218519920871186
80,259,3.9457412389509616
80,260,5.754187062148616
80,261,3.019087688175102
80,262,3.477014335964317
80,263,3.0377285537841474
80,264,3.089316764458639
80,265,5.688022751146491
80,266,4.8680884475261434
80,267,8.099638439554361
80,268,4.2080531774061125
80,269,2.8621153228596903
80,270,9.043802769077425
80,271,6.335403241296577
80,272,3.379622662998588
80,273,3.1543892159651703
80,274,5.932393242484789
80,275,2.994900445963071
80,276,3.453711593600101
80,277,4.555372898685673
80,278,4.136945773816245
80,279,5.527779106805316
80,280,2.810921554674984
80,281,4.15071702205445
80,282,5.529695660286115
80,283,3.9703973188984176
80,284,3.8830716977762814
80,285,5.198403119927865
80,286,3.0629306579791784
80,287,3.5290791161261232
80,288,4.362184809401883
80,289,5.342854929203892
80,290,4.690799774335795
80,291,2.664530944215331
80,292,4.179887332516948
80,293,4.328394899608616
80,294,2.80717664957931
80,295,2.7484127602445367
80,296,8.853576349660111
80,297,7.391484946001237
80,298,3.956790896274985
80,299,2.973200631596068
80,300,4.317723468632036
80,301,5.1853659247877895
80,302,4.292150687857178
80,303,2.9065077418184386
80,304,4.319041627445353
80,305,3.286416879997617
80,306,2.9583440250541293
80,307,7.166630424268212
80,308,3.3832904567700206
80,309,4.2227532098519776
80,310,3.792377336190619
80,311,3.051783019874493
80,312,3.488065348916344
80,313,2.745639741234298
80,314,5.653232426622709
80,315,3.8579333000487877
80,316,3.3253152068156306
80,317,5.485223373834616
80,318,3.897688865645971
80,319,3.2955002857181204
80,320,5.019485322715731
80,321,6.286911362404028
80,322,2.852006344729301
80,323,4.5327843932163985
80,324,5.139820700337284
80,325,5.131019768349948
80,326,4.320794611580769
80,327,3.09998930920752
80,328,8.392124219628137
80,329,2.7878226231923486
80,330,3.2402194225726197
80,331,5.756654144410396
80,332,5.2740200735376614
80,333,2.9354279825783203
80,334,3.860687405278575
80,335,3.522978409545262
80,336,5.241115016579265
80,337,3.077617712380684
80,338,3.6370691522103757
80,339,2.9873864297397175
80,340,3.060067565182621
80,341,2.723410302645262
80,342,2.8458799958016647
80,343,2.9819660200929
80,344,4.983316934587178
80,345,3.738373856454501
80,346,8.385171132543277
80,347,4.542172259095526
80,348,3.6435288828553114
80,349,2.815826545368768
80,350,5.55756672584764
80,351,2.6932777587864796
80,352,2.9632350571321604
80,353,4.916888776150065
80,354,4.950798548992057
80,355,4.3270334682481675
80,356,2.954565117433271
80,357,4.791705907591935
80,358,2.937380090688453
80,359,3.898557070480736
80,360,2.5407394719184624
80,361,2.7598087353973058
80,362,7.295175172305897
80,363,3.542360796759835
80,364,5.264085906232735
80,365,3.164929150265856
80,366,3.45573728668515
80,367,3.8870433795505273
80,368,5.9610789905193675
80,369,2.875244497945143
80,370,4.262176926605116
80,371,5.455391408277679
80,372,3.4788863950454214
80,373,3.6150514416233204
80,374,3.7281339931324884
80,375,6.394274972045321
80,376,6.48960176913991
80,377,4.13403210393228
80,378,4.066487772805684
80,379,2.819624506433528
80,380,3.4522649981591758
80,381,2.8760774746960314
80,382,3.309548791408972
80,383,2.707278370309835
80,384,2.79320094564933
80,385,3.4001222598995398
80,386,3.358291262396706
80,387,2.767427440396853
80,388,2.9581730339733276
80,389,3.023247462901445
80,390,5.047812535342678
80,391,4.150791002284291
80,392,5.8567440527483505
80,393,3.098207359577165
80,394,3.320808053003619
80,395,3.0222197256927408
80,396,2.6540535840420545
80,397,2.572144483345669
80,398,4.823102683253939
80,399,3.756807950010477
80,400,5.389292371780637
80,401,3.3540815159517887
80,402,2.667336042843546
80,403,3.770019858194362
80,404,3.133655024799608
80,405,5.777501166162629
80,406,5.335189358201579
80,407,3.5060779820059844
80,408,3.5807559897867165
80,409,3.399209784640225
80,410,3.4523929717009065
80,411,2.9625638742285254
80,412,3.3775002156843104
80,413,4.941511218575731
80,414,3.65007924720967
80,415,2.6221680446158127
80,416,6.314379323623212
80,417,4.2367459791829365
80,418,3.9810775878887
80,419,5.072927283095578
80,420,3.3136538342231407
80,421,2.902307590811393
80,422,5.800708735227446
80,423,2.8923277836254626
80,424,3.3231862348048957
80,425,4.409333457510321
80,426,2.8088156093801357
80,427,4.734783672955891
80,428,2.946078750626324
80,429,7.261404375952618
80,430,3.7595173951611844
80,431,4.17981578567169
80,432,3.5052494165282964
80,433,3.7172368284881743
80,434,3.892622979020506
80,435,2.8278067826856015
80,436,3.6108358501896882
80,437,3.5449825119847134
80,438,5.526542356029024
80,439,3.525452756870832
80,440,3.549182295164514
80,441,2.754715293292867
80,442,6.345418110592745
80,443,2.6028093185166417
80,444,3.2930177738454796
80,445,2.8708519068719416
80,446,2.7323491884829543
80,447,4.110912992885833
80,448,4.461355365129636
80,449,2.97404234862719
80,450,6.2728968571836505
80,451,5.36872736247718
80,452,5.1092582226034855
80,453,3.8916213547850806
80,454,5.6190414427800075
80,455,4.145074597627281
80,456,3.565256386199022
80,457,5.430267360732271
80,458,3.035792693522136
80,459,2.9586115486779723
80,460,6.140090496129717
80,461,5.396508174603763
80,462,3.7784423203559516
80,463,5.091250867767581
80,464,3.6867998228948973
80,465,4.6964739523632
80,466,2.8379284846667017
80,467,2.80337480547455
80,468,4.801351378941302
80,469,4.178323867087213
80,470,3.1150527718363645
80,471,3.206528074276651
80,472,3.4090513104778046
80,473,3.9284724340395982
80,474,3.0603550645162105
80,475,3.266477992055139
80,476,3.7504977014918723
80,477,3.4803582166226135
80,478,3.0890321465778845
80,479,3.8656255991638417
80,480,3.293668927513646
80,481,3.1802344279424144
80,482,7.914248646249826
80,483,2.833743661049217
80,484,3.091895573143808
80,485,3.179408017847076
80,486,4.924450968771555
80,487,3.016064809080739
80,488,10.137530748907915
80,489,2.8608136548327865
80,490,3.992672486994465
80,491,3.0648642125894363
80,492,3.186488060921971
80,493,2.8938225111940143
80,494,3.732472226082304
80,495,4.675791958630436
80,496,3.414090457198634
80,497,6.84297453211875
80,498,5.963141504421724
80,499,3.5239499280681605
90,0,4.607683289638183
90,1,7.5726647338855
90,2,2.914308436266234
90,3,16.137678699405203
90,4,3.3077719632425353
90,5,6.131587044614091
90,6,13.993014365264617
90,7,3.621299227959692
90,8,15.2190574831703
90,9,6.3853226715031495
90,10,14.390660054908537
90,11,7.028876970364316
90,12,5.438654431735233
90,13,6.601788439885358
90,14,7.250914735944714
90,15,5.42279486394359
90,16,5.418437090416834
90,17,3.186514667419755
90,18,6.87274556087798
90,19,4.105612150772119
90,20,4.176365363049557
90,21,3.1564761022364136
90,22,3.979811140678245
90,23,10.514629439589317
90,24,7.53544381877796
90,25,10.576558514915597
90,26,3.6808951339989844
90,27,3.5538594592593844
90,28,6.955107978713677
90,29,12.754674672292735
90,30,4.648518074746243
90,31,8.06524535982231
90,32,10.244335153674747
90,33,7.020526406890456
90,34,3.161354059046072
90,35,3.031800343432477
90,36,10.081779755042506
90,37,4.660099011384289
90,38,3.239002336374976
90,39,8.826561783006328
90,40,5.05159689872042
90,41,9.868992503963513
90,42,5.090724110461059
90,43,11.903661047480085
90,44,11.946087189165075
90,45,8.778428832628983
90,46,9.004898111175796
90,47,6.588247471229606
90,48,7.939716635321632
90,49,6.540389187682322
90,50,4.7744933282322775
90,51,8.530370633574956
90,52,8.577935305054828
90,53,9.318617138135918
90,54,4.202694671920091
90,55,4.60065672029355
90,56,4.412219715825657
90,57,3.8828837044881546
90,58,11.98780305892206
90,59,11.9111816812863
90,60,4.124715207273903
90,61,4.599452724285512
90,62,10.032318895434619
90,63,9.368347407809342
90,64,2.941644510793899
90,65,7.69575076893728
90,66,3.4948786756744106
90,67,3.560275400281244
90,68,4.61915384456444
90,69,7.250809450607402
90,70,14.147506102486247
90,71,9.227354767459687
90,72,3.4337703626235005
90,73,8.603190757132928
90,74,3.4389999963699394
90,75,13.337678308429092
90,76,16.99014700748495
90,77,6.973121770502635
90,78,3.0217637190164854
90,79,5.418884388782734
90,80,3.100683304428373
90,81,8.818781508381669
90,82,4.221378995007896
90,83,8.819094678721504
90,84,5.00800945354291
90,85,4.786400798307074
90,86,23.95591589869371
90,87,10.275915524019783
90,88,3.504077004241299
90,89,9.284944880373633
90,90,5.773244105669961
90,91,6.686179322818328
90,92,4.928666796563949
90,93,6.894102971358951
90,94,6.338869709357013
90,95,15.65910870483996
90,96,5.882532988428388
90,97,5.889079400636607
90,98,9.471792764827667
90,99,4.52115408794437
90,100,7.339140713578897
90,101,14.363915798290005
90,102,4.597848453078119
90,103,4.342775036375042
90,104,3.2405862324676376
90,105,9.413253011815764
90,106,8.973849982901402
90,107,7.018883785878864
90,108,23.181465224171276
90,109,5.177977100302827
90,110,4.318432946919788
90,111,11.207564005623214
90,112,3.5660274690422877
90,113,4.645360991150333
90,114,6.298750587414364
90,115,7.837141282248152
90,116,9.915521410939325
90,117,3.525447250041554
90,118,4.340243078097778
90,119,12.56765229436084
90,120,3.8245790253126617
90,121,6.06861837641472
90,122,15.496665530218573
90,123,4.727701292665511
90,124,6.564030740715179
90,125,13.643913852406321
90,126,5.097680513414583
90,127,3.524717061507425
90,128,3.131223792114472
90,129,3.4919226842109983
90,130,4.590396785069731
90,131,6.190471049992172
90,132,20.05420081967663
90,133,12.69245420338494
90,134,7.106244917413161
90,135,29.77601114266697
90,136,8.802014784497452
90,137,3.6632610548964566
90,138,10.568282193579988
90,139,5.420913855768675
90,140,6.642902706375882
90,141,11.676239108319928
90,142,3.8758932017419205
90,143,8.509505336001393
90,144,9.908932408375009
90,145,4.371262500095494
90,146,9.087033885785033
90,147,3.074636752283176
90,148,4.111790606442496
90,149,5.521447386317805
90,150,3.386710422671225
90,151,5.609808846088104
90,152,3.9550575067943283
90,153,4.220861487741488
90,154,10.19393164459783
90,155,3.6396768433533575
90,156,8.61619513731663
90,157,3.395321829491463
90,158,15.956030393390874
90,159,12.747125610083303
90,160,5.09933979952963
90,161,3.6111093022577467
90,162,4.299705377078398
90,163,13.020017527348333
90,164,3.305215516525006
90,165,9.571109449684652
90,166,3.7124626326341246
90,167,12.642977892391396
90,168,4.792758597446604
90,169,3.1854847115361107
90,170,10.142843402584141
90,171,10.277850923824818
90,172,7.815802798333518
90,173,15.509686015978167
90,174,30.078328348125076
90,175,3.1677016940342213
90,176,25.28294787634007
90,177,6.886551786192868
90,178,9.371985740922963
90,179,10.587627979141654
90,180,16.709870787687784
90,181,6.442815886065248
90,182,5.042257811724844
90,183,3.2519005788715294
90,184,14.328811709365434
90,185,6.547291632104895
90,186,7.092842619217108
90,187,4.203474327892218
90,188,4.086370813320795
90,189,7.323170062399763
90,190,11.931443811659598
90,191,13.928119620149435
90,192,22.1093759078104
90,193,2.9566709945696763
90,194,3.377768584905667
90,195,17.105247862753526
90,196,9.201519285771832
90,197,7.871431957378317
90,198,4.897185777852894
90,199,4.189914283106882
90,200,11.12376276138192
90,201,7.023729501078066
90,202,3.6477833792283145
90,203,14.317828658860224
90,204,8.63085718031512
90,205,9.900412980618308
90,206,3.2869660067939885
90,207,3.3714702993318264
90,208,3.8912192572691606
90,209,4.703591354261508
90,210,3.161553298190311
90,211,4.864685267301479
90,212,9.177703811517722
90,213,3.4539820635154235
90,214,4.945876693920015
90,215,17.676462294313957
90,216,5.018423415015799
90,217,3.8431273344182357
90,218,3.473841724375883
90,219,9.239048072862031
90,220,4.8649021425630865
90,221,18.236323677758445
90,222,27.835191384314292
90,223,4.358942775167894
90,224,11.621092450805008
90,225,12.278680898977349
90,226,25.079011166864102
90,227,8.990164487588173
90,228,7.6346947976369455
90,229,19.409114661045837
90,230,14.746223794452874
90,231,6.554587118727426
90,232,2.7764828405836797
90,233,14.936050546025168
90,234,3.895828019205185
90,235,16.129526114389385
90,236,14.990512712973485
90,237,19.35109309436005
90,238,5.182189528078857
90,239,3.552332622806648
90,240,10.050105042955618
90,241,4.9046322003574945
90,242,3.654015207529807
90,243,8.566483374987511
90,244,3.053827690366503
90,245,12.981877741891056
90,246,6.765454484810318
90,247,15.814489044027813
90,248,3.9869314619004745
90,249,8.44828602639743
90,250,8.198572260842287
90,251,9.962309773689416
90,252,8.402944124111734
90,253,7.413238731621616
90,254,3.65466392203298
90,255,3.6210821329271665
90,256,6.130053089335684
90,257,5.611183261463625
90,258,8.057183375830567
90,259,5.921314673970848
90,260,4.101288948807458
90,261,9.80367925677711
90,262,3.2046812400911806
90,263,3.211892340483793
90,264,6.986433241640464
90,265,5.565319617991157
90,266,3.453564514253469
90,267,12.02875170457568
90,268,6.549347163716604
90,269,4.700008715003457
90,270,11.400599441614249
90,271,8.522346903176695
90,272,4.292184782441802
90,273,5.101370209745958
90,274,12.38178157450978
90,275,3.50319512039808
90,276,7.933142305942292
90,277,3.344668622853117
90,278,6.428744733184399
90,279,10.58838032291058
90,280,4.162320916254607
90,281,6.766849892786015
90,282,3.662947913004042
90,283,3.4604902472754513
90,284,3.2223043651357903
90,285,8.211757396717724
90,286,4.699604547556631
90,287,6.962555956857332
90,288,16.316810977615845
90,289,7.037309667414825
90,290,8.635040580204727
90,291,2.7345050354662592
90,292,7.455475175284966
90,293,5.786071906046174
90,294,3.6164821927020503
90,295,3.0694920816398743
90,296,5.6490731587811265
90,297,6.224056073978126
90,298,7.053021185322121
90,299,6.82895795778167
90,300,6.522821367046562
90,301,12.092541319902766
90,302,7.4413865528707825
90,303,5.457137760534696
90,304,8.423649552016187
90,305,3.6747350956662763
90,306,5.124548099124607
90,307,3.1391580766765523
90,308,5.160589996219935
90,309,7.9009791257877735
90,310,8.672714300322804
90,311,4.871851449373171
90,312,5.478308162248016
90,313,6.599776539269585
90,314,4.359065146505137
90,315,9.937659686777561
90,316,19.72981894050174
90,317,5.318791618553041
90,318,3.1412803873304207
90,319,11.841599254304022
90,320,2.806305509003954
90,321,9.08994799152289
90,322,3.8483002253094782
90,323,15.822934481096691
90,324,8.421739044578906
90,325,4.527986733424381
90,326,11.649246569742203
90,327,3.4716551981955743
90,328,6.184183521243226
90,329,6.345011492010968
90,330,6.537244534455139
90,331,20.392848791197636
90,332,18.400934229904585
90,333,9.266460478591872
90,334,3.1763369145280826
90,335,3.043625125137501
90,336,3.505444188227226
90,337,10.592616718044091
90,338,4.091291706237461
90,339,5.671947302361044
90,340,12.358949522318863
90,341,8.903657470462782
90,342,15.691013157978569
90,343,4.003470863154483
90,344,3.3812908917222377
90,345,10.912928149719587
90,346,6.242607484729852
90,347,2.874467331863183
90,348,20.540526770301742
90,349,5.359640684248253
90,350,11.886203891687702
90,351,6.207123732059212
90,352,4.511030254914982
90,353,6.057954786882826
90,354,5.414076428254861
90,355,3.8194138164744
90,356,20.43199899092848
90,357,3.0937162355590497
90,358,6.523101100564938
90,359,7.277403149128806
90,360,4.197932194542784
90,361,9.160248455525094
90,362,9.95673859619868
90,363,4.705025228951214
90,364,9.24673157889735
90,365,4.2500275679348025
90,366,3.907388033501318
90,367,12.623442584522982
90,368,5.302653534712008
90,369,3.194172630575512
90,370,14.996541346293448
90,371,3.538954339574192
90,372,7.876685363070474
90,373,13.291854677921549
90,374,3.368747300512751
90,375,8.0648990019482
90,376,3.342849081470353
90,377,9.414594398205027
90,378,9.695782243287292
90,379,5.785102733930812
90,380,2.9056058075463866
90,381,7.348357842555687
90,382,14.762290648637219
90,383,9.383138975369548
90,384,17.450092881479534
90,385,5.022449264788552
90,386,11.668406878521981
90,387,2.973135463007784
90,388,9.25473341210257
90,389,8.135559140059671
90,390,4.210689428702701
90,391,14.253326667723073
90,392,5.059639826532131
90,393,5.426505669382454
90,394,14.498806908331314
90,395,9.99073395875122
90,396,3.033728553761578
90,397,6.150264211780104
90,398,5.9799061973117436
90,399,8.952094841417978
90,400,6.498435917232581
90,401,6.715045669869903
90,402,2.7102736463429773
90,403,5.667148989532663
90,404,4.874869181365482
90,405,3.1663387260806175
90,406,5.510197829882009
90,407,3.7758629016855245
90,408,5.342652050043423
90,409,8.030539808354467
90,410,3.3651974057775744
90,411,19.946938436698957
90,412,7.5441156046218625
90,413,6.509133505790839
90,414,5.255836289765291
90,415,10.568395910819326
90,416,4.329007155409047
90,417,3.3702583582239933
90,418,4.370298268327002
90,419,7.261680900585441
90,420,4.006790200821831
90,421,7.9409491295675885
90,422,11.292959460627946
90,423,5.269063227677542
90,424,4.012888160588912
90,425,15.157640318458487
90,426,10.180572522769323
90,427,7.709257415353341
90,428,4.213126357675019
90,429,6.882122245274298
90,430,6.389530522950041
90,431,3.303874089348235
90,432,7.302799194677534
90,433,5.500040586372026
90,434,6.02359023049644
90,435,4.544198463794928
90,436,9.127245742888814
90,437,17.65401963280607
90,438,4.67195617268821
90,439,3.503886152622215
90,440,4.541917197395527
90,441,14.444780156721054
90,442,13.455894775993317
90,443,9.77608481162731
90,444,6.018460926886397
90,445,4.534604470232773
90,446,10.083445595516778
90,447,7.53574682257135
90,448,4.340811383508128
90,449,7.142956704766309
90,450,7.715241308173819
90,451,4.029794843956734
90,452,4.842483169139599
90,453,3.5848305416012773
90,454,7.910303470253617
90,455,4.982285162828074
90,456,9.2232200215003
90,457,4.00678963960583
90,458,7.151885633758826
90,459,11.820602621153046
90,460,8.007113154621369
90,461,3.501130854704045
90,462,9.67788798325822
90,463,6.826494354840768
90,464,4.610316487176978
90,465,15.317734132920998
90,466,12.076863525409133
90,467,5.951081190636076
90,468,4.288173315945366
90,469,2.9651384308540956
90,470,3.498526213736727
90,471,7.606414437803888
90,472,17.89184172788834
90,473,3.8946381106966332
90,474,5.000816435756525
90,475,4.438143246518332
90,476,2.9419755863318025
90,477,8.29527119222698
90,478,4.903188302063973
90,479,14.855706648743007
90,480,15.980663073128497
90,481,26.27425226485103
90,482,5.128191681715797
90,483,3.337992211787477
90,484,4.279767750655347
90,485,9.230113695735096
90,486,10.491576358532672
90,487,8.684844015981176
90,488,4.156906147316131
90,489,6.129961043854861
90,490,3.262868540376337
90,491,3.632596264528347
90,492,7.190173405300217
90,493,18.515170321689315
90,494,2.852087769810262
90,495,6.885227613381464
90,496,4.941280567587819
90,497,3.851677264461895
90,498,4.93522620213365
90,499,6.474499366007469
100,0,4.285490764099716
100,1,10.242565505743695
100,2,10.761790126473231
100,3,5.110752639905363
100,4,4.348155952631919
100,5,4.109774571339004
100,6,10.149358936983909
100,7,3.72473383769211
100,8,5.1481515386328125
100,9,9.537570659606573
100,10,10.76833263232081
100,11,4.942970837500906
100,12,14.49502983904761
100,13,5.579251856127131
100,14,8.701883409770998
100,15,5.136330228760328
100,16,3.937420813020235
100,17,3.403390052796864
100,18,6.47659374604575
100,19,4.257905534713954
100,20,9.814779770238047
100,21,4.184657229767619
100,22,19.205778906136324
100,23,18.876550301631656
100,24,9.959315488209313
100,25,2.9605447840371024
100,26,7.934030526791855
100,27,3.5062332727245793
100,28,8.980061183983224
100,29,2.909220163543347
100,30,3.050082685505173
100,31,4.976887145887618
100,32,6.188391613471935
100,33,3.1790308224309634
100,34,2.6656422487391893
100,35,9.419375893241117
100,36,5.044132278979468
100,37,4.926492738651803
100,38,11.4051659521797
100,39,4.901370278179686
100,40,4.9069757470969595
100,41,6.277054908138395
100,42,12.709705760696282
100,43,2.7359843864137545
100,44,3.5950171371504074
100,45,3.9682410475170915
100,46,9.800087138464082
100,47,3.8829733194095413
100,48,18.507836517194022
100,49,5.344796408177667
100,50,16.328869181851456
100,51,4.566706681150657
100,52,10.45293533805341
100,53,15.974130209380535
100,54,10.187559396198226
100,55,23.4798881521279
100,56,9.206093305733933
100,57,4.185409365454482
100,58,8.471396278674554
100,59,3.0495217755962405
100,60,3.3921782185305522
100,61,4.6222924275784685
100,62,4.453805859899229
100,63,4.5575931780754395
100,64,7.827476326216113
100,65,4.409202360920064
100,66,3.5798096600770397
100,67,2.8861664233882918
100,68,3.107784601973865
100,69,30.353712190062975
100,70,4.836506724151694
100,71,15.636685045699018
100,72,8.604933678362004
100,73,3.6497522542859806
100,74,16.832774602947588
100,75,13.915087137239095
100,76,5.228271078705173
100,77,3.1819489860368013
100,78,9.647326693050896
100,79,6.307743589653531
100,80,3.0107709636467583
100,81,13.176942426606407
100,82,3.459875622083188
100,83,11.341500649648214
100,84,10.853726333985925
100,85,5.33401533971777
100,86,6.777563741352377
100,87,8.458686691408342
100,88,4.0332045451506415
100,89,5.1262056382528804
100,90,3.8166183671816403
100,91,4.977644704228845
100,92,8.908048200040103
100,93,3.1007089282256826
100,94,8.801304916333853
100,95,7.368792515420211
100,96,6.1976930316252
100,97,21.437942950359297
100,98,7.769655912756884
100,99,6.874392149846142
100,100,11.703555734468337
100,101,6.825313483104997
100,102,16.005752355958837
100,103,6.837920032199989
100,104,11.562591426193077
100,105,11.71351791500087
100,106,4.001341007627599
100,107,2.7936485907108723
100,108,2.787581746101435
100,109,3.531194651925113
100,110,5.398369563551482
100,111,2.8794559319056474
100,112,4.379805532265914
100,113,3.296113654521892
100,114,3.836331278463453
100,115,2.9879804173506144
100,116,7.267159655681191
100,117,3.7407324689197803
100,118,3.2325267702792817
100,119,3.4102980221362396
100,120,6.17863065688613
100,121,5.96309674498059
100,122,4.952207881861947
100,123,2.9424820923139396
100,124,9.741710830783456
100,125,7.9479586556110045
100,126,2.7088592358578194
100,127,8.651433825200106
100,128,3.960798855894176
100,129,8.716616937029361
100,130,7.259263393729065
100,131,6.988048146279431
100,132,4.5637641674997855
100,133,5.748918715698905
100,134,5.017200827689715
100,135,8.259173192287564
100,136,2.9626252018091668
100,137,2.9938907436543296
100,138,11.661638034259786
100,139,4.792585500931811
100,140,7.325342627414823
100,141,12.416251170730575
100,142,2.955351966507997
100,143,3.2711121963647356
100,144,3.625994881992191
100,145,4.202638900285988
100,146,4.138589892317464
100,147,8.170893054031923
100,148,3.9662298553984563
100,149,23.58669335862894
100,150,14.272506813437884
100,151,4.786944520539244
100,152,2.7466182788103355
100,153,3.0810947084594393
100,154,12.196772346227235
100,155,3.447253627416895
100,156,6.975125309936002
100,157,6.233434357211604
100,158,11.924368660086406
100,159,4.8321685684028575
100,160,7.8967255040158175
100,161,5.0435599019594735
100,162,4.491623380918186
100,163,10.255237641744852
100,164,3.102325534738355
100,165,5.418628795910263
100,166,3.309193958489723
100,167,6.316566866799501
100,168,3.1028528175850822
100,169,16.95835457669503
100,170,3.2908543251192564
100,171,2.932736703580335
100,172,15.23346310841924
100,173,6.112245345749118
100,174,11.356323794315552
100,175,3.257504021046528
100,176,6.739379104096039
100,177,5.8780242698730225
100,178,3.9055966056102105
100,179,3.9830964985339326
100,180,4.208148865303583
100,181,8.500067316976082
100,182,3.6204715279776676
100,183,14.05112552333013
100,184,4.129215004534911
100,185,5.930752079292342
100,186,4.318217908613812
100,187,17.087624645157355
100,188,4.502942517046632
100,189,21.95565504313655
100,190,4.175031312827996
100,191,4.4943324156993425
100,192,10.299800474060957
100,193,3.1653900042947813
100,194,10.924718086308365
100,195,10.275010409212456
100,196,7.633192876072546
100,197,27.804595561501
100,198,8.220243322306427
100,199,8.64175671369739
100,200,8.714251996693744
100,201,2.966840217669509
100,202,4.286256328946919
100,203,6.090896238284682
100,204,4.269297367467323
100,205,3.3375707986283487
100,206,6.0174863256446995
100,207,3.6032599306141546
100,208,3.560842200553572
100,209,6.027821604136852
100,210,3.564009763545839
100,211,9.73500618725118
100,212,2.9062510414332117
100,213,12.851403849977206
100,214,5.6492779979048215
100,215,16.98300844867523
100,216,17.997234463978874
100,217,10.25232935858769
100,218,11.061307846826281
100,219,3.573113618676011
100,220,3.194453574552337
100,221,3.4559299226085525
100,222,2.9284205894263446
100,223,15.144391407750897
100,224,9.92129626367557
100,225,12.28394989279567
100,226,9.738357046682705
100,227,12.333711384897931
100,228,14.003407568489447
100,229,7.5538135499978925
100,230,7.1171938133636425
100,231,7.18698867040726
100,232,20.518294240326554
100,233,10.086366500483775
100,234,5.394902956934259
100,235,2.9128130896258955
100,236,7.788863811381792
100,237,10.45515504031485
100,238,6.476372075704746
100,239,5.8936056738370555
100,240,14.812859631630674
100,241,13.583681792545796
100,242,4.651653702107713
100,243,7.243997071982418
100,244,2.797394283085821
100,245,14.13423010470872
100,246,3.350388686826212
100,247,5.574568233045872
100,248,17.480590750061396
100,249,3.7893101140725025
100,250,3.8447333574729887
100,251,5.010030930339728
100,252,11.474619942422544
100,253,12.76172900068897
100,254,2.822021936826443
100,255,22.180198674376346
100,256,7.939885037250769
100,257,5.700290963559276
100,258,15.387024131969124
100,259,12.333165156140392
100,260,3.313059373700503
100,261,12.056897192754185
100,262,4.915766893827332
100,263,6.610237895981982
100,264,9.162749326144395
100,265,4.421028375809862
100,266,12.790764093916692
100,267,9.71952570187619
100,268,3.133670186639715
100,269,6.919297959194257
100,270,4.722843657554787
100,271,5.68680683152646
100,272,4.1627562424433995
100,273,5.4634802116425085
100,274,8.681124138660815
100,275,7.89119896303308
100,276,5.183837668655482
100,277,5.826545674430318
100,278,6.003292573086315
100,279,6.137724737071482
100,280,3.96622222968976
100,281,8.474937972153267
100,282,7.281984124615583
100,283,7.00537745937915
100,284,5.017778295381654
100,285,4.299237002715071
100,286,3.845711878420145
100,287,5.6245880299918
100,288,4.008281853786648
100,289,20.863644546922814
100,290,3.256892059371828
100,291,7.567600677955414
100,292,3.878408654429072
100,293,14.781507340231798
100,294,13.070290580434296
100,295,18.33450609372627
100,296,8.58148805138939
100,297,10.50456880268051
100,298,4.751591689865403
100,299,4.633139521183477
100,300,25.928747662827064
100,301,3.0791930701826886
100,302,5.3110682621071
100,303,5.081890740695946
100,304,6.24295961989619
100,305,5.63409191867298
100,306,5.969298122581848
100,307,10.218086101102015
100,308,11.34208390030876
100,309,6.713857161345368
100,310,5.642842773598445
100,311,8.908046920637672
100,312,5.957458468921542
100,313,5.494148647636569
100,314,3.9822163721751482
100,315,3.6611387327317204
100,316,5.068571506627185
100,317,9.607563227138517
100,318,4.065498180326594
100,319,9.815316801125109
100,320,2.6429830987552267
100,321,14.449569068627827
100,322,13.052201230058001
100,323,3.98564805716293
100,324,5.765416230924329
100,325,6.927784468675066
100,326,16.318655619142465
100,327,4.336207876844883
100,328,19.212071926142844
100,329,3.5717388587215755
100,330,5.942132373055496
100,331,6.318882586180229
100,332,5.06830601926336
100,333,3.1699222865049315
100,334,15.548849747098668
100,335,5.241367543871046
100,336,5.479130045853995
100,337,22.99153468214318
100,338,4.16811380118604
100,339,10.070955415182963
100,340,3.2175456825291655
100,341,3.509400040665906
100,342,3.0440402878788473
100,343,3.636719447203315
100,344,8.169962983326117
100,345,7.214675431967009
100,346,4.047201243388689
100,347,9.857063811211058
100,348,12.215286132138232
100,349,3.0072588917299745
100,350,7.60199049524875
100,351,13.579502611761654
100,352,5.296217061002267
100,353,15.323595103282077
100,354,14.730690929899069
100,355,7.392280654010808
100,356,3.7372922777398245
100,357,7.3840120076547855
100,358,4.514765086682255
100,359,3.7276897335095245
100,360,3.035261075431932
100,361,5.003422496826408
100,362,8.575294018735446
100,363,4.449755898945542
100,364,10.126173686683542
100,365,8.005353367526165
100,366,2.6690645130431805
100,367,4.134076859302054
100,368,6.062895207641647
100,369,2.8103692334983705
100,370,3.4364150664191344
100,371,9.110157115405036
100,372,14.002466434370094
100,373,3.208389048979434
100,374,5.9759468636187565
100,375,2.9880637341453284
100,376,11.940369674981756
100,377,9.160230244974658
100,378,6.382699966017141
100,379,5.047295541591243
100,380,4.157400163706365
100,381,4.1807861513244395
100,382,7.117697519803044
100,383,3.9227502223859454
100,384,9.836945037881863
100,385,7.000944328829287
100,386,10.066821949050558
100,387,3.1222172668327315
100,388,4.418517868153287
100,389,16.911208606823344
100,390,5.559898562870673
100,391,2.834896626786179
100,392,15.805418401300303
100,393,16.99611091934614
100,394,3.735181451896657
100,395,16.658602262749575
100,396,7.093395024549145
100,397,9.883575552918654
100,398,5.617725910363838
100,399,4.61364181491649
100,400,4.470371447410303
100,401,3.2316632288251723
100,402,5.511180340718944
100,403,5.40140870148313
100,404,21.96807034741732
100,405,4.050761471934318
100,406,7.396687193641272
100,407,8.667526123852998
100,408,3.1616615416337694
100,409,12.809043481388978
100,410,5.098378626465503
100,411,4.225659046064047
100,412,3.5504572484678314
100,413,12.908545524802491
100,414,8.00650375095347
100,415,3.360872877858735
100,416,3.384228864103845
100,417,4.398461636630169
100,418,4.770475759793822
100,419,6.601712963526315
100,420,24.081581578878
100,421,2.9831069116450175
100,422,6.882406549443413
100,423,3.5182110288090818
100,424,3.1471942876094143
100,425,4.550967202289649
100,426,4.28508875294873
100,427,6.605266234761492
100,428,15.884913320553338
100,429,4.862430746614932
100,430,12.1820581007988
100,431,4.498026516667749
100,432,3.362298071374112
100,433,3.425911402619751
100,434,9.732558254141722
100,435,3.0850240241996327
100,436,10.989082872802275
100,437,9.925276487890027
100,438,12.673465971618842
100,439,15.059859696290895
100,440,7.299535030808473
100,441,5.442442450145377
100,442,5.674859918563525
100,443,10.142772094882929
100,444,7.202251300181365
100,445,4.811100961412661
100,446,14.504779815033112
100,447,17.47534194219118
100,448,13.38711455310715
100,449,14.482426455132442
100,450,7.07692420303287
100,451,7.270665480278064
100,452,14.038372361468307
100,453,11.110432463806609
100,454,9.630793603914217
100,455,4.005118625175744
100,456,4.851190586835906
100,457,7.721874842807969
100,458,5.023771134345992
100,459,12.445886237552724
100,460,5.087100291915567
100,461,3.9477711694627295
100,462,3.521323661276999
100,463,3.176598168756883
100,464,12.533216372779451
100,465,12.009029457997965
100,466,4.414666389365521
100,467,4.028960251558946
100,468,10.981250727403548
100,469,3.6719595407812244
100,470,5.923533003571113
100,471,3.5854763717721156
100,472,3.0720641411634872
100,473,8.875900682742005
100,474,6.9691641486106874
100,475,3.580241960771116
100,476,8.973444950814127
100,477,9.769608587900334
100,478,2.6609022784940075
100,479,19.61503045675333
100,480,31.168491316742973
100,481,5.437178590261254
100,482,10.451041365732019
100,483,7.496968214002636
100,484,3.0276569026283395
100,485,2.7280419272048015
100,486,3.2804287585883447
100,487,5.6287996548175565
100,488,8.19501493658474
100,489,3.9366129123816336
100,490,2.803400828126877
100,491,8.425430276294282
100,492,5.578544075368943
100,493,4.843176046812419
100,494,3.5965699360003165
100,495,15.558540059322395
100,496,4.160361606820198
100,497,23.23409566080652
100,498,5.184555740959144
100,499,5.791510693850188
